# Blender 4.4.1
# www.blender.org
mtllib Bowser.mtl
o Bowser.001
v 0.080551 2.429504 1.293502
v 0.180970 2.412606 1.296574
v 0.112128 2.436095 1.249205
v 0.170751 2.424610 1.253094
v 0.259986 2.411682 1.255319
v 0.225893 2.430915 1.220366
v 0.302347 2.468921 1.163918
v 0.235990 2.454042 1.174125
v 0.224318 2.536417 1.207170
v 0.203309 2.504992 1.209329
v 0.132973 2.548031 1.266047
v 0.145452 2.501503 1.240049
v 0.075786 2.485388 1.292444
v 0.115356 2.473546 1.247726
v 0.005041 2.440536 1.302349
v 0.005043 2.495855 1.303156
v 0.122166 2.597888 1.178705
v 0.004958 2.545449 1.276282
v 0.004731 2.609892 1.205110
v 0.222828 2.577075 1.133649
v 0.100551 2.659230 1.055633
v 0.004338 2.660298 1.081442
v 0.226632 2.622331 0.998092
v 0.095626 2.687165 0.925816
v 0.003881 2.694942 0.937619
v 0.200082 2.648768 0.890610
v 0.070906 2.411175 1.338303
v 0.166855 2.405031 1.337158
v 0.215161 2.399189 1.318166
v 0.005161 2.417948 1.340336
v 0.068073 2.440506 1.381285
v 0.158213 2.418706 1.392954
v 0.005279 2.443166 1.377241
v 0.063766 2.465963 1.457754
v 0.148502 2.430764 1.467626
v 0.005536 2.475941 1.458046
v 0.068871 2.444867 1.537548
v 0.131579 2.412839 1.540818
v 0.005779 2.455118 1.534529
v 0.209842 2.407917 1.394848
v 0.193227 2.397648 1.470806
v 0.172215 2.361344 1.529360
v 0.333075 2.387727 1.246779
v 0.340710 2.430931 1.171046
v 0.320255 2.349803 1.318086
v 0.300642 2.352324 1.388146
v 0.279935 2.335356 1.463888
v 0.227402 2.333983 1.522986
v 0.402073 2.315068 1.232346
v 0.414805 2.362381 1.171338
v 0.366371 2.267575 1.300529
v 0.331192 2.268296 1.385271
v 0.286364 2.255970 1.491699
v 0.218678 2.261703 1.554154
v 0.414145 2.226995 1.211551
v 0.453557 2.285276 1.154238
v 0.364633 2.184422 1.274101
v 0.330258 2.165340 1.365846
v 0.281923 2.178504 1.478057
v 0.302401 2.514338 1.090798
v 0.348502 2.457824 1.078051
v 0.439409 2.389175 1.068936
v 0.491700 2.305220 1.062539
v 0.313570 2.539088 1.004408
v 0.394432 2.453944 0.969941
v 0.440480 2.393946 0.976716
v 0.503520 2.298125 0.953647
v 0.291998 2.607147 0.942139
v 0.259081 2.632434 0.859685
v 0.345699 2.543916 0.973904
v 0.395188 2.495565 0.947991
v 0.420966 2.414567 0.862883
v 0.415708 2.454270 0.854614
v 0.369237 2.424212 0.740924
v 0.375452 2.481091 0.750780
v 0.292600 2.517342 0.681156
v 0.310271 2.542951 0.717854
v 0.198343 2.631538 0.737680
v 0.262977 2.609803 0.765514
v 0.098401 2.679136 0.770414
v 0.003359 2.695343 0.773366
v 0.445561 2.363093 0.853028
v 0.482791 2.286864 0.842429
v 0.410628 2.331403 0.737554
v 0.441921 2.253727 0.730951
v 0.198341 2.578007 0.639755
v 0.097804 2.634136 0.657543
v 0.002991 2.649072 0.657650
v 0.261098 2.500877 0.622470
v 0.337306 2.391449 0.612292
v 0.377118 2.315236 0.610548
v 0.402642 2.244237 0.613743
v 0.053426 2.358535 1.607949
v 0.103558 2.334082 1.593740
v 0.006008 2.368739 1.606550
v 0.040750 2.254672 1.619116
v 0.085216 2.275362 1.604789
v 0.006059 2.252902 1.622369
v 0.155869 2.302075 1.562492
v 0.145122 2.256743 1.572055
v 0.206787 2.211654 1.555750
v 0.043011 2.183164 1.553567
v 0.005805 2.173528 1.542686
v 0.074918 2.188316 1.558617
v 0.133827 2.164582 1.553115
v 0.194372 2.126848 1.511896
v 0.039126 2.113137 1.483473
v 0.005589 2.117494 1.474653
v 0.074961 2.102855 1.483607
v 0.119937 2.082917 1.467011
v 0.182316 2.064688 1.433256
v 0.270365 2.102330 1.421165
v 0.242071 2.070879 1.358865
v 0.400357 2.186437 1.176394
v 0.465800 2.230211 1.116823
v 0.337523 2.154497 1.228593
v 0.304519 2.118289 1.323825
v 0.347436 2.167160 1.120480
v 0.413389 2.182868 1.076201
v 0.298203 2.140018 1.195758
v 0.262397 2.099797 1.277758
v 0.493439 2.222011 1.038805
v 0.505528 2.193217 0.944478
v 0.502127 2.179389 0.844232
v 0.447586 2.151949 0.737829
v 0.420193 2.155023 0.629481
v 0.446422 2.156778 1.019253
v 0.466722 2.125756 0.963270
v 0.460874 2.084296 0.852687
v 0.407232 2.073261 0.753736
v 0.412585 2.056200 0.641742
v 0.097471 2.521714 0.547303
v 0.002677 2.534982 0.543222
v 0.100221 2.404382 0.473668
v 0.002434 2.420851 0.469358
v 0.180710 2.469326 0.544784
v 0.253182 2.395300 0.531325
v 0.311014 2.323205 0.514768
v 0.176999 2.367321 0.469722
v 0.245280 2.321210 0.463064
v 0.311708 2.271891 0.452714
v 0.384851 2.240931 0.528807
v 0.434555 2.205323 0.443862
v 0.373663 2.281116 0.558860
v 0.351487 2.314749 0.556489
v 0.435995 2.153182 0.551982
v 0.443596 2.036168 0.585607
v 0.556177 2.111676 0.466542
v 0.597267 1.936359 0.608312
v 0.166898 2.056298 1.352517
v 0.005382 2.091440 1.409407
v 0.058797 2.081351 1.423604
v 0.116477 2.064323 1.421782
v 0.166128 2.054459 1.393221
v 0.260601 2.162509 1.080247
v 0.220238 2.121599 1.171908
v 0.198778 2.078874 1.260804
v 0.005218 2.090534 1.357873
v 0.048839 2.082597 1.362947
v 0.107394 2.067206 1.358321
v 0.004911 2.099745 1.261647
v 0.053874 2.098045 1.262194
v 0.100351 2.092309 1.257544
v 0.004395 2.127964 1.099289
v 0.076133 2.125733 1.107846
v 0.134015 2.131090 1.128312
v 0.004049 2.120714 0.990502
v 0.097568 2.125581 0.985272
v 0.171638 2.141181 1.003979
v 0.003908 2.094429 0.946465
v 0.105487 2.089046 0.928783
v 0.235789 2.102629 0.968920
v 0.003976 2.024901 0.967753
v 0.111460 2.025115 0.952705
v 0.251195 2.048682 1.012957
v 0.004210 2.006145 1.041660
v 0.117721 2.009901 1.040721
v 0.261718 2.034114 1.119855
v 0.004714 2.036962 1.200007
v 0.089258 2.044843 1.210550
v 0.237958 2.032837 1.216614
v 0.004958 2.028519 1.276874
v 0.089284 2.044776 1.279819
v 0.200418 2.043464 1.286797
v 0.331530 2.117687 1.028257
v 0.350512 2.100731 1.048725
v 0.364166 2.052048 1.073289
v 0.388487 2.000716 0.944571
v 0.349235 1.990787 0.789854
v 0.362833 1.950616 0.685359
v 0.428762 1.908368 0.629264
v 0.510682 1.819828 0.641942
v 0.318969 1.977933 1.162201
v 0.338752 1.968705 1.066779
v 0.311820 1.946844 0.953314
v 0.278653 1.910685 0.821178
v 0.311416 1.867119 0.708176
v 0.402596 1.789356 0.650820
v 0.301192 1.883179 1.186441
v 0.294579 1.884854 1.080566
v 0.222251 1.886754 0.971879
v 0.214999 1.840214 0.840268
v 0.271396 1.798966 0.734204
v 0.343976 1.708342 0.676271
v 0.243328 1.807831 1.215978
v 0.237797 1.813799 1.118195
v 0.159881 1.830190 1.016137
v 0.152500 1.776847 0.862549
v 0.217449 1.726730 0.775871
v 0.270661 1.612796 0.752808
v 0.132521 1.755686 1.246664
v 0.112436 1.758624 1.145361
v 0.079330 1.805603 1.035097
v 0.082354 1.739986 0.880566
v 0.113999 1.661485 0.840026
v 0.140320 1.521342 0.818891
v 0.004889 1.748015 1.254706
v 0.004611 1.758356 1.149442
v 0.004733 1.790143 1.064181
v 0.005071 1.729974 0.890618
v 0.005882 1.639918 0.862475
v 0.007429 1.501964 0.842434
v 0.271984 1.903596 1.316583
v 0.234867 1.841865 1.343041
v 0.128250 1.809584 1.363807
v 0.005230 1.814893 1.362325
v 0.268498 1.982608 1.268531
v 0.212999 1.951820 1.388484
v 0.199284 1.884043 1.398403
v 0.117293 1.877065 1.410917
v 0.005288 1.876699 1.380373
v 0.212637 2.012928 1.344487
v 0.103493 1.961858 1.410406
v 0.005231 1.945397 1.362447
v 0.101711 2.020411 1.364883
v 0.005132 1.998648 1.331183
v 0.483532 1.750835 0.630451
v 0.410765 1.602404 0.618287
v 0.322197 1.489115 0.704150
v 0.187071 1.377030 0.798829
v 0.007285 1.373503 0.847062
v 0.785159 1.815880 -0.069983
v 0.884881 1.642347 -0.027684
v 0.976984 1.481390 -0.023955
v 1.052339 1.382675 -0.021537
v 1.100349 1.255090 -0.007983
v 0.841631 1.276457 -0.008857
v 0.763577 1.385284 0.001224
v 0.673578 1.534877 0.022257
v 0.586446 1.644652 -0.002693
v 0.798099 1.131269 0.055106
v 0.742038 1.255970 0.069641
v 0.675407 1.348330 0.073496
v 0.579049 1.462531 0.122465
v 0.512192 1.561020 0.150678
v 0.709660 1.120026 0.335813
v 0.677270 1.242754 0.334250
v 0.608006 1.336194 0.335921
v 0.545264 1.431212 0.330546
v 0.729456 1.149945 0.452437
v 0.721671 1.230912 0.444281
v 0.648834 1.339269 0.452566
v 0.579221 1.455212 0.466274
v 0.507811 1.573389 0.494551
v 0.819842 1.176423 0.590279
v 0.797583 1.256610 0.575688
v 0.731297 1.373516 0.582035
v 0.661934 1.502073 0.581413
v 0.569727 1.627182 0.591140
v 0.917181 1.210796 0.628754
v 0.884592 1.300417 0.633417
v 0.819643 1.414434 0.638020
v 0.750056 1.544341 0.633939
v 0.660337 1.665815 0.637722
v 1.028657 1.224622 0.608928
v 0.993682 1.328198 0.620588
v 0.930547 1.451572 0.624329
v 0.857832 1.574144 0.630210
v 0.774056 1.726844 0.626120
v 1.135197 1.243795 0.554910
v 1.107536 1.385896 0.533689
v 1.041913 1.524324 0.532258
v 0.971020 1.668974 0.529116
v 0.891198 1.805363 0.525312
v 1.212367 1.291997 0.457583
v 1.157830 1.428520 0.436468
v 1.091225 1.566761 0.410310
v 1.012372 1.714399 0.380557
v 0.931912 1.854177 0.385257
v 1.230630 1.307557 0.160459
v 1.160634 1.477990 0.136882
v 1.077663 1.572313 0.104464
v 0.981535 1.720337 0.092583
v 0.904507 1.837065 0.082914
v 0.582312 1.774825 0.637269
v 0.521699 1.710596 0.605173
v 0.509136 1.633356 0.553440
v 0.683790 1.847366 0.618893
v 0.776316 1.944887 0.522257
v 0.475804 1.527783 0.363695
v 0.567479 1.615841 -0.078185
v 0.529680 1.546075 0.094101
v 0.496559 1.533308 0.441036
v 0.406677 1.436347 0.544650
v 0.402069 1.297113 0.496891
v 0.350996 1.325441 0.648631
v 0.201776 1.253174 0.745903
v 0.006129 1.246074 0.803001
v 0.373166 1.174207 0.468808
v 0.310399 1.040703 0.405933
v 0.338449 1.215893 0.600330
v 0.314034 1.114147 0.560894
v 0.223162 1.006055 0.473787
v 0.182111 1.147437 0.670848
v 0.160536 1.071479 0.621241
v 0.115994 0.981818 0.522821
v 0.004845 1.135443 0.703376
v 0.003443 1.041814 0.620910
v 0.002325 0.974894 0.535837
v 0.831317 1.025217 0.612582
v 0.936197 1.053793 0.657693
v 0.845167 0.939459 0.628389
v 0.945653 0.965231 0.675844
v 0.879758 0.838006 0.628190
v 0.948917 0.853559 0.673395
v 0.907214 0.753857 0.620725
v 0.962243 0.769607 0.670420
v 0.676109 1.785616 -0.138707
v 0.798390 1.595580 -0.039724
v 0.884665 1.440183 -0.039068
v 0.951419 1.330658 -0.045448
v 1.021807 1.208885 -0.032519
v 0.866877 1.828271 0.003771
v 0.946422 1.696746 0.025634
v 1.043640 1.545182 0.035401
v 1.135448 1.435338 0.059474
v 1.194453 1.288956 0.077961
v 0.906016 1.158064 -0.018822
v 1.047651 1.073803 0.590820
v 1.050806 0.995439 0.596371
v 1.047655 0.868489 0.638999
v 1.038470 0.786868 0.636094
v 0.793753 0.998573 0.494702
v 0.899266 0.751017 0.569841
v 0.815149 0.917862 0.513364
v 0.854491 0.831522 0.536645
v 0.817856 1.982024 0.393133
v 0.642588 2.097949 0.361056
v 0.548492 1.428394 0.213272
v 0.619316 1.330928 0.188906
v 0.682869 1.247351 0.182977
v 0.731294 1.127566 0.175110
v 0.478060 1.512018 0.240615
v 0.496429 1.506756 0.255494
v 1.053510 0.866299 0.554590
v 1.136534 1.077177 0.542420
v 1.089907 0.975535 0.516703
v 1.047883 0.786257 0.578750
v 0.932584 0.759181 0.504692
v 0.983190 0.918532 0.442299
v 0.992607 0.853375 0.473961
v 0.909044 0.845006 0.454854
v 0.986362 0.770834 0.504088
v 0.878698 0.941467 0.395682
v 1.226891 1.066248 0.513135
v 0.894029 0.927299 0.284187
v 0.809473 0.990896 0.341494
v 0.834753 0.970823 0.233740
v 0.957567 0.898251 0.350134
v 1.230302 0.970709 0.508934
v 1.228431 0.882070 0.513311
v 1.117066 0.885299 0.505586
v 1.230493 0.793517 0.506267
v 1.136742 0.789693 0.513222
v 1.292144 1.091298 0.357716
v 1.289230 0.981100 0.365837
v 0.842854 1.028824 0.066963
v 0.781332 1.022147 0.207156
v 0.892420 0.968845 0.104578
v 0.922130 0.923476 0.198351
v 0.986156 0.876777 0.258123
v 0.926941 1.128936 0.641283
v 0.824968 1.098798 0.601285
v 1.036302 1.145033 0.599114
v 0.757322 1.071848 0.472600
v 1.135310 1.153778 0.552327
v 1.242775 1.163375 0.479733
v 0.757235 1.042513 0.327094
v 1.271755 1.185553 0.364938
v 1.225589 0.699140 0.488446
v 1.140583 0.695868 0.498668
v 1.026470 0.939332 0.475402
v 1.046652 0.864099 0.418247
v 1.023578 0.858488 0.497691
v 1.016409 0.772291 0.528595
v 1.258287 1.201054 0.265488
v 1.284364 1.104596 0.272785
v 1.243161 1.209142 0.165313
v 1.254693 1.106007 0.171448
v 1.287565 0.990330 0.285806
v 1.260948 0.897570 0.222763
v 1.274027 0.898679 0.377996
v 1.266690 0.989552 0.193200
v 1.264292 0.896074 0.301292
v 1.088654 0.761616 0.435429
v 1.269871 0.803746 0.384240
v 1.236590 0.814842 0.322186
v 1.246220 0.795419 0.247098
v 1.109949 0.683263 0.445332
v 1.212865 0.714657 0.368884
v 1.251083 0.697345 0.422140
v 1.145744 0.691013 0.375155
v 1.129734 0.766034 0.344820
v 1.217811 0.684267 0.324170
v 1.157874 0.676341 0.344808
v 1.075026 0.804892 0.330064
v 1.224046 0.679605 0.255018
v 1.245853 1.300647 0.256001
v 0.936060 1.851929 0.189016
v 1.189926 1.465021 0.223806
v 1.105130 1.578066 0.202231
v 1.020511 1.716274 0.210494
v 1.247639 1.285845 0.355480
v 1.022837 1.715149 0.285994
v 1.111643 1.574452 0.286339
v 1.184779 1.463004 0.312798
v 0.944963 1.856261 0.275723
v 1.195734 0.811567 0.167750
v 1.176986 0.674199 0.218299
v 1.109181 0.794447 0.190484
v 1.118896 0.666439 0.241258
v 1.059233 0.791960 0.269215
v 1.107913 0.669210 0.305323
v 1.150706 1.177464 0.016700
v 1.038668 1.125665 -0.032251
v 1.209247 1.199834 0.083268
v 1.177356 1.083715 0.029770
v 1.049861 1.028661 -0.018493
v 1.229851 1.101982 0.089695
v 1.202303 0.965181 0.027417
v 1.072717 0.944966 0.022021
v 1.247469 0.979640 0.113577
v 1.233600 0.878407 0.141221
v 1.209446 0.863649 0.041496
v 1.225607 0.778278 0.062965
v 1.194348 0.688107 0.158363
v 1.216460 0.684393 0.093376
v 1.031331 0.861803 0.163191
v 0.965620 0.921355 0.138320
v 1.128314 0.680287 0.168187
v 1.068078 0.767321 0.098407
v 1.089286 0.673078 0.119703
v 1.097433 0.758708 0.045049
v 1.110345 0.676400 0.063479
v 1.164334 0.766160 0.030284
v 1.169811 0.677689 0.049975
v 1.100421 1.157150 -0.014958
v 1.128936 0.954473 0.010541
v 1.111879 1.052722 -0.007101
v 1.084442 0.842212 0.041564
v 1.142986 0.852039 0.020951
v 1.056405 0.851840 0.086761
v 1.022596 0.934568 0.062972
v 0.983619 0.998600 0.005469
v 0.938691 1.075505 -0.013973
v 0.472539 1.394969 0.392286
v 0.517683 1.398080 0.225354
v 0.454876 1.246756 0.376943
v 0.529571 1.241389 0.209361
v 0.443653 1.071476 0.348560
v 0.577402 1.079803 0.253452
v 0.598409 1.479595 -0.088971
v 0.576306 1.426021 0.044885
v 0.630774 1.359518 -0.290798
v 0.640201 1.317714 -0.129430
v 0.602985 1.269094 0.038658
v 0.598996 1.542692 -0.265730
v 0.669359 1.143194 -0.144644
v 0.659156 1.107649 0.070226
v 0.598795 1.702374 -0.268683
v 0.614824 1.171144 -0.345779
v 0.465379 0.879440 0.356052
v 0.629819 0.882474 0.257124
v 0.735823 0.945724 -0.136331
v 0.719915 0.907836 0.071798
v 0.647817 0.985406 -0.305454
v 0.492513 0.648180 0.341465
v 0.636351 0.641158 0.239872
v 0.722724 0.718805 -0.120156
v 0.712538 0.673469 0.064815
v 0.675587 0.754654 -0.263786
v 0.519108 0.392915 0.324562
v 0.662450 0.395575 0.222351
v 0.735756 0.484361 -0.118810
v 0.728415 0.431217 0.052928
v 0.697659 0.528445 -0.247604
v 0.287683 0.870579 0.354603
v 0.313855 0.644165 0.336538
v 0.330576 0.388808 0.307271
v 0.191657 0.845538 0.334668
v 0.097635 0.862188 0.335153
v 0.000053 0.873663 0.341357
v 0.179576 0.652454 0.267730
v 0.104953 0.701708 0.219227
v -0.000375 0.740306 0.174996
v 0.183038 0.432507 0.234183
v 0.689639 0.239461 0.216113
v 0.726520 0.270151 -0.135974
v 0.733447 0.217416 0.029050
v 0.666614 0.317849 -0.270926
v 0.671124 0.036382 0.178667
v 0.697064 0.080646 -0.149050
v 0.697557 0.049740 0.010004
v 0.632545 0.117222 -0.283505
v 0.529368 0.006279 0.173401
v 0.563224 0.012117 -0.172916
v 0.559606 0.001450 -0.002117
v 0.392708 0.006494 0.172983
v 0.423493 0.006285 -0.181827
v 0.420408 -0.003635 -0.010314
v 0.242026 0.010711 0.173615
v 0.271105 0.015932 -0.191314
v 0.262776 0.010020 -0.010733
v 0.122580 0.040648 0.160604
v 0.161031 0.070562 -0.213170
v 0.124352 0.038337 -0.027766
v 0.088547 0.162880 0.112421
v 0.158024 0.176643 -0.224149
v 0.101921 0.140483 -0.064819
v 0.554812 0.047223 -0.288109
v 0.423564 0.029730 -0.297288
v 0.283364 0.047022 -0.298166
v 0.221977 0.090399 -0.288380
v 0.224586 0.167108 -0.296506
v 0.498641 0.687038 -0.401974
v 0.501767 0.484835 -0.384638
v 0.488460 0.321300 -0.363289
v 0.454238 0.125364 -0.357228
v 0.351686 0.630094 -0.470741
v 0.344337 0.479967 -0.393017
v 0.346592 0.326874 -0.359302
v 0.322381 0.121562 -0.344120
v 0.247121 0.341553 -0.315607
v 0.108054 0.336951 0.091544
v 0.225315 0.509797 -0.349485
v 0.168591 0.372058 -0.232877
v 0.116500 0.349423 -0.100789
v 0.107773 0.492903 0.105547
v 0.202699 0.292739 0.276715
v 0.141992 0.493338 -0.244956
v 0.109170 0.481389 -0.133045
v 0.540628 0.281258 0.332765
v -0.001431 0.630029 0.058491
v 0.337550 0.285405 0.323878
v 0.494909 0.873135 -0.429234
v 0.543023 1.090456 -0.474476
v -0.001430 0.293293 -1.046175
v -0.001431 0.840592 -0.833545
v 0.147383 0.825801 -0.810949
v 0.273076 0.765802 -0.744661
v 0.339688 0.696276 -0.647354
v 0.179493 0.525723 -0.403407
v 0.001875 0.590021 -0.284737
v 0.002748 0.544056 -0.939869
v 0.000660 0.729629 -0.871934
v 0.094605 0.688250 -0.872630
v 0.072056 0.401233 -0.978740
v 0.228756 0.627952 -0.802707
v 0.150508 0.373546 -0.923396
v 0.282729 0.551541 -0.702591
v 0.188554 0.353829 -0.836691
v 0.254117 0.469208 -0.586251
v 0.167053 0.303395 -0.762134
v 0.154353 0.424107 -0.486593
v 0.095051 0.260254 -0.709397
v -0.001137 0.418212 -0.444210
v -0.001430 0.247692 -0.686997
v -0.001430 0.161615 -1.115457
v 0.037993 0.160523 -1.101419
v 0.065752 0.155933 -1.068640
v 0.080986 0.140912 -1.021173
v 0.068494 0.121666 -0.979085
v 0.038022 0.110945 -0.960569
v -0.001430 0.106468 -0.956391
v -0.001430 0.099373 -1.146068
v 0.021455 0.098499 -1.135587
v 0.032324 0.089781 -1.123607
v 0.035007 0.078493 -1.099212
v 0.028456 0.069779 -1.075609
v 0.015825 0.066515 -1.059892
v -0.001430 0.065372 -1.052479
v 0.001286 0.638654 -0.141235
v 0.422583 0.828797 -0.537485
v 0.167903 0.924432 -0.799093
v 0.284397 0.903507 -0.739120
v 0.372901 0.865862 -0.651850
v -0.001431 0.917776 -0.819133
v 0.460920 1.027499 -0.562700
v 0.389470 0.999162 -0.663347
v 0.302792 1.002123 -0.729489
v -0.001430 0.058357 -1.125341
v -0.001430 0.068610 -1.140780
v -0.001430 0.051626 -1.094214
v 0.108676 2.361658 0.386291
v 0.001978 2.375809 0.382342
v 0.214710 2.310817 0.378963
v 0.322332 2.244177 0.364951
v 0.453826 2.193594 0.357290
v 0.120549 2.339674 0.275522
v 0.001005 2.351251 0.276836
v 0.229578 2.293738 0.267212
v 0.338999 2.230840 0.254203
v 0.473452 2.192291 0.244919
v 0.122350 2.303572 0.179451
v -0.000007 2.311093 0.180645
v 0.224732 2.261894 0.162651
v 0.335646 2.214883 0.137112
v 0.492704 2.184773 0.129160
v 0.128267 2.261592 0.051455
v -0.001776 2.265868 0.055999
v 0.225384 2.222077 0.035063
v 0.330828 2.199879 0.015799
v 0.501387 2.168551 0.031486
v 0.127559 2.200976 -0.071312
v -0.003886 2.210680 -0.065187
v 0.220192 2.178566 -0.110020
v 0.312170 2.138044 -0.193967
v 0.475458 2.139232 -0.093153
v 0.676847 1.952839 -0.134301
v 0.821993 1.980231 0.060331
v 0.596190 1.861136 -0.237941
v 0.755260 1.980284 -0.034991
v 0.854720 1.982057 0.156446
v 0.853268 1.977234 0.261112
v 0.594969 2.003019 -0.200286
v 0.720120 2.078433 0.043606
v 0.541093 1.884145 -0.305252
v 0.641657 2.066669 -0.084202
v 0.750512 2.078707 0.134564
v 0.735710 2.075927 0.229210
v 0.460791 2.029063 -0.251783
v 0.443496 1.901670 -0.370673
v 0.303798 2.050345 -0.309449
v 0.301293 1.950786 -0.400193
v 0.558152 1.736829 -0.350278
v 0.516599 1.753838 -0.409992
v 0.434538 1.770410 -0.470391
v 0.290686 1.809914 -0.494427
v 0.557842 1.575733 -0.384428
v 0.513504 1.589954 -0.458481
v 0.402091 1.613377 -0.525591
v 0.264609 1.636344 -0.551751
v 0.578995 1.377290 -0.405339
v 0.501955 1.387225 -0.507215
v 0.374373 1.403234 -0.579077
v 0.243949 1.429103 -0.631832
v 0.539916 1.197052 -0.489372
v 0.486919 1.202114 -0.579071
v 0.390347 1.210786 -0.640325
v 0.276777 1.217362 -0.677890
v 0.187905 1.018546 -0.767027
v -0.001431 1.021704 -0.775760
v 0.167629 1.224971 -0.699718
v -0.001431 1.218027 -0.706271
v 0.207990 2.068542 -0.294763
v 0.121140 2.123231 -0.216280
v -0.006383 2.126228 -0.201367
v -0.007963 2.046171 -0.318727
v 0.197662 1.951557 -0.397679
v -0.008352 1.920787 -0.414815
v 0.177497 1.794044 -0.509020
v -0.007634 1.776279 -0.516386
v 0.161169 1.628814 -0.585555
v -0.005141 1.612355 -0.584386
v 0.149326 1.434429 -0.656445
v -0.003301 1.426737 -0.654533
v 1.217572 0.685260 0.480601
v 1.161759 0.678458 0.486825
v 1.128682 0.672955 0.441265
v 1.207230 0.681056 0.383258
v 1.240308 0.686559 0.428818
v 1.151417 0.674254 0.389482
v 1.213913 0.672307 0.315316
v 1.162285 0.666512 0.337700
v 1.220651 0.671472 0.259156
v 1.175759 0.664842 0.225379
v 1.124131 0.659047 0.247762
v 1.117393 0.659882 0.303923
v 1.189874 0.674474 0.151161
v 1.208050 0.675150 0.097595
v 1.134794 0.667910 0.162259
v 1.097889 0.662021 0.119792
v 1.116065 0.662696 0.066226
v 1.171145 0.669259 0.055128
v 0.921708 0.747027 0.612208
v 0.965713 0.759602 0.651966
v 1.026871 0.773414 0.624491
v 0.915314 0.744776 0.571503
v 1.034801 0.773008 0.578581
v 0.942203 0.751304 0.519365
v 0.986073 0.760711 0.518811
v 1.010059 0.761929 0.538419
v 1.204363 0.521067 0.439783
v 1.188891 0.506986 0.286281
v 1.172838 0.509894 0.113436
v 0.997188 0.593573 0.588403
v 0.144597 2.029774 1.162833
v 0.095695 2.033221 1.191062
v 0.193854 2.040114 1.246898
v 0.193677 2.033221 1.190751
v 0.144954 2.043561 1.275127
v 0.095875 2.040114 1.247209
v 0.144738 2.131953 1.207280
v 0.194262 2.031796 1.057503
v 0.145362 2.030314 1.085905
v 0.243522 2.027354 1.142085
v 0.243341 2.030314 1.085593
v 0.194621 2.025873 1.170486
v 0.145541 2.027354 1.142396
v 0.194457 2.124702 1.119019
v 0.223951 2.082906 0.959823
v 0.175041 2.069628 0.984953
v 0.273181 2.043071 1.034588
v 0.273021 2.069628 0.984641
v 0.224269 2.029791 1.059718
v 0.175200 2.043071 1.034900
v 0.224254 2.141112 1.054839
v 0.165215 2.074978 1.356904
v 0.116137 2.079890 1.329206
v 0.213940 2.089713 1.273184
v 0.214116 2.079890 1.328894
v 0.164861 2.094625 1.245485
v 0.115959 2.089713 1.273496
v 0.164985 1.990261 1.284525
v 0.206106 2.115285 1.235719
v 0.156577 2.118248 1.208544
v 0.252735 2.141366 1.153595
v 0.254185 2.126824 1.208240
v 0.203206 2.144392 1.126432
v 0.155128 2.132828 1.153905
v 0.212659 2.037434 1.156199
v 0.246209 2.145587 1.139104
v 0.196478 2.150898 1.112673
v 0.292230 2.179369 1.059311
v 0.294086 2.160707 1.112572
v 0.242498 2.184079 1.032790
v 0.194622 2.170171 1.059521
v 0.252111 2.074949 1.053087
v 0.404210 2.639009 0.907611
v 0.383481 2.654189 0.856357
v 0.438034 2.598433 0.928302
v 0.469202 2.567979 0.911983
v 0.482124 2.541992 0.853160
v 0.456772 2.558873 0.787764
v 0.415722 2.597822 0.767044
v 0.385936 2.639925 0.797060
v 0.450351 2.692442 0.892198
v 0.431647 2.696538 0.855637
v 0.485540 2.677979 0.906724
v 0.515844 2.669057 0.895126
v 0.532928 2.656816 0.852441
v 0.510937 2.659116 0.805030
v 0.471391 2.670254 0.789989
v 0.438033 2.687201 0.812589
v 0.470286 2.759768 0.898861
v 0.457300 2.762208 0.874363
v 0.496258 2.756626 0.904347
v 0.518006 2.758000 0.894292
v 0.531659 2.755607 0.863034
v 0.516687 2.754258 0.831455
v 0.488411 2.755075 0.823409
v 0.463109 2.760584 0.842563
v 0.466322 2.805831 0.912901
v 0.460747 2.806046 0.899641
v 0.478547 2.808715 0.917799
v 0.488371 2.814060 0.914542
v 0.495475 2.818472 0.899599
v 0.489253 2.818270 0.882583
v 0.476548 2.813844 0.876451
v 0.464198 2.809170 0.884214
v 0.461457 2.835500 0.918355
v 0.459557 2.835718 0.913864
v 0.465627 2.836361 0.920238
v 0.468976 2.838192 0.919272
v 0.471400 2.839848 0.914479
v 0.469278 2.840080 0.908772
v 0.464947 2.838702 0.906567
v 0.460734 2.836975 0.908871
v 0.460496 2.843544 0.916137
v 0.384563 2.494186 0.759898
v 0.325306 2.550428 0.729962
v 0.357514 2.551306 0.962746
v 0.402507 2.507349 0.939188
v 0.282309 2.611207 0.773291
v 0.278767 2.631781 0.858905
v 0.308693 2.608790 0.933867
v 0.421162 2.469805 0.854296
v 0.593499 0.203594 0.387715
v 0.328020 0.216705 0.385934
v 0.676903 0.145010 0.379478
v 0.663288 0.038552 0.373646
v 0.147454 0.045132 0.359819
v 0.124631 0.126372 0.338578
v 0.170532 0.208757 0.338861
v 0.224220 0.227134 0.368324
v 0.553391 0.031981 0.366378
v 0.350335 0.030015 0.372333
v 0.240683 0.038714 0.373729
v 0.224915 0.196665 0.399988
v 0.151546 0.144634 0.398775
v 0.286824 0.050577 0.401533
v 0.300991 0.145124 0.401624
v 0.166698 0.049982 0.398882
v 0.224841 0.051649 0.541864
v 0.410866 0.196899 0.402429
v 0.339616 0.145700 0.402250
v 0.471885 0.050756 0.402272
v 0.485087 0.144752 0.402627
v 0.354308 0.050870 0.402122
v 0.412918 0.052984 0.544201
v 0.589922 0.193987 0.405638
v 0.519231 0.143597 0.403203
v 0.649888 0.047558 0.404419
v 0.663816 0.141641 0.405987
v 0.534360 0.049086 0.402656
v 0.590129 0.047197 0.545321
v 0.321817 0.197924 0.393817
v 0.453343 0.036793 0.369225
v 0.263352 0.202234 0.398865
v 0.461981 0.228658 0.373083
v 0.142237 2.448280 1.190738
v 0.172057 2.443039 1.191005
v 0.200233 2.445940 1.175651
v 0.206149 2.457755 1.150934
v 0.190206 2.486375 1.169117
v 0.159414 2.481391 1.186643
v 0.144360 2.467505 1.188322
v -0.070524 2.429504 1.293983
v -0.170922 2.412606 1.297693
v -0.102383 2.436095 1.249887
v -0.160979 2.424610 1.254149
v -0.250198 2.411682 1.256940
v -0.216330 2.430915 1.221772
v -0.293139 2.468921 1.165812
v -0.226720 2.454042 1.175596
v -0.214837 2.536417 1.208565
v -0.193815 2.504992 1.210593
v -0.123119 2.548031 1.266863
v -0.135763 2.501503 1.240943
v -0.065765 2.485388 1.292894
v -0.105619 2.473546 1.248430
v -0.112868 2.597888 1.179453
v -0.213815 2.577075 1.135036
v -0.092036 2.659230 1.056246
v -0.218481 2.622331 0.999507
v -0.087937 2.687165 0.926399
v -0.192615 2.648768 0.891858
v -0.060595 2.411175 1.338722
v -0.156549 2.405031 1.338187
v -0.204975 2.399189 1.319502
v -0.057488 2.440506 1.381685
v -0.147552 2.418706 1.393925
v -0.052696 2.465963 1.458125
v -0.137367 2.430764 1.468535
v -0.057293 2.444867 1.537949
v -0.119979 2.412839 1.541618
v -0.199168 2.407917 1.396147
v -0.182070 2.397648 1.471998
v -0.160687 2.361344 1.530419
v -0.323339 2.387727 1.248866
v -0.331457 2.430931 1.173183
v -0.310067 2.349803 1.320090
v -0.290009 2.352324 1.390025
v -0.268821 2.335356 1.465633
v -0.215913 2.333983 1.524396
v -0.392428 2.315068 1.234872
v -0.405549 2.362381 1.173947
v -0.356295 2.267575 1.302827
v -0.320578 2.268296 1.387344
v -0.275072 2.255970 1.493484
v -0.206991 2.261703 1.555508
v -0.404632 2.226995 1.214155
v -0.444408 2.285276 1.157093
v -0.354724 2.184422 1.276389
v -0.319766 2.165340 1.367913
v -0.270719 2.178504 1.479815
v -0.293658 2.514338 1.092695
v -0.339841 2.457824 1.080240
v -0.430803 2.389175 1.071703
v -0.483134 2.305220 1.065639
v -0.305376 2.539088 1.006377
v -0.386456 2.453944 0.972424
v -0.432461 2.393946 0.979492
v -0.495646 2.298125 0.956824
v -0.284202 2.607147 0.943971
v -0.251810 2.632434 0.861309
v -0.337700 2.543916 0.976077
v -0.387353 2.495565 0.950480
v -0.413671 2.414567 0.865537
v -0.408465 2.454270 0.857235
v -0.362655 2.424212 0.743326
v -0.368871 2.481091 0.753147
v -0.286463 2.517342 0.682998
v -0.303902 2.542951 0.719807
v -0.191850 2.631538 0.738921
v -0.256304 2.609803 0.767165
v -0.091701 2.679136 0.771019
v -0.438320 2.363093 0.855848
v -0.475441 2.286846 0.845706
v -0.403660 2.331158 0.741203
v -0.434461 2.253239 0.735901
v -0.192456 2.578007 0.641011
v -0.091822 2.634136 0.658146
v -0.255227 2.500877 0.624259
v -0.331320 2.391131 0.615939
v -0.370956 2.314661 0.615600
v -0.396148 2.243532 0.619846
v -0.041400 2.358535 1.608250
v -0.091621 2.334082 1.594360
v -0.028653 2.254672 1.619337
v -0.073210 2.275362 1.605292
v -0.144131 2.302075 1.563446
v -0.133322 2.256743 1.572941
v -0.195090 2.211654 1.557028
v -0.031331 2.183164 1.553803
v -0.063205 2.188316 1.559057
v -0.122149 2.164582 1.553929
v -0.182954 2.126848 1.513096
v -0.027893 2.113137 1.483687
v -0.063725 2.102855 1.484049
v -0.108806 2.082917 1.467738
v -0.171398 2.064688 1.434381
v -0.259522 2.102330 1.422850
v -0.231626 2.070879 1.360372
v -0.391068 2.186437 1.178910
v -0.456889 2.230211 1.119757
v -0.327904 2.154497 1.230709
v -0.294294 2.118289 1.325729
v -0.338503 2.167160 1.122661
v -0.404737 2.182868 1.078802
v -0.288794 2.140018 1.197625
v -0.252466 2.099797 1.279395
v -0.485023 2.222011 1.041917
v -0.497654 2.193217 0.947726
v -0.494160 2.179204 0.848427
v -0.439389 2.151428 0.743550
v -0.412929 2.154276 0.636644
v -0.438132 2.156778 1.022066
v -0.458658 2.125756 0.966327
v -0.452349 2.084116 0.856986
v -0.398667 2.072953 0.758929
v -0.404387 2.055727 0.649276
v -0.092083 2.521714 0.547997
v -0.095287 2.404382 0.474586
v -0.175269 2.469326 0.546193
v -0.247945 2.395069 0.534280
v -0.306098 2.322662 0.519644
v -0.172420 2.367134 0.472144
v -0.241059 2.320823 0.467060
v -0.307822 2.271309 0.458560
v -0.379605 2.240104 0.535909
v -0.431218 2.204097 0.454371
v -0.368033 2.280387 0.564944
v -0.345975 2.314136 0.561770
v -0.429889 2.152140 0.561303
v -0.435636 2.035584 0.595605
v -0.551704 2.109526 0.482537
v -0.584490 1.934556 0.624945
v -0.156494 2.056298 1.353545
v -0.047943 2.081351 1.423943
v -0.105635 2.064323 1.422488
v -0.155465 2.054459 1.394244
v -0.251926 2.162509 1.081877
v -0.210981 2.121599 1.173279
v -0.188957 2.078874 1.262037
v -0.038371 2.082597 1.363224
v -0.096955 2.067206 1.358971
v -0.044048 2.098045 1.262506
v -0.090553 2.092309 1.258151
v -0.067286 2.125733 1.108302
v -0.125038 2.131090 1.129136
v -0.089500 2.125581 0.985867
v -0.163450 2.141181 1.005045
v -0.097780 2.089046 0.929429
v -0.227825 2.102629 0.970394
v -0.103602 2.025115 0.953389
v -0.242949 2.048682 1.014528
v -0.109303 2.009901 1.041442
v -0.252793 2.034114 1.121491
v -0.079762 2.044843 1.211087
v -0.228418 2.032837 1.218097
v -0.079346 2.044776 1.280355
v -0.190434 2.043464 1.288040
v -0.323185 2.117687 1.030339
v -0.342037 2.100731 1.050927
v -0.355536 2.052048 1.075578
v -0.379876 2.000711 0.947633
v -0.340087 1.990720 0.794247
v -0.353641 1.950661 0.691565
v -0.418431 1.908512 0.639176
v -0.497402 1.820146 0.654339
v -0.309774 1.977933 1.164201
v -0.330102 1.968705 1.068941
v -0.302850 1.946844 0.955964
v -0.269052 1.910787 0.824636
v -0.301477 1.867413 0.713658
v -0.391108 1.790061 0.660069
v -0.291844 1.883179 1.188327
v -0.285712 1.884854 1.082504
v -0.213049 1.886754 0.973800
v -0.205203 1.840324 0.842934
v -0.260943 1.799338 0.738929
v -0.332405 1.709129 0.683918
v -0.233793 1.807831 1.217495
v -0.228731 1.813799 1.119736
v -0.150639 1.830190 1.017413
v -0.142525 1.776852 0.864497
v -0.206389 1.727068 0.779581
v -0.257598 1.613440 0.758751
v -0.122793 1.755686 1.247476
v -0.103239 1.758624 1.146066
v -0.069903 1.805603 1.035716
v -0.072141 1.739986 0.881595
v -0.102505 1.661485 0.841983
v -0.125930 1.521342 0.822382
v -0.261809 1.903596 1.318280
v -0.224524 1.841865 1.344502
v -0.117778 1.809584 1.364590
v -0.258629 1.982608 1.270207
v -0.202369 1.951820 1.389805
v -0.188589 1.884043 1.399637
v -0.106522 1.877065 1.411628
v -0.202285 2.012928 1.345806
v -0.092725 1.961858 1.411030
v -0.091232 2.020411 1.365496
v -0.469951 1.751872 0.642621
v -0.399537 1.603780 0.627784
v -0.309958 1.490023 0.711382
v -0.173692 1.377028 0.803390
v -0.800352 1.811916 -0.042440
v -0.894749 1.635019 0.005560
v -0.982264 1.471614 0.014893
v -1.054070 1.371938 0.020674
v -1.096944 1.245445 0.034186
v -0.839961 1.271697 0.020911
v -0.764998 1.381760 0.027209
v -0.678338 1.533947 0.043045
v -0.595344 1.646484 0.012101
v -0.788378 1.129175 0.079248
v -0.735673 1.253001 0.093743
v -0.671906 1.346915 0.094157
v -0.576697 1.463919 0.137433
v -0.514756 1.562700 0.161865
v -0.685176 1.113927 0.354952
v -0.655975 1.238730 0.354333
v -0.589702 1.334916 0.352177
v -0.530796 1.432523 0.343100
v -0.699560 1.140924 0.473332
v -0.693927 1.224061 0.466524
v -0.623850 1.335644 0.471181
v -0.557780 1.454687 0.480734
v -0.490403 1.575727 0.504848
v -0.783268 1.162012 0.616075
v -0.763274 1.245701 0.602072
v -0.699776 1.366166 0.605482
v -0.634998 1.498210 0.600810
v -0.547423 1.626920 0.605257
v -0.879345 1.192938 0.660094
v -0.848202 1.286330 0.664824
v -0.786020 1.403952 0.666605
v -0.720912 1.537241 0.658694
v -0.635560 1.662391 0.657224
v -0.992194 1.203674 0.646017
v -0.958688 1.310836 0.658092
v -0.898609 1.437769 0.659390
v -0.829292 1.563426 0.661537
v -0.750837 1.719763 0.652605
v -1.102026 1.220731 0.597680
v -1.078743 1.366498 0.578011
v -1.017072 1.508082 0.574106
v -0.950723 1.655381 0.567621
v -0.875306 1.794931 0.559218
v -1.185467 1.268940 0.505429
v -1.135513 1.408944 0.484094
v -1.074428 1.549999 0.455353
v -1.001806 1.700398 0.421797
v -0.925023 1.843080 0.421948
v -1.219660 1.290538 0.209983
v -1.156333 1.461751 0.185666
v -1.078321 1.558229 0.149372
v -0.987011 1.709209 0.132090
v -0.913507 1.828244 0.118111
v -0.562700 1.773878 0.653128
v -0.504211 1.711840 0.617439
v -0.497329 1.634905 0.565275
v -0.665473 1.843168 0.640898
v -0.764961 1.937973 0.550253
v -0.464293 1.531669 0.372050
v -0.581883 1.616506 -0.064744
v -0.538255 1.545898 0.105904
v -0.488748 1.535903 0.451579
v -0.398192 1.438023 0.552971
v -0.397573 1.297006 0.504575
v -0.341373 1.326180 0.655887
v -0.190640 1.253174 0.750457
v -0.373013 1.170450 0.476049
v -0.312387 1.035454 0.411479
v -0.330802 1.216267 0.607209
v -0.309783 1.112509 0.567428
v -0.222940 1.002507 0.478027
v -0.173144 1.147437 0.674768
v -0.153425 1.071479 0.624333
v -0.112084 0.981393 0.524961
v -0.790138 1.008309 0.634106
v -0.893321 1.032759 0.685065
v -0.801031 0.921457 0.647833
v -0.899651 0.943098 0.700840
v -0.832951 0.818977 0.646268
v -0.900134 0.831336 0.695218
v -0.858561 0.734237 0.637595
v -0.911413 0.747057 0.690346
v -0.691499 1.785591 -0.119552
v -0.807714 1.591183 -0.011702
v -0.889685 1.433361 -0.005827
v -0.953152 1.323116 -0.009174
v -1.018478 1.202246 0.004690
v -0.879457 1.821158 0.036548
v -0.954866 1.687117 0.062811
v -1.047420 1.532747 0.078368
v -1.134069 1.421242 0.106642
v -1.187316 1.274868 0.125383
v -0.900718 1.154583 0.011398
v -1.008619 1.051241 0.624189
v -1.009533 0.972400 0.627388
v -1.000882 0.844404 0.666091
v -0.989719 0.763129 0.660313
v -0.757998 0.985693 0.513680
v -0.853111 0.733048 0.586367
v -0.776342 0.903795 0.530865
v -0.812198 0.815700 0.553423
v -0.813884 1.974413 0.423755
v -0.641356 2.094933 0.381559
v -0.540324 1.430236 0.226200
v -0.609010 1.330381 0.206105
v -0.670045 1.244901 0.203781
v -0.715336 1.124573 0.195706
v -0.472323 1.516318 0.249106
v -0.493624 1.510433 0.264768
v -1.010975 0.844326 0.581942
v -1.100002 1.053241 0.580143
v -1.052169 0.953449 0.548939
v -1.002003 0.763846 0.603512
v -0.889883 0.742086 0.523235
v -0.947887 0.901523 0.467657
v -0.953916 0.835330 0.498028
v -0.871208 0.829849 0.474676
v -0.943931 0.752233 0.525562
v -0.846496 0.928690 0.416738
v -1.191480 1.040468 0.554871
v -0.867122 0.917259 0.305316
v -0.781366 0.981580 0.360938
v -0.811559 0.963803 0.253829
v -0.926518 0.884525 0.373229
v -1.192688 0.944807 0.547694
v -1.188360 0.856016 0.548961
v -1.077635 0.862573 0.535903
v -1.188450 0.767688 0.539290
v -1.094400 0.766261 0.541500
v -1.265169 1.067977 0.403596
v -1.259012 0.957663 0.407935
v -0.829626 1.025906 0.089842
v -0.760885 1.017246 0.226549
v -0.875609 0.963818 0.127676
v -0.899385 0.915182 0.220836
v -0.959104 0.865000 0.282116
v -0.886671 1.109224 0.670644
v -0.786115 1.082894 0.624912
v -0.998552 1.123080 0.634211
v -0.724531 1.060882 0.492290
v -1.100145 1.129983 0.592433
v -1.211491 1.138267 0.525345
v -0.731220 1.035100 0.345881
v -1.246885 1.162622 0.412746
v -1.181972 0.674052 0.518337
v -1.096503 0.672837 0.524256
v -0.989934 0.920238 0.503615
v -1.011157 0.845914 0.444555
v -0.983767 0.838925 0.523418
v -0.972731 0.752173 0.551541
v -1.238923 1.181093 0.313253
v -1.262045 1.083843 0.318830
v -1.229162 1.192163 0.212743
v -1.237584 1.088877 0.216266
v -1.261606 0.969262 0.328248
v -1.235770 0.879206 0.260985
v -1.241090 0.875356 0.416633
v -1.245390 0.971749 0.234776
v -1.235140 0.875292 0.339500
v -1.049545 0.741842 0.460603
v -1.234139 0.780430 0.419724
v -1.204309 0.794277 0.356481
v -1.217169 0.776827 0.281392
v -1.068257 0.662671 0.469113
v -1.175657 0.693451 0.398831
v -1.210696 0.673515 0.453343
v -1.107710 0.671500 0.401056
v -1.095210 0.747802 0.372306
v -1.182035 0.664271 0.353496
v -1.120955 0.657402 0.370903
v -1.042345 0.788581 0.356085
v -1.191599 0.661489 0.284623
v -1.229685 1.281078 0.305961
v -0.939865 1.841556 0.226156
v -1.180373 1.446967 0.273876
v -1.100404 1.562384 0.248507
v -1.019547 1.703024 0.252451
v -1.225894 1.263958 0.405003
v -1.017648 1.701324 0.328009
v -1.102048 1.557953 0.332791
v -1.170254 1.444083 0.362421
v -0.944163 1.845206 0.313340
v -1.171159 0.796709 0.200194
v -1.146310 0.658477 0.245483
v -1.083158 0.781331 0.218099
v -1.086960 0.651655 0.265304
v -1.029284 0.777898 0.294162
v -1.072863 0.652833 0.328806
v -1.143622 1.166822 0.059031
v -1.032853 1.119506 0.003261
v -1.199254 1.185890 0.128932
v -1.166959 1.072593 0.070444
v -1.040640 1.022470 0.014425
v -1.216818 1.087765 0.133348
v -1.188799 0.953903 0.065468
v -1.059157 0.937410 0.053176
v -1.229937 0.964662 0.154080
v -1.212044 0.863231 0.177642
v -1.192531 0.852108 0.076440
v -1.205354 0.765724 0.096026
v -1.167008 0.673670 0.186933
v -1.192239 0.671268 0.123030
v -1.008563 0.851597 0.189105
v -0.945759 0.913598 0.163030
v -1.100383 0.667395 0.193248
v -1.046016 0.758093 0.123315
v -1.063654 0.662709 0.142702
v -1.077768 0.750253 0.071226
v -1.087580 0.667109 0.087713
v -1.145497 0.756283 0.060009
v -1.147660 0.667149 0.077199
v -1.094488 1.148727 0.024426
v -1.116118 0.945675 0.044755
v -1.102626 1.044466 0.029530
v -1.067162 0.834153 0.069692
v -1.126902 0.842956 0.052302
v -1.037161 0.843212 0.113730
v -1.006776 0.927303 0.091197
v -0.972479 0.993674 0.034185
v -0.930719 1.071846 0.015171
v -0.471373 1.393885 0.402259
v -0.525461 1.392673 0.236120
v -0.458143 1.240938 0.385251
v -0.539976 1.229778 0.216885
v -0.450586 1.057892 0.353393
v -0.584936 1.061725 0.254502
v -0.614199 1.476730 -0.077051
v -0.589407 1.420810 0.055851
v -0.643923 1.359242 -0.282878
v -0.653728 1.312668 -0.121294
v -0.615758 1.259120 0.046155
v -0.615075 1.543255 -0.254723
v -0.676520 1.136822 -0.143728
v -0.666488 1.092829 0.069960
v -0.615878 1.703715 -0.255527
v -0.621640 1.172085 -0.343281
v -0.466537 0.861148 0.349358
v -0.628886 0.861876 0.246106
v -0.734179 0.936238 -0.144659
v -0.718027 0.890276 0.060658
v -0.647182 0.983656 -0.310342
v -0.483367 0.632064 0.323900
v -0.624481 0.630409 0.219613
v -0.711698 0.708587 -0.138372
v -0.700565 0.659649 0.044412
v -0.666351 0.748717 -0.278670
v -0.510368 0.392342 0.317395
v -0.653427 0.394553 0.214677
v -0.723704 0.472113 -0.133310
v -0.717571 0.425012 0.041406
v -0.685541 0.513021 -0.263189
v -0.288962 0.860233 0.351678
v -0.305041 0.633283 0.321244
v -0.322053 0.385794 0.300738
v -0.191662 0.840930 0.332357
v -0.097765 0.861382 0.335588
v -0.171758 0.649175 0.255643
v -0.100704 0.701724 0.212407
v -0.174034 0.425812 0.225445
v -0.685964 0.233634 0.219555
v -0.720572 0.257178 -0.136710
v -0.729073 0.211663 0.031790
v -0.659769 0.298341 -0.274399
v -0.670026 0.027968 0.187040
v -0.696676 0.067596 -0.138706
v -0.697312 0.041916 0.020868
v -0.631749 0.097718 -0.274428
v -0.528166 -0.004113 0.181476
v -0.563796 -0.004023 -0.160592
v -0.559933 -0.009226 0.009860
v -0.391336 -0.004895 0.180738
v -0.424152 -0.012602 -0.169458
v -0.420920 -0.016842 0.001959
v -0.240943 -0.001058 0.182175
v -0.271744 -0.006302 -0.179194
v -0.263714 -0.006589 0.002263
v -0.121516 0.027902 0.169299
v -0.160836 0.045560 -0.203056
v -0.124354 0.019532 -0.016909
v -0.086660 0.148653 0.119311
v -0.156227 0.150510 -0.217836
v -0.100492 0.119815 -0.057248
v -0.555079 0.026563 -0.276703
v -0.424064 0.006548 -0.285487
v -0.283628 0.021140 -0.287058
v -0.221577 0.063510 -0.278827
v -0.223082 0.139799 -0.289894
v -0.490874 0.682955 -0.413691
v -0.492558 0.463967 -0.395926
v -0.482591 0.295646 -0.366200
v -0.453385 0.099653 -0.348632
v -0.348429 0.625356 -0.477469
v -0.337143 0.460363 -0.402262
v -0.341088 0.299590 -0.362211
v -0.321573 0.094156 -0.335571
v -0.241345 0.315051 -0.319264
v -0.102553 0.322084 0.089568
v -0.219277 0.498934 -0.357802
v -0.162322 0.348374 -0.238024
v -0.111175 0.326928 -0.103901
v -0.099744 0.482141 0.095358
v -0.198780 0.283388 0.279597
v -0.134447 0.483705 -0.253129
v -0.102400 0.465459 -0.141232
v -0.536629 0.274688 0.335266
v -0.334001 0.277082 0.327336
v -0.492572 0.873066 -0.435133
v -0.545993 1.092750 -0.474136
v -0.150245 0.825801 -0.810949
v -0.275939 0.765802 -0.744661
v -0.341099 0.693809 -0.649256
v -0.177032 0.519646 -0.408551
v -0.089108 0.688250 -0.872630
v -0.074915 0.401233 -0.978740
v -0.231617 0.627952 -0.802707
v -0.153367 0.373546 -0.923396
v -0.285539 0.551420 -0.702634
v -0.191412 0.353829 -0.836691
v -0.256372 0.466769 -0.586947
v -0.169912 0.303395 -0.762134
v -0.156019 0.420824 -0.487756
v -0.097910 0.260254 -0.709397
v -0.040852 0.160523 -1.101419
v -0.068610 0.155933 -1.068640
v -0.083844 0.140912 -1.021173
v -0.071351 0.121666 -0.979085
v -0.040880 0.110945 -0.960569
v -0.024313 0.098499 -1.135587
v -0.035183 0.089781 -1.123607
v -0.037866 0.078493 -1.099212
v -0.031314 0.069779 -1.075609
v -0.018684 0.066515 -1.059892
v -0.421638 0.828443 -0.541661
v -0.170765 0.924432 -0.799093
v -0.287259 0.903507 -0.739120
v -0.374589 0.866971 -0.652783
v -0.462880 1.029975 -0.563054
v -0.391927 1.000682 -0.663356
v -0.305654 1.002123 -0.729489
v -0.104957 2.361579 0.387876
v -0.211823 2.310498 0.382964
v -0.320428 2.243594 0.372255
v -0.452844 2.192370 0.369353
v -0.119302 2.339547 0.278015
v -0.229414 2.293411 0.272447
v -0.340095 2.230269 0.262623
v -0.476224 2.191005 0.258448
v -0.123375 2.303465 0.182210
v -0.227222 2.261653 0.168060
v -0.340458 2.214427 0.146106
v -0.499903 2.183465 0.144114
v -0.133046 2.261534 0.054704
v -0.231882 2.221962 0.040947
v -0.339519 2.199579 0.025071
v -0.512101 2.167403 0.046979
v -0.136187 2.201049 -0.067920
v -0.231227 2.178627 -0.104069
v -0.326746 2.138129 -0.185412
v -0.489506 2.138653 -0.078888
v -0.694443 1.951419 -0.112798
v -0.834776 1.973801 0.091409
v -0.614202 1.861740 -0.222166
v -0.771402 1.976247 -0.007946
v -0.863087 1.974203 0.189497
v -0.856194 1.968985 0.294027
v -0.613251 2.002561 -0.182668
v -0.733552 2.074358 0.069101
v -0.559847 1.884858 -0.291670
v -0.658492 2.064771 -0.062754
v -0.760391 2.073565 0.161675
v -0.741100 2.070883 0.255352
v -0.478367 2.029265 -0.239190
v -0.462322 1.902420 -0.360261
v -0.321287 2.050737 -0.301471
v -0.319783 1.951409 -0.393154
v -0.575256 1.738204 -0.339424
v -0.534134 1.755039 -0.400331
v -0.452185 1.771448 -0.462674
v -0.308253 1.810738 -0.489204
v -0.573365 1.577748 -0.375115
v -0.528389 1.592352 -0.450636
v -0.415323 1.614603 -0.521502
v -0.277202 1.637151 -0.549260
v -0.590515 1.379571 -0.399122
v -0.511858 1.390429 -0.502804
v -0.382128 1.404877 -0.576872
v -0.250742 1.429137 -0.630676
v -0.545800 1.200085 -0.486565
v -0.491653 1.204738 -0.576909
v -0.394434 1.212594 -0.639100
v -0.280232 1.217362 -0.677697
v -0.190767 1.018546 -0.767027
v -0.170714 1.224971 -0.699675
v -0.224240 2.068904 -0.289307
v -0.134640 2.123471 -0.212991
v -0.215289 1.952113 -0.393105
v -0.194180 1.794714 -0.506014
v -0.172549 1.629175 -0.584074
v -0.156116 1.434429 -0.655725
v -1.173996 0.660638 0.509681
v -1.117783 0.655205 0.512937
v -1.086893 0.651972 0.465656
v -1.168431 0.659607 0.411864
v -1.199321 0.662839 0.459145
v -1.112218 0.654174 0.415119
v -1.178274 0.652691 0.344095
v -1.125456 0.647669 0.363720
v -1.187789 0.653333 0.288335
v -1.144485 0.648953 0.252201
v -1.091668 0.643933 0.271826
v -1.082153 0.643290 0.327585
v -1.162543 0.660384 0.179101
v -1.183389 0.662142 0.126542
v -1.106824 0.655024 0.187266
v -1.071948 0.651420 0.142872
v -1.092794 0.653176 0.090313
v -1.148514 0.658536 0.082148
v -0.873287 0.727234 0.629586
v -0.915551 0.737463 0.671786
v -0.978371 0.750326 0.647765
v -0.868894 0.726303 0.588603
v -0.988592 0.750983 0.602336
v -0.898542 0.733534 0.538104
v -0.942619 0.741730 0.539991
v -0.965610 0.741737 0.560772
v -1.158545 0.498155 0.463200
v -1.150410 0.489061 0.308760
v -1.143107 0.497528 0.135507
v -0.945798 0.572425 0.605062
v -0.135402 2.029774 1.163723
v -0.086323 2.033221 1.191641
v -0.184123 2.040114 1.248100
v -0.184302 2.033221 1.191952
v -0.135045 2.043561 1.276017
v -0.086143 2.040114 1.247788
v -0.135261 2.131953 1.208171
v -0.185736 2.031796 1.058712
v -0.136656 2.030314 1.086802
v -0.234458 2.027354 1.143605
v -0.234636 2.030314 1.087113
v -0.185377 2.025873 1.171695
v -0.136477 2.027354 1.143293
v -0.185540 2.124702 1.120227
v -0.216046 2.082906 0.961222
v -0.166977 2.069628 0.986040
v -0.264798 2.043071 1.036299
v -0.264956 2.069628 0.986352
v -0.215729 2.029791 1.061117
v -0.166818 2.043071 1.035988
v -0.215745 2.141112 1.056239
v -0.154783 2.074978 1.357922
v -0.105882 2.079890 1.329912
v -0.204040 2.089713 1.274514
v -0.203862 2.079890 1.330223
v -0.155139 2.094625 1.246503
v -0.106059 2.089713 1.274202
v -0.155013 1.990261 1.285543
v -0.196445 2.115285 1.236999
v -0.147088 2.118248 1.209510
v -0.243594 2.141366 1.155173
v -0.244697 2.126824 1.209827
v -0.194240 2.144392 1.127696
v -0.145987 2.132828 1.154863
v -0.203503 2.037434 1.157522
v -0.237161 2.145587 1.140641
v -0.187598 2.150898 1.113895
v -0.283689 2.179369 1.061142
v -0.285205 2.160707 1.114414
v -0.234126 2.184079 1.034306
v -0.186082 2.170171 1.060732
v -0.243610 2.074949 1.054664
v -0.396631 2.639009 0.910157
v -0.376229 2.654189 0.858773
v -0.430323 2.598433 0.931063
v -0.461594 2.567979 0.914943
v -0.474891 2.541992 0.856203
v -0.449955 2.558873 0.790647
v -0.409037 2.597822 0.769666
v -0.379060 2.639925 0.799493
v -0.442869 2.692442 0.895039
v -0.424398 2.696538 0.858359
v -0.477965 2.677979 0.909788
v -0.508343 2.669057 0.898383
v -0.525697 2.656816 0.855807
v -0.504008 2.659116 0.808258
v -0.464559 2.670254 0.792966
v -0.431058 2.687201 0.815353
v -0.462762 2.759768 0.901828
v -0.449932 2.762208 0.877248
v -0.488697 2.756626 0.907479
v -0.510510 2.758000 0.897563
v -0.524362 2.755607 0.866392
v -0.509591 2.754258 0.834718
v -0.481366 2.755075 0.826492
v -0.455944 2.760584 0.845485
v -0.458708 2.805831 0.915842
v -0.453218 2.806046 0.902546
v -0.470901 2.808715 0.920819
v -0.480746 2.814060 0.917623
v -0.487946 2.818472 0.902726
v -0.481832 2.818270 0.885671
v -0.469167 2.813844 0.879458
v -0.456767 2.809170 0.887142
v -0.453809 2.835500 0.921265
v -0.451937 2.835718 0.916763
v -0.457966 2.836361 0.923175
v -0.461323 2.838192 0.922230
v -0.463776 2.839848 0.917452
v -0.461691 2.840080 0.911734
v -0.457373 2.838702 0.909499
v -0.453147 2.836975 0.911777
v -0.452862 2.843544 0.919041
v -0.377925 2.494186 0.762322
v -0.318859 2.550428 0.732010
v -0.349586 2.551306 0.964995
v -0.394728 2.507349 0.941723
v -0.275586 2.611207 0.775065
v -0.271501 2.631781 0.860655
v -0.300948 2.608790 0.935806
v -0.413921 2.469805 0.856951
v -0.591661 0.195754 0.394027
v -0.326223 0.206566 0.392410
v -0.675325 0.137024 0.386241
v -0.662063 0.029659 0.381073
v -0.146149 0.033916 0.367523
v -0.123084 0.115180 0.345873
v -0.168603 0.198269 0.345357
v -0.222275 0.217008 0.374670
v -0.552086 0.021836 0.373632
v -0.348877 0.018400 0.379311
v -0.239329 0.027507 0.381150
v -0.223206 0.186140 0.406701
v -0.150001 0.133761 0.405896
v -0.285423 0.039217 0.408681
v -0.299455 0.133997 0.408514
v -0.165407 0.038977 0.406500
v -0.223682 0.041329 0.549346
v -0.409217 0.186314 0.409002
v -0.338083 0.134157 0.409037
v -0.470445 0.039313 0.409058
v -0.483553 0.133979 0.409308
v -0.352868 0.039313 0.409058
v -0.411656 0.041740 0.551058
v -0.588174 0.185782 0.412049
v -0.517694 0.133740 0.409953
v -0.648656 0.038702 0.411763
v -0.662281 0.133414 0.412748
v -0.533045 0.038965 0.409812
v -0.589025 0.038626 0.552640
v -0.320116 0.187509 0.400450
v -0.451875 0.025272 0.376060
v -0.261624 0.191849 0.405507
v -0.460072 0.219489 0.379295
v -0.132862 2.448280 1.191612
v -0.162681 2.443039 1.192070
v -0.190954 2.445940 1.176895
v -0.197026 2.457755 1.152216
v -0.180967 2.486375 1.170298
v -0.150065 2.481391 1.187626
v -0.135000 2.467505 1.189211
v -0.074915 0.329273 -1.023706
v -0.001430 0.386125 -1.117891
v -0.039641 0.404835 -1.106200
v 0.072057 0.329273 -1.023706
v 0.036783 0.442254 -1.082817
v 0.036783 0.404835 -1.106200
v -0.001430 0.457318 -0.982965
v -0.001430 0.460963 -1.071126
v -0.039641 0.442254 -1.082817
v -0.001430 0.458519 -1.150480
v -0.089108 0.592121 -0.917456
v 0.002748 0.635840 -1.016233
v -0.045017 0.660834 -1.004579
v 0.094605 0.592121 -0.917456
v 0.050514 0.710821 -0.981269
v 0.050514 0.660834 -1.004579
v 0.002748 0.735815 -0.969614
v -0.045017 0.710821 -0.981269
v 0.002748 0.713214 -1.051653
v 0.123291 0.299187 -0.965972
v 0.137587 0.249249 -0.920350
v 0.120455 0.215478 -0.863246
v 0.066940 0.186565 -0.828744
v -0.001430 0.177156 -0.815893
v -0.126150 0.299187 -0.965972
v -0.140445 0.249249 -0.920350
v -0.123313 0.215478 -0.863246
v -0.069798 0.186565 -0.828744
v 0.192827 0.506600 -0.860438
v 0.235836 0.452205 -0.769273
v 0.208440 0.383065 -0.673202
v 0.121846 0.332404 -0.598816
v -0.001431 0.316796 -0.571896
v -0.195687 0.506600 -0.860438
v -0.238697 0.452205 -0.769273
v -0.211301 0.383065 -0.673202
v -0.124707 0.332404 -0.598816
v 1.012038 1.827770 0.274512
v 0.977686 1.748719 0.276017
v 0.874140 1.912680 0.277650
v 0.960265 1.909751 0.275329
v 0.870258 1.734705 0.628902
v 0.864132 1.674181 0.559853
v 0.760586 1.838143 0.561485
v 0.818485 1.816686 0.629718
v 0.671806 1.781672 0.602143
v 0.775352 1.617710 0.600511
v 0.703632 1.746068 0.679634
v 0.757583 1.660640 0.678783
v 0.696468 1.681004 0.758558
v 0.857114 1.900701 0.400960
v 0.960659 1.736738 0.399328
v 0.827724 1.881409 0.474422
v 0.931270 1.717447 0.472790
v 0.935928 1.895232 0.432233
v 0.901941 1.872922 0.517186
v 0.955892 1.787494 0.516336
v 0.989879 1.809803 0.431383
v 0.997735 1.873719 0.511772
v 0.406887 1.445412 0.293732
v 0.493012 1.442483 0.291410
v 0.389466 1.606445 0.293043
v 0.355113 1.527393 0.294548
v 0.567682 1.543526 0.638512
v 0.621796 1.521063 0.567549
v 0.518250 1.685026 0.569182
v 0.515909 1.625507 0.639328
v 0.609085 1.742042 0.604135
v 0.712631 1.578080 0.602503
v 0.631100 1.700240 0.681937
v 0.685051 1.614811 0.681087
v 0.413164 1.620196 0.415060
v 0.516710 1.456234 0.413427
v 0.446497 1.640535 0.486530
v 0.550042 1.476572 0.484897
v 0.385759 1.547614 0.449706
v 0.424305 1.571133 0.532356
v 0.478255 1.485704 0.531505
v 0.439710 1.462186 0.448856
v 0.382309 1.484867 0.531317
v 0.851242 1.729657 -0.070268
v 0.848902 1.670138 -0.000121
v 0.745357 1.834100 0.001511
v 0.799470 1.811638 -0.069452
v 0.654520 1.777083 -0.033443
v 0.758066 1.613121 -0.035075
v 0.682101 1.740352 -0.112027
v 0.736052 1.654924 -0.112877
v 0.670684 1.674159 -0.189498
v 0.850440 1.898929 0.155633
v 0.953987 1.734967 0.154001
v 0.817110 1.878591 0.084163
v 0.920655 1.714629 0.082531
v 0.927443 1.892980 0.120204
v 0.888897 1.869459 0.037555
v 0.942847 1.784031 0.036704
v 0.981392 1.807550 0.119354
v 0.984843 1.870296 0.037743
v 0.548667 1.538478 -0.060658
v 0.606565 1.517020 0.007575
v 0.503020 1.680983 0.009207
v 0.496894 1.620459 -0.059842
v 0.591799 1.737453 -0.031451
v 0.695345 1.573491 -0.033083
v 0.609570 1.694524 -0.109723
v 0.663519 1.609095 -0.110573
v 0.406492 1.618425 0.169733
v 0.510038 1.454463 0.168100
v 0.435883 1.637717 0.096271
v 0.539428 1.473755 0.094638
v 0.377274 1.545360 0.137678
v 0.411261 1.567670 0.052724
v 0.465210 1.482241 0.051874
v 0.431223 1.459932 0.136827
v 0.369416 1.481445 0.057289
v -1.011010 1.814194 0.316408
v -0.974270 1.736214 0.315469
v -0.875772 1.903233 0.312158
v -0.961761 1.897703 0.314752
v -0.846394 1.723956 0.661536
v -0.842425 1.663942 0.591887
v -0.743928 1.830960 0.588575
v -0.797145 1.807465 0.659880
v -0.651306 1.777034 0.623745
v -0.749804 1.610016 0.627057
v -0.677547 1.740151 0.702714
v -0.728868 1.653129 0.704440
v -0.663915 1.674997 0.780707
v -0.851345 1.891248 0.434217
v -0.949842 1.724229 0.437529
v -0.817221 1.872543 0.505759
v -0.915718 1.705523 0.509071
v -0.928035 1.883257 0.469917
v -0.888574 1.861625 0.552650
v -0.939894 1.774604 0.554375
v -0.979355 1.796236 0.471642
v -0.984501 1.859539 0.552732
v -0.394544 1.450287 0.298660
v -0.480534 1.444757 0.301255
v -0.382035 1.611775 0.297943
v -0.345295 1.533796 0.297005
v -0.538160 1.542002 0.652662
v -0.595558 1.518213 0.584780
v -0.497060 1.685231 0.581468
v -0.488912 1.625512 0.651006
v -0.587412 1.739317 0.621906
v -0.685909 1.572298 0.625217
v -0.603659 1.696533 0.700587
v -0.654979 1.609512 0.702313
v -0.399095 1.624279 0.421197
v -0.497592 1.457261 0.424509
v -0.428864 1.643291 0.494579
v -0.527363 1.476272 0.497890
v -0.367579 1.552413 0.453781
v -0.402005 1.574399 0.538642
v -0.453325 1.487378 0.540367
v -0.418898 1.465392 0.455507
v -0.357566 1.489452 0.534682
v -0.867393 1.722478 -0.037594
v -0.859245 1.662758 0.031945
v -0.760747 1.829777 0.028633
v -0.818145 1.805988 -0.039249
v -0.670396 1.775691 -0.011804
v -0.768893 1.608673 -0.008493
v -0.701326 1.738477 -0.088900
v -0.752645 1.651456 -0.087175
v -0.692390 1.672993 -0.167295
v -0.858713 1.890729 0.188904
v -0.957211 1.723711 0.192216
v -0.828943 1.871717 0.115523
v -0.927441 1.704699 0.118834
v -0.937407 1.882598 0.157906
v -0.902980 1.860612 0.073046
v -0.954300 1.773591 0.074771
v -0.988727 1.795576 0.159631
v -0.998739 1.858537 0.078730
v -0.559160 1.540525 -0.046468
v -0.612377 1.517029 0.024838
v -0.513880 1.684048 0.021526
v -0.509912 1.624034 -0.048123
v -0.606502 1.737974 -0.013644
v -0.705000 1.570955 -0.010332
v -0.627438 1.694860 -0.091027
v -0.678757 1.607839 -0.089302
v -0.406463 1.623761 0.175884
v -0.504960 1.456742 0.179196
v -0.440586 1.642466 0.104342
v -0.539084 1.475448 0.107654
v -0.376950 1.551754 0.141771
v -0.416411 1.573385 0.059038
v -0.467731 1.486364 0.060763
v -0.428270 1.464733 0.143496
v -0.371804 1.488451 0.060681
v 0.148981 2.556605 1.268427
v 0.128664 2.579309 1.261012
v 0.116668 2.511474 1.295844
v 0.100422 2.534276 1.289261
v 0.089411 2.470360 1.298550
v 0.075930 2.489199 1.295920
v 0.176766 2.528980 1.266472
v 0.139519 2.489383 1.291409
v 0.096589 2.463228 1.296728
v 0.187553 2.499971 1.255226
v 0.144612 2.474638 1.281924
v 0.100738 2.460554 1.290831
v 0.163824 2.485394 1.249385
v 0.207790 2.496421 1.206558
v 0.130437 2.475302 1.270069
v 0.100872 2.461082 1.284482
v 0.105673 2.579217 1.241634
v 0.085514 2.533079 1.277815
v 0.075242 2.490433 1.287009
v 0.091046 2.506834 1.272725
v 0.083896 2.475431 1.280352
v 0.115759 2.488044 1.259408
v 0.105118 2.559068 1.233359
v 0.147177 2.508158 1.232963
v 0.193386 2.609438 1.214657
v 0.165606 2.632881 1.209880
v 0.126942 2.629375 1.190568
v 0.242828 2.634605 1.163227
v 0.192524 2.663139 1.139300
v 0.154326 2.651139 1.137810
v 0.295856 2.635556 1.110664
v 0.240955 2.663219 1.089373
v 0.211364 2.653173 1.085864
v 0.114794 2.612921 1.184253
v 0.186558 2.531875 1.180424
v 0.141817 2.630138 1.136860
v 0.196545 2.639024 1.086985
v 0.203248 2.571064 1.139279
v 0.222722 2.587045 1.099932
v 0.100861 2.508678 1.266387
v 0.119151 2.536844 1.231910
v 0.129153 2.578524 1.173756
v 0.150866 2.599727 1.131693
v 0.197605 2.619736 1.085436
v 0.205812 2.501930 1.184569
v 0.218478 2.585845 1.216993
v 0.219406 2.520742 1.145726
v 0.284208 2.522481 1.150852
v 0.245760 2.517256 1.121527
v 0.241264 2.535194 1.211726
v 0.259684 2.610764 1.165344
v 0.246969 2.518214 1.203197
v 0.279444 2.554255 1.164989
v 0.312792 2.611820 1.117234
v 0.276453 2.505406 1.134274
v 0.302036 2.556859 1.119583
v 0.233540 2.501395 1.170483
v 0.309319 2.523649 1.115626
v 0.300308 2.505789 1.108567
v 0.235873 2.512194 1.135427
v 0.264956 2.504267 1.113917
v 0.283843 2.501858 1.094661
v 0.292349 2.638505 1.077575
v 0.281512 2.652719 1.068051
v 0.336525 2.606771 1.090990
v 0.314305 2.545987 1.095991
v 0.310629 2.521842 1.091884
v 0.242410 2.528072 1.121742
v 0.268076 2.511436 1.096345
v 0.288521 2.506269 1.084549
v 0.300527 2.507144 1.084018
v 0.298228 2.532580 1.089332
v 0.281870 2.528684 1.088421
v 0.265126 2.535311 1.098058
v 0.266441 2.572050 1.163496
v 0.333665 2.575548 1.096344
v 0.308593 2.577875 1.115857
v 0.235901 2.552682 1.214898
v 0.273762 2.548990 1.079180
v 0.302762 2.535158 1.058439
v 0.256866 2.561077 1.095430
v 0.218406 2.548075 1.144485
v 0.235759 2.568900 1.113392
v 0.256560 2.642406 1.058646
v 0.240752 2.628762 1.060753
v 0.235561 2.615042 1.063218
v 0.335202 2.534402 1.063672
v 0.325763 2.529532 1.051742
v 0.342562 2.548350 1.075577
v 0.350481 2.570807 1.076036
v 0.345179 2.588512 1.068373
v 0.323092 2.614785 1.082389
v 0.306484 2.613318 1.072654
v 0.331292 2.591980 1.063738
v 0.348064 2.570711 1.063300
v 0.313399 2.588670 1.055306
v 0.331102 2.577271 1.057900
v 0.311985 2.579358 1.056452
v 0.344905 2.549652 1.060606
v 0.329132 2.557005 1.053099
v 0.309384 2.559325 1.052902
v 0.257073 2.583115 1.084731
v 0.200072 2.598773 1.089854
v 0.088277 2.491169 1.275198
v 0.107120 2.499619 1.265711
v 0.132812 2.528342 1.231759
v 0.158379 2.563452 1.175357
v 0.173870 2.578074 1.135339
v 0.101201 2.481210 1.270141
v 0.079030 2.511215 1.282215
v 0.088943 2.511364 1.292171
v 0.118659 2.476434 1.293798
v 0.114959 2.467868 1.276809
v 0.101286 2.493541 1.297899
v 0.235531 2.595146 1.068838
v 0.272285 2.572376 1.070786
v 0.280609 2.585415 1.065181
v 0.290969 2.583128 1.052381
v 0.332552 2.605865 1.048642
v 0.265643 2.606673 1.050279
v 0.273421 2.620239 1.047163
v 0.286473 2.631347 1.046989
v 0.304593 2.639879 1.055960
v 0.312467 2.626171 1.064417
v 0.262477 2.589355 1.058349
v 0.326069 2.619880 1.041085
v 0.319077 2.612310 1.033983
v 0.261056 2.587972 1.076486
v 0.299461 2.594265 1.037804
v 0.309890 2.605744 1.033255
v 0.340687 2.594610 1.025694
v 0.336809 2.595216 1.022659
v 0.325877 2.587823 1.023332
v 0.332022 2.590210 1.019785
v 0.333068 2.581688 1.030041
v 0.325331 2.581755 1.027983
v 0.340613 2.590582 1.031088
v 0.336148 2.581627 1.020288
v 0.336765 2.586392 1.019642
v 0.122670 2.467597 1.286600
v 0.073093 2.459683 1.291499
v -0.139113 2.556605 1.269343
v -0.118845 2.579309 1.261799
v -0.106627 2.511474 1.296554
v -0.090423 2.534276 1.289868
v -0.079352 2.470360 1.299088
v -0.065888 2.489199 1.296371
v -0.166911 2.528980 1.267565
v -0.129506 2.489383 1.292264
v -0.086542 2.463228 1.297311
v -0.177770 2.499971 1.256387
v -0.134659 2.474638 1.282812
v -0.090729 2.460554 1.291440
v -0.154078 2.485394 1.250396
v -0.198315 2.496421 1.207850
v -0.120559 2.475302 1.270867
v -0.090903 2.461082 1.285092
v -0.095977 2.579217 1.242275
v -0.075588 2.533079 1.278327
v -0.065259 2.490433 1.287455
v -0.081153 2.506834 1.273273
v -0.073954 2.475431 1.280854
v -0.105949 2.488044 1.260113
v -0.095474 2.559068 1.233997
v -0.137535 2.508158 1.233869
v -0.183860 2.609438 1.215858
v -0.156111 2.632881 1.210904
v -0.117570 2.629375 1.191347
v -0.233627 2.634605 1.164743
v -0.183476 2.663139 1.140496
v -0.145289 2.651139 1.138762
v -0.286988 2.635556 1.112518
v -0.232224 2.663219 1.090878
v -0.202656 2.653173 1.087181
v -0.105462 2.612921 1.184953
v -0.177250 2.531875 1.181581
v -0.132787 2.630138 1.137733
v -0.187831 2.639024 1.088207
v -0.194201 2.571064 1.140543
v -0.213924 2.587046 1.101321
v -0.091006 2.508678 1.266997
v -0.109516 2.536844 1.232638
v -0.119888 2.578524 1.174549
v -0.141868 2.599727 1.132625
v -0.188899 2.619736 1.086666
v -0.196476 2.501930 1.185848
v -0.208937 2.585845 1.218352
v -0.210318 2.520742 1.147094
v -0.275085 2.522481 1.152632
v -0.236824 2.517256 1.123062
v -0.231755 2.535194 1.213230
v -0.250469 2.610764 1.166968
v -0.237514 2.518214 1.204736
v -0.270231 2.554255 1.166736
v -0.303882 2.611820 1.119195
v -0.267437 2.505406 1.136003
v -0.293113 2.556859 1.121475
v -0.224293 2.501395 1.171939
v -0.300420 2.523649 1.117564
v -0.291454 2.505789 1.110449
v -0.226851 2.512194 1.136897
v -0.256069 2.504267 1.115574
v -0.275078 2.501858 1.096439
v -0.283692 2.638505 1.079407
v -0.272916 2.652719 1.069816
v -0.327782 2.606771 1.093102
v -0.305531 2.545987 1.097962
v -0.301881 2.521842 1.093832
v -0.233473 2.528072 1.123255
v -0.259299 2.511436 1.098022
v -0.279819 2.506269 1.086357
v -0.291828 2.507144 1.085902
v -0.289496 2.532581 1.091201
v -0.273145 2.528684 1.090186
v -0.256341 2.535311 1.099715
v -0.257238 2.572050 1.165161
v -0.324888 2.575548 1.098439
v -0.299692 2.577875 1.117790
v -0.226373 2.552682 1.216368
v -0.265096 2.548990 1.080894
v -0.294227 2.535158 1.060337
v -0.248096 2.561077 1.097036
v -0.209326 2.548075 1.145846
v -0.226875 2.568900 1.114864
v -0.248025 2.642406 1.060251
v -0.232203 2.628762 1.062258
v -0.226997 2.615042 1.064688
v -0.326633 2.534402 1.065776
v -0.317269 2.529532 1.053787
v -0.333917 2.548350 1.077729
v -0.341834 2.570807 1.078238
v -0.336579 2.588512 1.070542
v -0.314404 2.614785 1.084417
v -0.297858 2.613318 1.074575
v -0.322722 2.591980 1.065817
v -0.339497 2.570711 1.065486
v -0.304884 2.588670 1.057272
v -0.322570 2.577271 1.059979
v -0.303463 2.579358 1.058409
v -0.336355 2.549652 1.062773
v -0.320630 2.557005 1.055165
v -0.300884 2.559325 1.054842
v -0.248372 2.583115 1.086337
v -0.191339 2.598773 1.091100
v -0.078367 2.491169 1.275728
v -0.097271 2.499619 1.266361
v -0.123178 2.528342 1.232574
v -0.149103 2.563452 1.176335
v -0.164848 2.578074 1.136416
v -0.091324 2.481210 1.270754
v -0.069076 2.511215 1.282686
v -0.078926 2.511364 1.292706
v -0.108632 2.476434 1.294521
v -0.105039 2.467868 1.277509
v -0.091231 2.493541 1.298510
v -0.226931 2.595146 1.070307
v -0.263672 2.572376 1.072492
v -0.272031 2.585415 1.066939
v -0.282473 2.583128 1.054204
v -0.324079 2.605865 1.050730
v -0.257161 2.606673 1.051941
v -0.264958 2.620239 1.048875
v -0.278011 2.631347 1.048784
v -0.296074 2.639879 1.057871
v -0.303893 2.626171 1.066378
v -0.253942 2.589355 1.059991
v -0.317644 2.619880 1.043132
v -0.310697 2.612310 1.035986
v -0.252406 2.587972 1.078120
v -0.291058 2.594265 1.039683
v -0.301514 2.605744 1.035199
v -0.332359 2.594610 1.027834
v -0.328501 2.595216 1.024774
v -0.317565 2.587823 1.025378
v -0.323731 2.590210 1.021870
v -0.324713 2.581688 1.032133
v -0.316989 2.581755 1.030026
v -0.332252 2.590582 1.033227
v -0.327855 2.581627 1.022400
v -0.328476 2.586392 1.021757
v -0.112688 2.467597 1.287349
v -0.063081 2.459684 1.291932
v -0.450466 2.074893 0.689028
v -0.359680 2.102814 0.726328
v -0.360800 1.989978 0.574586
v -0.450977 2.018332 0.613115
v -0.221584 1.755497 0.944935
v -0.176299 1.848294 0.931015
v -0.177647 1.735421 0.787648
v -0.222183 1.698133 0.871552
v -0.042645 1.701483 0.815987
v -0.041195 1.813117 0.957215
v -0.049298 1.655521 0.904496
v -0.048617 1.714387 0.979349
v 0.005836 1.612827 0.998216
v -0.329682 1.877113 0.666768
v -0.328419 1.989617 0.814488
v -0.282271 1.811540 0.722333
v -0.280917 1.923448 0.867209
v -0.408981 1.873046 0.725964
v -0.354136 1.796476 0.788132
v -0.353506 1.855472 0.864736
v -0.408383 1.932154 0.803532
v -0.457295 1.827863 0.823910
v 0.458013 2.075059 0.683761
v 0.367912 2.103003 0.721824
v 0.366826 1.990068 0.570920
v 0.457513 2.018450 0.608166
v 0.232668 1.755481 0.941922
v 0.187525 1.848283 0.928497
v 0.186178 1.735141 0.784963
v 0.232068 1.698086 0.868598
v 0.051511 1.701624 0.815690
v 0.052960 1.813140 0.956573
v 0.059590 1.655561 0.903867
v 0.060272 1.714397 0.978631
v 0.336797 1.877423 0.663659
v 0.338041 1.989826 0.810150
v 0.290049 1.811814 0.719554
v 0.291401 1.923606 0.863354
v 0.416961 1.873305 0.721390
v 0.362918 1.796703 0.784057
v 0.363545 1.855686 0.860288
v 0.417551 1.932409 0.798530
v 0.466615 1.828131 0.818445
v -0.224800 2.405784 0.444968
v -0.179171 2.366083 0.530362
v -0.179915 2.256614 0.375125
v -0.225181 2.351292 0.367146
v -0.045199 2.293409 0.348800
v -0.044475 2.402395 0.504385
v -0.052643 2.394717 0.333452
v -0.052260 2.451499 0.414543
v 0.001745 2.498456 0.320957
v -0.330717 2.105386 0.484851
v -0.329825 2.216341 0.638809
v -0.283895 2.174535 0.434441
v -0.283112 2.285430 0.588589
v -0.410368 2.163782 0.499175
v -0.356232 2.243733 0.441075
v -0.355818 2.301520 0.521384
v -0.409916 2.221606 0.579411
v -0.459439 2.269953 0.483763
v 0.229453 2.405784 0.442746
v 0.184646 2.366084 0.528614
v 0.183906 2.256614 0.373399
v 0.229075 2.351292 0.364933
v 0.048964 2.293409 0.348363
v 0.049687 2.402395 0.503946
v 0.056251 2.394717 0.332939
v 0.056632 2.451499 0.414029
v 0.335776 2.105386 0.481391
v 0.336646 2.216347 0.635087
v 0.288438 2.174531 0.431637
v 0.289215 2.285435 0.585698
v 0.415591 2.163785 0.494763
v 0.360839 2.243731 0.437450
v 0.361248 2.301522 0.517721
v 0.416036 2.221612 0.574894
v 0.464491 2.269951 0.478920
v 0.004472 2.674094 1.142735
v 0.072408 2.674671 1.122638
v 0.004430 2.752627 1.129627
v 0.063413 2.747851 1.115211
v 0.124679 2.657334 1.068972
v 0.132469 2.733903 1.050147
v 0.145328 2.647280 0.992498
v 0.153284 2.721454 0.970534
v 0.210052 2.643886 0.957452
v 0.213657 2.720912 0.934217
v 0.250229 2.629855 0.900821
v 0.255792 2.707417 0.884491
v 0.254883 2.613132 0.857734
v 0.271435 2.694584 0.823662
v 0.257199 2.611011 0.794475
v 0.287680 2.687119 0.747441
v 0.004286 2.827981 1.084195
v 0.052056 2.825481 1.072310
v 0.126493 2.804653 0.995057
v 0.125036 2.782774 0.923366
v 0.186947 2.791553 0.902645
v 0.239212 2.776695 0.853446
v 0.258326 2.753027 0.768060
v 0.301822 2.702469 0.678951
v 0.004114 2.887578 1.030116
v 0.051100 2.887002 1.013182
v 0.105418 2.865747 0.953276
v 0.111702 2.816498 0.867570
v 0.172904 2.834494 0.834861
v 0.215448 2.823570 0.781354
v 0.245029 2.776247 0.701459
v 0.250889 2.757949 0.648714
v 0.004382 2.610785 1.114599
v 0.060319 2.606140 1.093709
v 0.091732 2.597429 1.056502
v 0.121846 2.592762 1.000409
v 0.174729 2.579216 0.979492
v 0.223043 2.565552 0.937300
v 0.253097 2.547683 0.878385
v 0.258615 2.542634 0.820632
v 0.004243 2.575326 1.070683
v 0.022812 2.573527 1.063321
v 0.049939 2.569888 1.031260
v 0.077037 2.577064 0.980944
v 0.138483 2.555804 0.969697
v 0.178260 2.524595 0.933730
v 0.215263 2.492810 0.878807
v 0.229316 2.484198 0.819794
v 0.004086 2.561770 1.021118
v 0.031061 2.564018 0.982717
v 0.049421 2.572609 0.953253
v 0.099776 2.528965 0.936975
v 0.133323 2.505626 0.910391
v 0.280893 2.621341 0.733271
v 0.172125 2.474718 0.851971
v 0.187416 2.470436 0.794012
v 0.248371 2.573307 0.743218
v 0.231258 2.525609 0.740219
v 0.192802 2.509164 0.713962
v 0.273094 2.587172 0.676331
v 0.233012 2.567521 0.679776
v 0.198176 2.563443 0.675021
v 0.074407 2.517653 0.888069
v 0.123579 2.471941 0.831552
v 0.138900 2.470646 0.775350
v 0.152197 2.510475 0.703297
v 0.156407 2.588194 0.662829
v 0.034375 2.506971 0.871055
v 0.071434 2.494563 0.819244
v 0.096186 2.489634 0.759624
v 0.103527 2.548136 0.700467
v 0.124454 2.597443 0.646018
v 0.003617 2.501272 0.873993
v 0.003396 2.482118 0.804358
v 0.035962 2.490836 0.749857
v 0.057052 2.518576 0.666057
v 0.077826 2.538633 0.608650
v 0.003142 2.489408 0.724698
v 0.002894 2.506597 0.646598
v 0.002694 2.499348 0.583637
v 0.051720 2.536845 0.915013
v 0.003791 2.569584 0.928618
v 0.003909 2.562544 0.965688
v 0.003727 2.528967 0.908379
v 0.312778 2.630606 0.672463
v 0.313070 2.710964 0.602202
v 0.258797 2.745263 0.564710
v 0.328229 2.630389 0.591974
v 0.309625 2.720331 0.481299
v 0.280834 2.741686 0.464223
v 0.321876 2.659556 0.480844
v 0.322941 2.738422 0.415547
v 0.297751 2.750332 0.398134
v 0.077379 2.515647 0.507211
v 0.131424 2.643873 0.585747
v 0.321336 2.691350 0.421599
v 0.277587 2.586226 0.600984
v 0.233804 2.576360 0.601275
v 0.188402 2.591989 0.601030
v 0.295900 2.665612 0.420684
v 0.293691 2.623816 0.485436
v 0.247158 2.615661 0.474416
v 0.210607 2.638949 0.477318
v 0.269028 2.666668 0.412758
v 0.166974 2.622467 0.596093
v 0.246490 2.687760 0.415716
v 0.229362 2.727877 0.472732
v 0.200599 2.682986 0.479783
v 0.260963 2.735816 0.416210
v 0.245438 2.710876 0.417967
v 0.213387 2.738422 0.563777
v 0.308175 2.715371 0.540074
v 0.327643 2.648195 0.535125
v 0.183464 2.696187 0.524260
v 0.269157 2.737061 0.515592
v 0.291106 2.601238 0.541809
v 0.240493 2.588969 0.535187
v 0.194034 2.612519 0.537198
v 0.176913 2.657152 0.536047
v 0.220701 2.730218 0.519142
v 0.167662 2.698550 0.568143
v 0.205603 2.751756 0.519816
v 0.170199 2.721980 0.498520
v 0.234806 2.782511 0.613310
v 0.219579 2.822579 0.666771
v 0.183378 2.850761 0.720491
v 0.189097 2.775914 0.470588
v 0.132593 2.855182 0.762255
v 0.156851 2.746704 0.457089
v 0.207585 2.807395 0.557766
v 0.173695 2.797760 0.436645
v 0.147574 2.779445 0.422505
v 0.185672 2.845104 0.627436
v 0.136057 2.861791 0.675521
v 0.094599 2.847564 0.717350
v 0.003863 2.955281 0.951490
v 0.038352 2.955478 0.936179
v 0.080267 2.931511 0.877053
v 0.003559 3.005581 0.855639
v 0.029557 3.002317 0.841046
v 0.050179 2.984350 0.805032
v 0.003218 3.036635 0.748219
v 0.016326 3.033274 0.745070
v 0.024950 3.025395 0.738620
v 0.067680 2.794989 0.855727
v 0.071753 2.900110 0.846950
v 0.039016 2.880095 0.819333
v 0.043629 2.943075 0.794303
v 0.003481 2.792569 0.830968
v 0.025233 3.010185 0.729232
v 0.003413 2.875032 0.809815
v 0.017900 3.000501 0.723958
v 0.024122 2.936807 0.778773
v 0.003304 2.932139 0.775262
v 0.003128 2.996646 0.720253
v 0.003119 3.026892 0.717474
v 0.071305 2.511919 0.425799
v 0.002395 2.475956 0.489636
v 0.002156 2.479286 0.414402
v 0.060078 2.538383 0.345018
v 0.001890 2.510005 0.330958
v 0.033441 2.580140 0.248099
v 0.001594 2.565848 0.237536
v 0.117167 2.581126 0.498614
v 0.103911 2.574851 0.421851
v 0.077142 2.588770 0.349376
v 0.028404 2.626672 0.257506
v 0.111255 2.640003 0.497433
v 0.077925 2.637842 0.417610
v 0.034333 2.642766 0.352136
v 0.001666 2.638001 0.260381
v 0.084102 2.677394 0.488960
v 0.037571 2.669198 0.418718
v 0.001968 2.652400 0.355561
v 0.001467 2.628578 0.197750
v 0.112163 2.575127 0.562772
v 0.115311 2.681044 0.564760
v 0.122462 2.713164 0.494723
v 0.118505 2.743650 0.455219
v 0.122721 2.778436 0.418701
v 0.085979 2.707196 0.550484
v 0.091296 2.728237 0.504717
v 0.092921 2.759410 0.463697
v 0.094486 2.797914 0.428228
v 0.059382 2.736181 0.572056
v 0.068615 2.763113 0.513332
v 0.075013 2.801317 0.479195
v 0.089639 2.832605 0.444391
v 0.055747 2.801343 0.604077
v 0.081315 2.820145 0.540216
v 0.105495 2.840152 0.506576
v 0.124356 2.853616 0.467548
v 0.183469 2.825488 0.501367
v 0.164739 2.841250 0.468117
v 0.144183 2.852066 0.469623
v 0.143735 2.847095 0.516422
v 0.146740 2.848073 0.575815
v 0.074941 2.828307 0.620604
v 0.002593 2.750758 0.552014
v 0.002793 2.767151 0.614749
v 0.030616 2.710562 0.481866
v 0.002369 2.715359 0.481379
v 0.069375 2.701910 0.504235
v 0.317326 2.743264 0.378707
v 0.002190 2.680626 0.424931
v 0.152251 2.830181 0.406149
v 0.129501 2.815450 0.395220
v 0.113624 2.817848 0.395199
v 0.098705 2.833339 0.402143
v 0.098535 2.853044 0.407820
v 0.116636 2.860972 0.426195
v 0.141857 2.856309 0.431748
v 0.128680 2.860808 0.429885
v 0.114446 2.858702 0.385944
v 0.051616 2.801646 0.773636
v 0.003258 2.755373 0.760954
v 0.063964 2.824374 0.662614
v 0.044284 2.798923 0.681041
v 0.002995 2.770177 0.678405
v -0.063590 2.674671 1.123070
v -0.054643 2.747851 1.115587
v -0.116201 2.657334 1.069737
v -0.124112 2.733903 1.050963
v -0.137337 2.647280 0.993397
v -0.145432 2.721454 0.971483
v -0.202283 2.643886 0.958764
v -0.206036 2.720912 0.935552
v -0.242819 2.629855 0.902389
v -0.248485 2.707417 0.886095
v -0.247746 2.613132 0.859332
v -0.264514 2.694584 0.825366
v -0.250465 2.611011 0.796089
v -0.281244 2.687119 0.749250
v -0.043559 2.825481 1.072614
v -0.118486 2.804653 0.995836
v -0.117485 2.782774 0.924137
v -0.179526 2.791553 0.903811
v -0.232103 2.776695 0.854945
v -0.251760 2.753027 0.769682
v -0.295821 2.702469 0.680851
v -0.042978 2.887002 1.013481
v -0.097677 2.865747 0.953921
v -0.104506 2.816498 0.868258
v -0.165915 2.834494 0.835938
v -0.208798 2.823570 0.782703
v -0.238888 2.776247 0.702998
v -0.245082 2.757949 0.650291
v -0.051685 2.606140 1.094065
v -0.083336 2.597429 1.057060
v -0.113805 2.592762 1.001158
v -0.166821 2.579216 0.980578
v -0.215402 2.565552 0.938694
v -0.245829 2.547683 0.879971
v -0.251714 2.542634 0.822255
v -0.014373 2.573527 1.063439
v -0.041703 2.569888 1.031551
v -0.069120 2.577064 0.981409
v -0.130637 2.555804 0.970552
v -0.170642 2.524595 0.934839
v -0.207994 2.492810 0.880153
v -0.222422 2.484198 0.821230
v -0.023134 2.564018 0.982889
v -0.041682 2.572609 0.953542
v -0.092139 2.528965 0.937586
v -0.125854 2.505626 0.911215
v -0.274548 2.621341 0.735037
v -0.165027 2.474718 0.853043
v -0.180687 2.470436 0.795182
v -0.241963 2.573307 0.744777
v -0.224870 2.525609 0.741670
v -0.186582 2.509164 0.715169
v -0.267111 2.587172 0.678048
v -0.227008 2.567521 0.681239
v -0.192203 2.563443 0.676262
v -0.067081 2.517653 0.888518
v -0.116613 2.471941 0.832316
v -0.132290 2.470646 0.776213
v -0.146045 2.510475 0.704245
v -0.150513 2.588194 0.663805
v -0.027159 2.506971 0.871251
v -0.064547 2.494563 0.819676
v -0.089676 2.489634 0.760215
v -0.097393 2.548136 0.701106
v -0.118667 2.597443 0.646791
v -0.029516 2.490836 0.750065
v -0.051139 2.518576 0.666401
v -0.072277 2.538633 0.609127
v -0.044223 2.536845 0.915318
v -0.306817 2.630606 0.674433
v -0.307557 2.710964 0.604175
v -0.253524 2.745263 0.566339
v -0.322780 2.630389 0.594044
v -0.304881 2.720331 0.483253
v -0.276199 2.741686 0.465994
v -0.317135 2.659556 0.482877
v -0.318615 2.738422 0.417588
v -0.293537 2.750332 0.400016
v -0.072476 2.515647 0.507687
v -0.126019 2.643873 0.586566
v -0.316972 2.691350 0.423628
v -0.272083 2.586226 0.602731
v -0.228299 2.576360 0.602744
v -0.182899 2.591989 0.602211
v -0.291542 2.665612 0.422552
v -0.288921 2.623816 0.487289
v -0.242459 2.615661 0.475973
v -0.205890 2.638949 0.478642
v -0.264721 2.666668 0.414455
v -0.161503 2.622467 0.597138
v -0.242164 2.687760 0.417269
v -0.224675 2.727877 0.474176
v -0.195867 2.682986 0.481043
v -0.256635 2.735816 0.417856
v -0.241098 2.710876 0.419514
v -0.208121 2.738422 0.565118
v -0.303058 2.715371 0.542018
v -0.322557 2.648195 0.537192
v -0.178450 2.696187 0.525411
v -0.264196 2.737061 0.517288
v -0.285978 2.601238 0.543644
v -0.235408 2.588969 0.536701
v -0.188937 2.612519 0.538416
v -0.171824 2.657152 0.537156
v -0.215719 2.730218 0.520530
v -0.162369 2.698550 0.569192
v -0.200616 2.751756 0.521108
v -0.165348 2.721980 0.499587
v -0.229224 2.782511 0.614785
v -0.213657 2.822579 0.668149
v -0.177115 2.850761 0.721639
v -0.184424 2.775914 0.471776
v -0.126066 2.855182 0.763077
v -0.152265 2.746704 0.458072
v -0.202357 2.807395 0.559070
v -0.169238 2.797760 0.437735
v -0.143209 2.779445 0.423431
v -0.180002 2.845104 0.628597
v -0.130081 2.861791 0.676368
v -0.088358 2.847564 0.717932
v -0.030722 2.955478 0.936399
v -0.073011 2.931511 0.877540
v -0.022532 3.002317 0.841211
v -0.043383 2.984350 0.805330
v -0.009912 3.033274 0.745153
v -0.018576 3.025395 0.738759
v -0.060560 2.794989 0.856134
v -0.064689 2.900110 0.847384
v -0.032128 2.880095 0.819559
v -0.036901 2.943075 0.794560
v -0.018918 3.010185 0.729373
v -0.011619 3.000501 0.724052
v -0.017493 2.936807 0.778906
v -0.066919 2.511919 0.426238
v -0.056206 2.538383 0.345388
v -0.030186 2.580140 0.248302
v -0.112318 2.581126 0.499344
v -0.099549 2.574851 0.422498
v -0.073242 2.588770 0.349854
v -0.025090 2.626672 0.257677
v -0.106413 2.640003 0.498125
v -0.073590 2.637842 0.418092
v -0.030416 2.642766 0.352342
v -0.079314 2.677394 0.489478
v -0.033232 2.669198 0.418943
v -0.106905 2.575127 0.563468
v -0.110041 2.681044 0.565477
v -0.117638 2.713164 0.495486
v -0.113932 2.743650 0.455958
v -0.118379 2.778436 0.419468
v -0.080799 2.707196 0.551014
v -0.086408 2.728237 0.505282
v -0.088295 2.759410 0.464274
v -0.090086 2.797914 0.428815
v -0.054067 2.736181 0.572416
v -0.063671 2.763113 0.513752
v -0.070289 2.801317 0.479657
v -0.085135 2.832605 0.444946
v -0.050228 2.801343 0.604414
v -0.076201 2.820145 0.540717
v -0.100595 2.840152 0.507232
v -0.119704 2.853616 0.468323
v -0.178600 2.825488 0.502519
v -0.160082 2.841250 0.469150
v -0.139518 2.852066 0.470525
v -0.138771 2.847095 0.517320
v -0.141398 2.848073 0.576732
v -0.069316 2.828307 0.621062
v -0.025874 2.710562 0.482046
v -0.064490 2.701910 0.504661
v -0.313234 2.743264 0.380712
v -0.147988 2.830181 0.407104
v -0.125308 2.815450 0.396030
v -0.109431 2.817848 0.395908
v -0.094469 2.833339 0.402757
v -0.094263 2.853044 0.408433
v -0.112247 2.860972 0.426923
v -0.137432 2.856309 0.432636
v -0.124268 2.860808 0.430689
v -0.110313 2.858702 0.386658
v -0.045018 2.801646 0.773942
v -0.058072 2.824374 0.663002
v -0.038275 2.798923 0.681304
v 0.800730 1.622126 -0.499646
v 0.902302 1.606079 -0.439655
v 0.930077 1.568957 -0.333734
v 0.868350 1.532408 -0.243697
v 0.752790 1.517932 -0.222486
v 0.650057 1.534193 -0.282663
v 0.620369 1.605684 -0.440341
v 0.683934 1.607852 -0.478833
v -0.013014 1.028326 -0.981515
v 0.237104 1.061466 -0.962242
v 0.567680 1.141428 -0.814370
v 0.765993 1.373705 -0.630321
v 0.832995 1.308322 -0.561507
v 0.578775 1.029492 -0.791330
v 0.255898 0.949894 -0.942617
v -0.012205 0.922260 -0.937587
v 0.814416 1.243243 -0.468702
v 0.527168 0.955772 -0.720057
v 0.264610 0.884415 -0.848765
v -0.011198 0.878328 -0.831528
v 0.721261 1.216607 -0.406224
v 0.443130 0.963498 -0.642285
v 0.258327 0.903195 -0.735619
v -0.010014 0.922291 -0.725471
v 0.608130 1.243937 -0.410563
v 0.375653 1.049107 -0.603547
v 0.240385 0.995448 -0.669575
v -0.009739 1.028385 -0.681539
v 0.540454 1.309424 -0.479787
v 0.357633 1.183537 -0.627115
v 0.221296 1.108757 -0.689246
v -0.009944 1.135773 -0.725494
v 0.558518 1.394551 -0.572864
v 0.410909 1.236639 -0.736931
v 0.212381 1.192397 -0.813099
v -0.012159 1.178326 -0.861520
v 0.652164 1.401153 -0.635113
v 0.500320 1.226020 -0.775701
v 0.219228 1.153633 -0.896161
v -0.012775 1.134392 -0.937582
v 0.778152 1.973101 -0.331245
v 0.885753 1.957098 -0.289988
v 0.931217 1.919985 -0.190627
v 0.888444 1.883382 -0.091160
v 0.782514 1.868847 -0.050097
v 0.674958 1.885059 -0.091741
v 0.623231 1.938465 -0.249229
v 0.671470 1.958776 -0.290498
v 0.695359 2.275916 -0.157468
v 0.801779 2.242986 -0.127578
v 0.846570 2.164979 -0.055549
v 0.803485 2.087474 0.016564
v 0.697772 2.055990 0.046590
v 0.591500 2.089097 0.019327
v 0.541430 2.223431 -0.079366
v 0.589675 2.244642 -0.125742
v 0.627317 2.376933 0.062890
v 0.722452 2.332589 0.105038
v 0.761322 2.226579 0.122802
v 0.721135 2.121022 0.103733
v 0.625418 2.077899 0.058210
v 0.530696 2.122431 0.014757
v 0.491468 2.268458 0.000174
v 0.531653 2.333776 0.020412
v 0.516904 2.372442 0.270152
v 0.566735 2.328028 0.359623
v 0.586258 2.221933 0.393227
v 0.564100 2.116132 0.351211
v 0.513403 2.072988 0.256956
v 0.463757 2.117915 0.165312
v 0.443784 2.253103 0.133087
v 0.465974 2.329453 0.175667
v 0.368192 2.456307 0.331828
v 0.381899 2.412324 0.436878
v 0.386263 2.306303 0.475901
v 0.378675 2.200417 0.426503
v 0.363876 2.156998 0.316706
v 0.350831 2.201678 0.210191
v 0.345935 2.337622 0.180688
v 0.353249 2.412894 0.221419
v 0.171377 2.503132 0.359143
v 0.168851 2.459204 0.468117
v 0.166584 2.353289 0.508425
v 0.163706 2.247979 0.457204
v 0.160989 2.206075 0.344765
v 0.169330 2.247465 0.236011
v 0.172110 2.383260 0.205078
v 0.172689 2.459203 0.245927
v 0.000926 2.515676 0.364653
v 0.002342 2.471747 0.474174
v 0.002943 2.365964 0.514479
v 0.002284 2.259663 0.462939
v 0.000821 2.215935 0.350099
v -0.000582 2.259650 0.241490
v -0.001015 2.395690 0.210271
v -0.000504 2.471746 0.251032
v -0.818399 1.622126 -0.481677
v -0.918653 1.606079 -0.419387
v -0.944089 1.568957 -0.312827
v -0.880367 1.532412 -0.224195
v -0.764318 1.517934 -0.205653
v -0.662696 1.534197 -0.268474
v -0.636750 1.605684 -0.426406
v -0.701142 1.607852 -0.463493
v -0.262858 1.061467 -0.957205
v -0.591052 1.141428 -0.802303
v -0.785926 1.373705 -0.613731
v -0.851543 1.308322 -0.543382
v -0.601473 1.029492 -0.779159
v -0.280894 0.949894 -0.937295
v -0.830965 1.243243 -0.451005
v -0.548200 0.955772 -0.709093
v -0.287327 0.884422 -0.843397
v -0.736418 1.216609 -0.390637
v -0.462369 0.963497 -0.633166
v -0.278353 0.903202 -0.730555
v -0.622842 1.243937 -0.397996
v -0.393782 1.049141 -0.595912
v -0.259440 0.995458 -0.664756
v -0.556952 1.309424 -0.468280
v -0.377525 1.184536 -0.619248
v -0.241160 1.108828 -0.684676
v -0.577479 1.394551 -0.560560
v -0.437686 1.253821 -0.718969
v -0.235490 1.192397 -0.808507
v -0.672394 1.401153 -0.620814
v -0.523084 1.226020 -0.764945
v -0.243900 1.153633 -0.891442
v -0.792568 1.973101 -0.313047
v -0.899211 1.957098 -0.269253
v -0.942383 1.919985 -0.168787
v -0.897322 1.883382 -0.070274
v -0.790486 1.868847 -0.031599
v -0.683939 1.885059 -0.075767
v -0.635753 1.938465 -0.234695
v -0.684948 1.958776 -0.274816
v -0.706006 2.275916 -0.140712
v -0.811701 2.242986 -0.108229
v -0.854769 2.164979 -0.035082
v -0.809993 2.087474 0.036160
v -0.703594 2.055990 0.063687
v -0.598063 2.089093 0.034034
v -0.550227 2.223431 -0.066372
v -0.599577 2.244642 -0.111557
v -0.632758 2.376933 0.078226
v -0.726836 2.332589 0.122660
v -0.765267 2.226579 0.141446
v -0.725563 2.121022 0.121477
v -0.631001 2.077899 0.073680
v -0.537419 2.122424 0.028062
v -0.498431 2.268458 0.012089
v -0.538137 2.333776 0.033363
v -0.517300 2.372442 0.282896
v -0.564854 2.328028 0.373677
v -0.583478 2.221932 0.407713
v -0.562359 2.116132 0.365340
v -0.514079 2.072980 0.269872
v -0.466761 2.117906 0.177033
v -0.447568 2.253103 0.143911
v -0.468717 2.329453 0.187078
v -0.367073 2.456307 0.340978
v -0.378112 2.412324 0.446406
v -0.381455 2.306304 0.485574
v -0.375105 2.200419 0.436011
v -0.363071 2.156998 0.325911
v -0.352732 2.201666 0.219173
v -0.348590 2.337622 0.189164
v -0.354893 2.412894 0.230164
v -0.169620 2.503132 0.363405
v -0.164272 2.459204 0.472336
v -0.160784 2.353288 0.512672
v -0.159295 2.248014 0.461277
v -0.159576 2.206154 0.348616
v -0.170609 2.247469 0.240381
v -0.174217 2.383260 0.209327
v -0.173772 2.459203 0.250231
v -0.007406 2.638214 -0.328908
v -0.116823 2.641996 -0.258580
v 0.105227 2.640781 -0.123413
v 0.103615 2.641996 -0.261194
v -0.004188 2.631870 -0.053903
v -0.115211 2.640781 -0.120784
v -0.005737 2.964301 -0.186196
v 0.132372 2.619011 -0.111197
v -0.003890 2.608300 -0.028500
v -0.142061 2.619011 -0.107922
v -0.143972 2.621496 -0.271487
v -0.007698 2.612551 -0.354604
v 0.130461 2.621496 -0.274737
v -0.003659 2.545208 -0.008523
v 0.159923 2.557278 -0.102059
v 0.157784 2.561110 -0.286124
v -0.007915 2.546983 -0.375129
v -0.171535 2.561110 -0.282232
v -0.169396 2.557278 -0.098122
v 0.052614 2.854619 -0.144417
v -0.006806 2.851485 -0.276030
v -0.063095 2.854619 -0.143041
v -0.004730 2.849516 -0.100658
v 0.051580 2.853112 -0.232588
v -0.064150 2.853112 -0.231212
v -0.013066 2.387786 -0.840339
v -0.122730 2.435318 -0.787848
v 0.098957 2.516117 -0.676836
v 0.097709 2.435318 -0.790378
v -0.010593 2.551517 -0.615471
v -0.121480 2.516117 -0.674293
v -0.014042 2.738499 -0.921161
v 0.126207 2.506722 -0.654580
v -0.010197 2.544575 -0.579784
v -0.148226 2.506722 -0.651411
v -0.149692 2.410231 -0.785247
v -0.013126 2.353827 -0.847383
v 0.124743 2.410231 -0.788393
v -0.009608 2.501539 -0.526339
v 0.154133 2.463049 -0.611839
v 0.152530 2.354653 -0.760415
v -0.012821 2.290256 -0.824425
v -0.176791 2.354653 -0.756647
v -0.175187 2.463049 -0.608030
v 0.044976 2.673942 -0.819424
v -0.014129 2.592607 -0.928090
v -0.070751 2.673942 -0.818092
v -0.012420 2.698308 -0.780226
v 0.044120 2.623016 -0.894902
v -0.071609 2.623016 -0.893570
v -0.015556 1.885093 -1.101261
v -0.125642 1.951424 -1.083356
v 0.095166 2.082490 -1.044737
v 0.094797 1.951424 -1.085802
v -0.014749 2.144629 -1.012931
v -0.125273 2.082490 -1.042276
v -0.018592 2.118003 -1.368820
v 0.122432 2.087867 -1.020178
v -0.014430 2.161543 -0.982194
v -0.152003 2.087867 -1.017111
v -0.152461 1.932657 -1.067730
v -0.015353 1.853110 -1.085215
v 0.121973 1.932657 -1.070773
v -0.013730 2.160933 -0.915560
v 0.150546 2.078198 -0.958428
v 0.150034 1.903559 -1.017184
v -0.014683 1.812522 -1.029867
v -0.179289 1.903559 -1.013537
v -0.178775 2.078198 -0.954742
v 0.040531 2.124707 -1.252335
v -0.017705 2.000449 -1.288906
v -0.075198 2.124707 -1.251047
v -0.017168 2.165436 -1.236204
v 0.040270 2.041967 -1.277465
v -0.075460 2.041967 -1.276178
v -0.014819 1.328658 -1.086120
v -0.125258 1.394407 -1.096183
v 0.094884 1.526523 -1.118526
v 0.095181 1.394407 -1.098538
v -0.015363 1.593897 -1.119382
v -0.125555 1.526523 -1.116157
v -0.018474 1.419109 -1.425794
v 0.122069 1.542338 -1.099326
v -0.015190 1.622837 -1.100198
v -0.152368 1.542338 -1.096372
v -0.152008 1.383982 -1.073840
v -0.014555 1.305398 -1.061831
v 0.122429 1.383982 -1.076769
v -0.014634 1.654693 -1.041086
v 0.150122 1.562309 -1.040241
v 0.150554 1.379430 -1.015436
v -0.013822 1.288476 -0.998221
v -0.178770 1.379431 -1.011929
v -0.179204 1.562309 -1.036687
v 0.040350 1.472293 -1.323650
v -0.017114 1.355248 -1.303700
v -0.075380 1.472293 -1.322408
v -0.017541 1.512245 -1.326689
v 0.040507 1.394241 -1.310891
v -0.075221 1.394241 -1.309651
v -0.013281 2.225754 -0.870108
v 0.216695 2.107394 -0.930201
v 0.215997 1.862900 -1.012443
v -0.016009 1.736790 -1.038309
v -0.245054 1.862900 -1.007353
v -0.244355 2.107394 -0.925023
v 0.193304 1.598114 -1.022295
v 0.200344 1.349803 -0.979975
v -0.013082 1.227588 -0.938087
v -0.227741 1.349804 -0.975425
v -0.222055 1.598114 -1.017801
v -0.008765 2.523962 -0.450646
v 0.220447 2.450197 -0.572422
v 0.218201 2.318441 -0.780418
v -0.242849 2.318441 -0.775155
v -0.240602 2.450197 -0.567080
v -0.002787 2.511359 0.064676
v 0.216002 2.543365 -0.103537
v 0.207342 2.522141 -0.374165
v -0.223081 2.522141 -0.369109
v -0.225492 2.543365 -0.098261
v 0.396576 1.522092 -0.982683
v 0.380168 1.662282 -0.991670
v 0.599126 1.554235 -0.848864
v 0.506048 1.468070 -0.911274
v 0.582712 1.694427 -0.857873
v 0.473224 1.748451 -0.929269
v 0.665590 1.611752 -1.187509
v 0.613415 1.539375 -0.815696
v 0.591450 1.712492 -0.827940
v 0.456669 1.781163 -0.915797
v 0.343877 1.676716 -0.991434
v 0.365835 1.503598 -0.979223
v 0.500602 1.434928 -0.891341
v 0.580999 1.732741 -0.762721
v 0.607368 1.525000 -0.748017
v 0.472018 1.399664 -0.838779
v 0.310300 1.482068 -0.944246
v 0.283917 1.689809 -0.958902
v 0.419253 1.815145 -0.868143
v 0.662607 1.582138 -1.058156
v 0.556248 1.565264 -1.128416
v 0.596549 1.684102 -1.100352
v 0.654025 1.655739 -1.062866
v 0.613720 1.536901 -1.090931
v 0.547664 1.638863 -1.133125
v 0.458263 2.419822 -0.421670
v 0.367995 2.509892 -0.360498
v 0.562596 2.376714 -0.204366
v 0.555551 2.353233 -0.343604
v 0.472342 2.466784 -0.143196
v 0.375037 2.533372 -0.221252
v 0.670534 2.683497 -0.333331
v 0.573483 2.345006 -0.184356
v 0.461013 2.456753 -0.110481
v 0.339988 2.540037 -0.205367
v 0.331454 2.511575 -0.374153
v 0.443954 2.399829 -0.448022
v 0.564957 2.316543 -0.353113
v 0.424242 2.417408 -0.067189
v 0.559207 2.283313 -0.155837
v 0.548992 2.249158 -0.358324
v 0.403798 2.349100 -0.472221
v 0.268781 2.483196 -0.383586
v 0.279011 2.517350 -0.181042
v 0.651054 2.565970 -0.274859
v 0.596253 2.588603 -0.388963
v 0.552586 2.648216 -0.283726
v 0.603674 2.613257 -0.242737
v 0.647340 2.553643 -0.347974
v 0.548876 2.635890 -0.356839
v 0.520366 2.015152 -0.819793
v 0.470176 2.143159 -0.786611
v 0.680835 2.030143 -0.635462
v 0.625695 1.958644 -0.744204
v 0.630670 2.158150 -0.602284
v 0.525337 2.214658 -0.677848
v 0.788922 2.221274 -0.907827
v 0.692390 2.006716 -0.606436
v 0.629030 2.164903 -0.566920
v 0.498802 2.236426 -0.659205
v 0.431941 2.149760 -0.791039
v 0.495333 1.991571 -0.830566
v 0.625555 1.920049 -0.738244
v 0.602375 2.156994 -0.503673
v 0.678416 1.967168 -0.551080
v 0.598226 1.863171 -0.709243
v 0.441965 1.948996 -0.820033
v 0.365882 2.138824 -0.772601
v 0.446099 2.242821 -0.614405
v 0.770859 2.145331 -0.800503
v 0.686579 2.137461 -0.897293
v 0.689242 2.242201 -0.822745
v 0.744541 2.212534 -0.783068
v 0.741878 2.107795 -0.857615
v 0.660260 2.204665 -0.879858
v 0.409124 2.408551 0.018585
v 0.602460 2.181591 -0.408543
v 0.391424 2.311630 -0.565792
v 0.692833 1.896564 -0.487973
v 0.619738 1.780744 -0.712815
v 0.397132 1.898505 -0.864164
v 0.290035 2.164741 -0.804608
v 0.635144 1.512919 -0.667301
v 0.471778 1.326354 -0.796205
v 0.240077 1.413841 -0.992795
v 0.206562 1.725637 -1.013516
v -0.424410 1.522092 -0.973806
v -0.408368 1.662282 -0.983086
v -0.624131 1.554235 -0.835569
v -0.532296 1.468070 -0.900054
v -0.608094 1.694427 -0.844828
v -0.500222 1.748451 -0.918593
v -0.697975 1.611769 -1.172671
v -0.637691 1.539375 -0.802101
v -0.616222 1.712492 -0.814681
v -0.483437 1.781163 -0.905460
v -0.372092 1.676716 -0.983636
v -0.393566 1.503598 -0.971024
v -0.526369 1.434928 -0.880269
v -0.604424 1.732741 -0.749654
v -0.630177 1.525000 -0.734568
v -0.496563 1.399664 -0.828383
v -0.337198 1.482068 -0.937281
v -0.311462 1.689809 -0.952411
v -0.445089 1.815145 -0.858595
v -0.692166 1.582138 -1.043421
v -0.587334 1.565265 -1.115990
v -0.627076 1.684102 -1.087026
v -0.683714 1.655739 -1.048302
v -0.643976 1.536901 -1.077265
v -0.578883 1.638863 -1.120872
v -0.474992 2.419822 -0.410753
v -0.383376 2.509892 -0.351667
v -0.574291 2.376714 -0.190946
v -0.570462 2.353233 -0.330392
v -0.482661 2.466784 -0.131857
v -0.387209 2.533372 -0.212229
v -0.685162 2.683496 -0.317406
v -0.584718 2.345006 -0.170660
v -0.470574 2.456753 -0.099393
v -0.351805 2.540037 -0.197167
v -0.347157 2.511575 -0.366183
v -0.461271 2.399828 -0.437456
v -0.580064 2.316543 -0.339705
v -0.432812 2.417408 -0.056937
v -0.569784 2.283313 -0.142460
v -0.564183 2.249158 -0.345334
v -0.421622 2.349100 -0.462631
v -0.284703 2.483196 -0.377095
v -0.290290 2.517350 -0.174277
v -0.664365 2.565970 -0.259361
v -0.612258 2.588603 -0.374740
v -0.566146 2.648216 -0.270534
v -0.616256 2.613257 -0.228347
v -0.662370 2.553643 -0.332555
v -0.564146 2.635890 -0.343729
v -0.545492 2.015153 -0.807811
v -0.494729 2.143159 -0.775683
v -0.701921 2.030143 -0.619792
v -0.649088 1.958645 -0.729879
v -0.651134 2.158150 -0.587660
v -0.547541 2.214658 -0.665616
v -0.816147 2.221274 -0.889643
v -0.712815 2.006716 -0.590512
v -0.648726 2.164903 -0.552310
v -0.520624 2.236426 -0.647559
v -0.456607 2.149760 -0.780975
v -0.520669 1.991572 -0.819164
v -0.648775 1.920049 -0.723952
v -0.620699 2.156994 -0.489626
v -0.697598 1.967168 -0.535481
v -0.620739 1.863171 -0.695616
v -0.467004 1.948997 -0.809867
v -0.390143 2.138824 -0.764039
v -0.466980 2.242821 -0.603935
v -0.795658 2.145331 -0.782754
v -0.713566 2.137461 -0.881447
v -0.714588 2.242201 -0.806824
v -0.768974 2.212534 -0.765902
v -0.767953 2.107795 -0.840527
v -0.686884 2.204664 -0.864596
v -0.415673 2.408551 0.028527
v -0.618694 2.181591 -0.394416
v -0.411304 2.311630 -0.556532
v -0.710573 1.896564 -0.472070
v -0.642180 1.780744 -0.698812
v -0.423035 1.898506 -0.855045
v -0.315040 2.164739 -0.797756
v -0.658407 1.528101 -0.658159
v -0.495294 1.326355 -0.785883
v -0.272606 1.431005 -0.978312
v -0.238008 1.725608 -1.008661
v 0.372287 1.260897 -0.822511
v -0.411663 1.265498 -0.814238
v -0.701930 1.683270 -0.555600
v 0.682673 1.683270 -0.570944
v 1.307676 1.363883 0.294192
v 1.261982 1.299275 0.296052
v 1.193752 1.462777 0.294898
v 1.273921 1.446452 0.293555
v 1.153804 1.300792 0.648410
v 1.137276 1.243425 0.580067
v 1.069391 1.418824 0.578437
v 1.119921 1.388534 0.647588
v 0.974113 1.383870 0.618798
v 1.041120 1.206054 0.620590
v 0.996362 1.344280 0.697199
v 1.031269 1.251803 0.698127
v 0.976204 1.284802 0.776945
v 1.173340 1.458376 0.418191
v 1.242970 1.289428 0.419439
v 1.141355 1.446561 0.491577
v 1.210498 1.273412 0.493022
v 1.246881 1.440496 0.450351
v 1.210182 1.426085 0.535222
v 1.246119 1.335724 0.535987
v 1.282870 1.351757 0.451052
v 1.301759 1.410702 0.530752
v 0.650996 1.115242 0.312453
v 0.733148 1.092904 0.311180
v 0.668745 1.275313 0.309009
v 0.618852 1.206270 0.311370
v 0.826676 1.176365 0.657449
v 0.876520 1.141153 0.587306
v 0.807467 1.325150 0.585444
v 0.792619 1.267549 0.656511
v 0.906166 1.360201 0.620603
v 0.974065 1.179641 0.622427
v 0.917800 1.315554 0.699336
v 0.952888 1.222121 0.700285
v 0.694126 1.282510 0.431140
v 0.760267 1.100714 0.433150
v 0.729977 1.295487 0.502687
v 0.798727 1.111573 0.504571
v 0.652713 1.218292 0.466583
v 0.694341 1.233040 0.549319
v 0.729543 1.137904 0.550323
v 0.687138 1.123743 0.467626
v 0.636690 1.158703 0.549072
v 1.137177 1.287006 -0.050620
v 1.125076 1.235519 0.019998
v 1.061112 1.404586 0.018296
v 1.105300 1.372233 -0.051506
v 0.961827 1.371882 -0.016905
v 1.027038 1.194888 -0.015002
v 0.978526 1.328947 -0.094391
v 1.012155 1.236703 -0.093371
v 0.953565 1.266985 -0.170947
v 1.173698 1.446048 0.172704
v 1.237151 1.286226 0.174099
v 1.139021 1.431485 0.101123
v 1.201819 1.269668 0.102645
v 1.242319 1.428857 0.138365
v 1.201802 1.411288 0.055648
v 1.234786 1.325571 0.056472
v 1.275615 1.344050 0.139131
v 1.291932 1.397113 0.056864
v 0.807878 1.166178 -0.041545
v 0.861024 1.132626 0.027523
v 0.794904 1.319849 0.025306
v 0.775272 1.258736 -0.042649
v 0.892866 1.349906 -0.015084
v 0.958917 1.168175 -0.013069
v 0.899406 1.301720 -0.092267
v 0.933268 1.207729 -0.091199
v 0.687650 1.285432 0.185620
v 0.751626 1.099334 0.187964
v 0.720333 1.296863 0.112193
v 0.784854 1.109176 0.114555
v 0.643570 1.219107 0.154490
v 0.681157 1.231438 0.069628
v 0.714578 1.134594 0.070838
v 0.676778 1.122834 0.155696
v 0.622401 1.157177 0.075083
v -1.291144 1.341571 0.348874
v -1.243547 1.278281 0.347578
v -1.180151 1.443790 0.345324
v -1.259824 1.425142 0.347756
v -1.116521 1.277519 0.693646
v -1.102061 1.221790 0.623672
v -1.039410 1.398914 0.621416
v -1.085249 1.366143 0.692519
v -0.941175 1.365795 0.656373
v -1.002813 1.186538 0.658604
v -0.957994 1.324492 0.735069
v -0.990128 1.231197 0.736231
v -0.931857 1.264402 0.812676
v -1.152971 1.438072 0.467287
v -1.217545 1.267313 0.469588
v -1.116723 1.426047 0.538751
v -1.180705 1.251075 0.541043
v -1.224144 1.417603 0.502847
v -1.182490 1.402949 0.585500
v -1.215740 1.311623 0.586691
v -1.257487 1.327903 0.504038
v -1.273721 1.385026 0.585474
v -0.627428 1.111777 0.329423
v -0.708899 1.087090 0.331923
v -0.649840 1.271333 0.329759
v -0.597950 1.203725 0.328344
v -0.785909 1.162334 0.683958
v -0.838394 1.127027 0.615953
v -0.774935 1.312372 0.613655
v -0.754600 1.254258 0.682824
v -0.872592 1.343948 0.654359
v -0.934982 1.162127 0.656618
v -0.878637 1.297949 0.732741
v -0.910909 1.203753 0.733910
v -0.668824 1.275735 0.453088
v -0.729601 1.092149 0.455301
v -0.701141 1.286470 0.526563
v -0.764389 1.100914 0.528855
v -0.623743 1.212183 0.485247
v -0.661264 1.224379 0.570221
v -0.693635 1.128360 0.571396
v -0.655381 1.116697 0.486399
v -0.601603 1.151772 0.565778
v -1.137369 1.275163 -0.005487
v -1.120097 1.222515 0.063763
v -1.060762 1.394605 0.061617
v -1.107856 1.361789 -0.006556
v -0.962557 1.365493 0.020891
v -1.022913 1.185447 0.023084
v -0.982310 1.323050 -0.056530
v -1.013369 1.229369 -0.055399
v -0.959813 1.262936 -0.135343
v -1.166161 1.429839 0.222165
v -1.225067 1.267609 0.224278
v -1.134912 1.417675 0.148725
v -1.193216 1.253110 0.150824
v -1.236123 1.411036 0.190927
v -1.199597 1.396106 0.105989
v -1.230173 1.309044 0.107092
v -1.266995 1.325007 0.192037
v -1.289203 1.379054 0.111521
v -0.804543 1.164173 -0.015249
v -0.853005 1.127679 0.055941
v -0.792150 1.317547 0.053711
v -0.774557 1.257978 -0.016348
v -0.892977 1.345495 0.018843
v -0.954003 1.160805 0.021066
v -0.902408 1.298140 -0.058877
v -0.933637 1.202750 -0.057737
v -0.675585 1.283130 0.207740
v -0.734159 1.095082 0.209897
v -0.712436 1.295031 0.136294
v -0.771561 1.105186 0.138471
v -0.631392 1.218623 0.173170
v -0.673799 1.231416 0.090544
v -0.704430 1.133473 0.091671
v -0.661802 1.121338 0.174289
v -0.612773 1.158710 0.091668
vn 0.1527 0.9454 0.2880
vn 0.6098 0.6151 0.4998
vn 0.3373 0.6785 0.6526
vn 0.1360 0.9511 0.2772
vn 0.2387 0.8618 0.4475
vn 0.0018 0.9266 0.3761
vn 0.5575 0.6307 0.5398
vn -0.1522 0.4134 0.8977
vn 0.5671 0.3541 0.7436
vn 0.2680 -0.5725 0.7749
vn 0.2577 0.8598 0.4408
vn 0.4168 0.3920 0.8201
vn 0.7683 -0.2300 0.5973
vn 0.3734 0.0933 0.9230
vn 0.5694 -0.5016 0.6513
vn 0.0027 0.5047 0.8633
vn 0.0025 0.6133 0.7898
vn 0.0031 0.2114 0.9774
vn 0.0016 0.8656 0.5008
vn 0.5332 0.7695 0.3515
vn 0.2393 0.9283 0.2846
vn 0.4686 0.8480 0.2476
vn 0.2361 0.9685 0.0793
vn 0.0010 0.9452 0.3265
vn 0.3676 0.9294 0.0324
vn 0.2487 0.9468 -0.2042
vn 0.0003 0.9940 0.1094
vn 0.1369 0.9899 -0.0365
vn 0.2919 0.9404 0.1745
vn 0.1461 0.9893 0.0023
vn -0.0002 0.9973 -0.0729
vn 0.1677 0.9112 -0.3763
vn 0.2679 0.9485 -0.1688
vn -0.0015 0.8881 -0.4596
vn 0.2424 0.9700 -0.0205
vn 0.4633 0.8745 0.1432
vn 0.0017 0.8538 0.5206
vn 0.2564 0.8034 0.5374
vn 0.5070 0.6275 0.5909
vn 0.4024 0.9137 0.0568
vn 0.5403 0.7709 0.3373
vn 0.5428 0.4894 0.6826
vn 0.5243 0.4723 0.7086
vn 0.8131 0.0536 0.5797
vn 0.7307 0.5039 0.4606
vn 0.6801 0.6365 0.3637
vn 0.9251 0.1187 0.3606
vn 0.8886 0.1188 0.4430
vn 0.5478 0.6565 0.5186
vn 0.7459 0.5093 0.4292
vn 0.5863 0.6876 0.4283
vn 0.7334 0.6363 0.2395
vn 0.8043 0.2804 0.5239
vn 0.4177 -0.2540 0.8724
vn 0.7563 -0.3276 0.5663
vn 0.8843 -0.3537 0.3049
vn 0.8552 -0.4298 0.2897
vn 0.8939 0.0684 0.4430
vn 0.8526 -0.2769 0.4432
vn 0.8091 -0.4553 0.3717
vn 0.9398 0.2489 0.2341
vn 0.6235 -0.6857 0.3756
vn 0.6337 -0.7507 0.1864
vn 0.3076 -0.6435 0.7010
vn 0.6898 -0.7223 0.0490
vn 0.7596 0.6110 0.2229
vn 0.7028 0.6568 0.2732
vn 0.8888 -0.3276 0.3206
vn 0.9556 0.2931 -0.0293
vn 0.8082 0.5886 0.0170
vn 0.9624 -0.1664 -0.2145
vn 0.9072 0.2260 -0.3550
vn 0.9139 0.2932 -0.2807
vn 0.7599 0.6369 0.1296
vn 0.7110 0.6354 0.3011
vn 0.4563 0.8160 0.3548
vn 0.3223 0.9460 0.0333
vn 0.4396 0.8380 0.3233
vn 0.5835 0.5575 0.5905
vn 0.6168 0.4593 0.6392
vn 0.8808 0.2178 0.4205
vn 0.9909 0.0576 -0.1213
vn 0.8402 0.2430 0.4849
vn 0.8472 0.0825 -0.5249
vn 0.8048 0.1178 -0.5817
vn 0.5925 0.4306 -0.6808
vn 0.5639 0.4857 -0.6679
vn 0.3124 0.9496 -0.0255
vn 0.3636 0.8613 -0.3549
vn 0.3778 0.8361 -0.3977
vn 0.4134 0.8552 -0.3127
vn 0.2300 0.8076 -0.5431
vn -0.0006 0.9812 -0.1931
vn 0.8531 0.4902 -0.1788
vn 0.8465 0.4738 -0.2426
vn 0.8293 0.4407 -0.3437
vn 0.8523 0.3998 -0.3371
vn 0.9689 -0.2249 0.1036
vn 0.9977 0.0649 -0.0204
vn 0.9321 0.2961 -0.2084
vn -0.0018 0.8397 -0.5430
vn 0.4494 0.6933 -0.5634
vn 0.2028 0.6120 -0.7644
vn 0.7074 0.5765 -0.4089
vn 0.6078 0.5724 -0.5503
vn 0.7457 0.4889 -0.4527
vn 0.0030 -0.3224 0.9466
vn 0.0170 -0.6763 0.7364
vn 0.1594 -0.3205 0.9337
vn 0.8449 0.4145 -0.3381
vn 0.0029 0.4245 0.9054
vn 0.1881 0.3563 0.9153
vn 0.4367 0.2321 0.8692
vn 0.3316 -0.1520 0.9311
vn 0.4314 0.1953 0.8808
vn 0.4926 0.1059 0.8638
vn 0.2853 -0.1376 0.9485
vn 0.7155 0.6419 0.2758
vn 0.0883 -0.5652 0.8202
vn 0.0728 -0.5291 0.8454
vn 0.0022 -0.7205 0.6935
vn -0.1809 -0.8056 0.5641
vn -0.1871 -0.7895 0.5845
vn -0.0990 -0.8377 0.5371
vn 0.1841 -0.9027 0.3890
vn 0.4229 -0.9058 0.0273
vn 0.4247 -0.8843 -0.1939
vn 0.5882 -0.8087 0.0066
vn 0.3022 -0.9477 0.1023
vn 0.3638 -0.9086 -0.2050
vn 0.4094 -0.7924 0.4522
vn 0.6228 -0.4465 0.6425
vn 0.8379 -0.4324 0.3332
vn 0.9426 -0.1622 -0.2920
vn 0.9422 -0.1359 0.3061
vn 0.8266 -0.5502 -0.1187
vn 0.8731 -0.4779 -0.0969
vn -0.0029 0.6290 -0.7774
vn -0.0032 0.7354 -0.6776
vn 0.3564 0.5698 -0.7405
vn 0.2359 0.7193 -0.6534
vn 0.7361 0.4918 -0.4651
vn 0.5965 0.6091 -0.5227
vn 0.4885 0.5634 -0.6663
vn 0.3933 0.7156 -0.5772
vn 0.4904 0.7274 -0.4800
vn 0.5182 0.8029 -0.2948
vn 0.7793 0.6115 -0.1369
vn 0.5506 0.8318 0.0707
vn 0.8144 0.4450 -0.3726
vn 0.6317 0.2770 0.7240
vn 0.8018 0.4808 0.3548
vn 0.5027 0.7372 0.4514
vn -0.2524 -0.9425 0.2191
vn -0.1826 -0.9620 0.2031
vn 0.1191 -0.9502 -0.2880
vn 0.0237 -0.9955 0.0922
vn 0.1739 -0.9432 -0.2830
vn 0.0863 -0.9894 0.1167
vn 0.0214 -0.9928 -0.1178
vn -0.2083 -0.9711 -0.1165
vn 0.0006 -0.9840 0.1782
vn -0.1905 -0.9793 -0.0688
vn -0.0002 -0.9980 -0.0628
vn -0.0789 -0.9808 -0.1784
vn -0.0845 -0.9636 -0.2536
vn -0.0005 -0.9885 -0.1513
vn 0.0498 -0.9951 -0.0849
vn 0.0919 -0.9788 -0.1829
vn 0.0009 -0.9577 0.2879
vn 0.0419 -0.9412 0.3353
vn 0.0087 -0.9516 0.3073
vn 0.0029 -0.3734 0.9277
vn -0.0667 -0.2347 0.9698
vn -0.3850 -0.2530 0.8876
vn 0.0020 0.7722 0.6354
vn -0.1285 0.7429 0.6570
vn -0.3724 0.7438 0.5551
vn -0.0962 0.9947 0.0372
vn 0.2065 0.9349 0.2886
vn -0.0000 1.0000 0.0019
vn -0.0399 0.9960 -0.0798
vn 0.3964 0.9141 0.0855
vn 0.0007 0.9746 0.2238
vn -0.0825 0.9801 0.1807
vn 0.3093 0.9322 0.1880
vn -0.2147 -0.4237 0.8800
vn 0.1174 0.1968 0.9734
vn 0.6626 0.1816 0.7266
vn 0.3863 0.1051 0.9164
vn 0.8053 -0.2487 0.5383
vn 0.7880 -0.6111 0.0751
vn 0.2374 0.4170 0.8774
vn 0.0685 0.0405 0.9968
vn 0.7034 -0.2609 0.6611
vn 0.3677 -0.0557 0.9283
vn 0.6569 -0.7525 -0.0467
vn 0.7479 -0.6197 0.2378
vn 0.8942 -0.3967 0.2073
vn 0.6739 -0.7356 -0.0685
vn 0.7470 -0.5487 0.3754
vn 0.6840 -0.1882 0.7048
vn 0.9198 0.2205 0.3247
vn 0.7644 -0.6198 -0.1777
vn 0.5496 -0.0325 0.8348
vn 0.6249 -0.1306 0.7697
vn 0.9212 -0.3645 0.1361
vn 0.5367 -0.8094 -0.2385
vn 0.5880 0.0166 0.8087
vn 0.4969 -0.8607 -0.1108
vn 0.6385 -0.5684 0.5189
vn 0.6327 -0.7677 0.1016
vn 0.1790 -0.9576 -0.2260
vn 0.3888 -0.1899 0.9015
vn 0.3641 -0.0411 0.9305
vn 0.2551 -0.9669 -0.0109
vn 0.3882 -0.6450 0.6583
vn 0.0049 -0.6975 0.7166
vn 0.0093 -0.2248 0.9744
vn 0.0007 -0.9757 0.2193
vn -0.0008 -0.9753 -0.2208
vn 0.0129 -0.0672 0.9977
vn -0.0005 -0.9954 -0.0962
vn 0.1516 -0.7485 0.6456
vn 0.0023 -0.6989 0.7152
vn 0.2309 -0.9568 0.1766
vn 0.6358 -0.5687 0.5218
vn 0.8972 -0.0948 0.4314
vn 0.8381 0.4335 0.3313
vn 0.4312 -0.2519 0.8664
vn -0.0076 -0.2404 0.9706
vn 0.4917 0.6911 0.5298
vn 0.5376 0.2636 0.8010
vn 0.0031 -0.2039 0.9790
vn -0.1110 0.3416 0.9333
vn 0.0030 0.3355 0.9420
vn -0.1046 0.7733 0.6254
vn 0.0019 0.7902 0.6128
vn 0.2090 -0.2169 0.9536
vn 0.6767 -0.2167 0.7037
vn 0.7038 -0.0830 0.7056
vn 0.0125 -0.1812 0.9834
vn 0.0016 -0.8553 0.5182
vn -0.8495 -0.4538 -0.2690
vn -0.9314 -0.3591 0.0598
vn -0.8912 -0.4405 0.1079
vn -0.6289 -0.2336 0.7416
vn -0.0892 0.0032 0.9960
vn -0.1414 -0.0930 0.9856
vn 0.3332 0.1043 0.9371
vn 0.5835 0.1429 0.7995
vn 0.6441 0.2913 0.7073
vn 0.8207 0.2943 0.4897
vn 0.8114 0.4095 0.4170
vn 0.7145 0.3252 -0.6195
vn 0.4179 0.1095 -0.9018
vn 0.5949 0.1036 -0.7971
vn 0.6190 0.3707 -0.6924
vn 0.6660 0.3350 -0.6665
vn 0.4119 0.1601 -0.8970
vn 0.3192 0.1891 -0.9286
vn 0.7095 0.3150 -0.6304
vn 0.4752 0.0911 -0.8752
vn 0.9462 0.2877 0.1479
vn 0.9777 0.1728 -0.1195
vn 0.9682 0.2383 -0.0762
vn 0.8601 0.5087 0.0387
vn 0.8221 0.5538 -0.1322
vn 0.8449 0.5122 -0.1541
vn 0.8766 0.4584 0.1462
vn 0.6745 0.3866 0.6290
vn 0.8151 0.4782 0.3271
vn 0.8373 0.4851 0.2521
vn 0.6614 0.3535 0.6615
vn 0.1092 -0.7956 0.5959
vn -0.5225 -0.3677 0.7692
vn -0.4423 -0.4080 0.7987
vn 0.2887 0.1610 0.9438
vn 0.3161 0.1485 0.9370
vn -0.8340 0.5147 0.1990
vn 0.1421 -0.5613 0.8153
vn 0.9596 -0.1921 0.2056
vn -0.1795 -0.1167 0.9768
vn -0.1652 -0.1115 0.9799
vn -0.5750 -0.3552 0.7371
vn -0.7174 -0.5136 0.4707
vn -0.8489 -0.3183 0.4220
vn -0.7529 -0.4998 0.4281
vn -0.9060 -0.1986 0.3737
vn -0.8136 -0.5670 0.1287
vn -0.8006 -0.5814 0.1451
vn -0.8117 -0.5315 -0.2422
vn -0.8003 -0.5449 -0.2502
vn 0.3925 -0.7415 -0.5442
vn 0.9705 -0.0170 0.2406
vn 0.9773 -0.1927 0.0877
vn -0.4627 -0.3448 -0.8167
vn 0.3953 -0.3899 -0.8317
vn -0.6712 -0.3800 -0.6365
vn -0.7007 -0.4020 -0.5894
vn -0.0120 -0.1887 -0.9820
vn 0.6651 -0.2259 -0.7118
vn -0.4401 -0.2032 -0.8747
vn -0.0879 -0.0181 -0.9960
vn -0.3852 -0.1768 -0.9057
vn 0.0346 -0.3876 0.9212
vn -0.1357 -0.1153 0.9840
vn -0.0113 -0.0555 0.9984
vn 0.2552 0.3190 0.9127
vn 0.2850 0.2142 0.9343
vn 0.6409 0.4526 0.6200
vn 0.5129 0.6141 0.5998
vn -0.9927 0.1186 -0.0241
vn 0.8550 0.4976 0.1462
vn 0.4334 -0.1647 0.8860
vn 0.0099 -0.4906 0.8714
vn 0.4435 -0.4243 0.7895
vn 0.7814 -0.2496 0.5719
vn 0.8551 -0.2359 0.4617
vn 0.0085 -0.6334 0.7738
vn 0.3660 -0.5603 0.7431
vn 0.3002 -0.6737 0.6753
vn 0.0074 -0.7116 0.7026
vn 0.1836 -0.7984 0.5734
vn 0.0061 -0.8223 0.5691
vn 0.7578 -0.3823 0.5288
vn 0.6563 -0.5680 0.4965
vn 0.4210 -0.6990 0.5781
vn 0.8840 -0.2342 0.4045
vn 0.7949 -0.3856 0.4685
vn 0.5224 -0.4444 0.7277
vn -0.6801 -0.0046 0.7331
vn 0.0366 0.1446 0.9888
vn -0.0276 0.1029 0.9943
vn -0.7341 -0.0198 0.6788
vn 0.0322 0.0997 0.9945
vn -0.7497 -0.1160 0.6515
vn -0.0743 -0.0478 0.9961
vn -0.7569 -0.2550 0.6018
vn -0.0187 -0.4883 0.8725
vn -0.0091 -0.0188 -0.9998
vn 0.9306 0.2177 -0.2942
vn 0.8269 0.4476 -0.3404
vn 0.7702 0.4996 -0.3965
vn 0.7917 0.4687 -0.3917
vn 0.8073 0.4445 -0.3882
vn -0.3359 -0.1662 -0.9271
vn 0.0771 -0.0173 -0.9969
vn -0.6818 -0.3448 -0.6452
vn 0.5297 -0.0188 0.8480
vn 0.3993 0.0115 0.9168
vn 0.7111 -0.0130 0.7030
vn 0.7702 0.0070 0.6378
vn 0.7388 -0.3871 0.5517
vn -0.9045 -0.4047 0.1343
vn -0.9010 -0.4302 -0.0563
vn -0.8727 -0.4680 -0.1394
vn -0.6845 -0.7244 -0.0819
vn -0.6044 -0.6401 0.4742
vn 0.7899 0.5555 0.2597
vn 0.4855 0.8483 0.2115
vn 0.8388 0.5375 0.0859
vn 0.8344 0.5498 0.0387
vn -0.8727 -0.3904 -0.2932
vn 0.5024 0.0290 0.8641
vn 0.4242 -0.0970 0.9004
vn 0.5002 -0.3227 0.8035
vn 0.9681 -0.1877 -0.1659
vn 0.9086 -0.4037 -0.1067
vn -0.2427 -0.7105 -0.6605
vn 0.3650 -0.5671 -0.7384
vn -0.2667 -0.5352 -0.8015
vn 0.4518 -0.3478 -0.8215
vn 0.2647 -0.9643 -0.0016
vn 0.6894 -0.5139 -0.5105
vn 0.7235 -0.2821 -0.6301
vn 0.0085 -0.9349 -0.3549
vn 0.6466 -0.0151 0.7627
vn 0.8100 0.1409 0.5693
vn -0.5504 -0.7962 -0.2513
vn -0.7116 -0.7015 -0.0387
vn -0.8993 -0.3244 0.2933
vn -0.8312 -0.5560 -0.0011
vn -0.7610 -0.6125 -0.2138
vn -0.5190 -0.8546 -0.0156
vn -0.4866 -0.8558 0.1759
vn 0.6064 -0.0778 0.7914
vn -0.3541 -0.1828 0.9172
vn 0.5618 -0.0314 0.8266
vn -0.3949 -0.1293 0.9096
vn 0.9861 -0.0789 0.1465
vn -0.6118 -0.5352 -0.5825
vn -0.6871 -0.3183 -0.6531
vn -0.4922 -0.7567 -0.4303
vn -0.6117 -0.7805 -0.1291
vn -0.3156 -0.3035 -0.8991
vn -0.5061 -0.8435 -0.1799
vn -0.2931 -0.5580 -0.7763
vn -0.5809 -0.8120 -0.0564
vn -0.5102 -0.7850 -0.3515
vn 0.3545 0.0381 0.9343
vn -0.6464 -0.0327 0.7623
vn 0.9873 0.0767 0.1389
vn 0.9713 0.1938 0.1377
vn 0.5981 -0.3509 0.7205
vn 0.6023 -0.0763 0.7946
vn -0.6790 -0.6059 0.4145
vn 0.9871 -0.0924 -0.1307
vn 0.9820 0.1140 -0.1508
vn 0.9526 0.1292 -0.2754
vn 0.9880 -0.1326 0.0793
vn 0.9731 -0.2048 -0.1056
vn 0.9583 0.1001 -0.2675
vn 0.9706 -0.0621 -0.2324
vn 0.9528 -0.2384 -0.1879
vn 0.9722 -0.2110 -0.1018
vn 0.9412 -0.2617 -0.2135
vn -0.9258 -0.3374 0.1702
vn -0.3981 -0.4390 0.8055
vn -0.8259 -0.5556 0.0961
vn -0.7205 -0.6783 0.1445
vn -0.7968 -0.5760 0.1828
vn 0.3969 -0.4665 -0.7905
vn -0.4168 -0.5182 -0.7469
vn 0.9067 -0.4012 -0.1304
vn 0.7019 -0.2752 0.6569
vn -0.1580 -0.3378 0.9279
vn 0.8770 -0.3614 -0.3167
vn 0.8896 0.4480 -0.0885
vn 0.8447 0.5080 -0.1688
vn 0.9495 -0.2879 -0.1250
vn 0.2287 -0.4846 -0.8443
vn 0.9336 -0.3295 -0.1409
vn -0.8123 -0.5824 -0.0304
vn -0.5952 -0.5329 -0.6014
vn -0.8111 -0.5838 0.0357
vn 0.3805 0.0186 -0.9246
vn 0.0722 -0.0750 -0.9946
vn 0.7913 0.1781 -0.5850
vn 0.6197 0.0827 -0.7805
vn 0.3036 -0.0853 -0.9490
vn -0.0115 -0.2992 -0.9541
vn 0.8722 0.1031 -0.4781
vn 0.6326 0.0577 -0.7723
vn 0.1270 -0.1386 -0.9822
vn -0.2705 -0.3742 -0.8871
vn 0.9338 -0.0254 -0.3568
vn 0.6514 -0.0253 -0.7583
vn 0.8255 0.1232 -0.5509
vn 0.9526 -0.1987 -0.2305
vn 0.7454 -0.1129 -0.6570
vn 0.9051 -0.1354 -0.4031
vn 0.6431 -0.2693 0.7169
vn 0.9173 -0.3369 -0.2123
vn -0.3426 -0.3491 0.8722
vn -0.7101 -0.6770 -0.1936
vn -0.9558 -0.2888 -0.0544
vn -0.6015 -0.3765 -0.7046
vn -0.9065 -0.4006 0.1333
vn -0.5952 -0.2175 -0.7736
vn 0.2165 -0.3693 -0.9037
vn 0.1617 -0.1768 -0.9709
vn 0.0348 -0.1212 -0.9920
vn -0.5657 -0.2075 -0.7981
vn -0.8336 -0.4250 -0.3528
vn -0.5155 -0.6160 -0.5956
vn -0.8261 -0.4734 0.3057
vn 0.9319 -0.1404 0.3344
vn 0.9557 0.0478 0.2904
vn 0.8444 -0.1290 0.5199
vn 0.8844 0.1464 0.4432
vn 0.5775 -0.0712 0.8133
vn 0.7661 0.2129 0.6064
vn 0.9428 0.1652 0.2896
vn 0.9683 0.1792 0.1739
vn 0.9299 0.2192 0.2952
vn 0.9833 0.1697 0.0652
vn 0.9066 0.3020 0.2946
vn 0.9757 0.2104 -0.0619
vn 0.9543 -0.0330 -0.2972
vn 0.9836 0.1314 -0.1237
vn 0.9689 0.1222 -0.2152
vn 0.9178 0.0243 -0.3963
vn 0.9583 0.1201 0.2592
vn 0.9828 0.1164 -0.1433
vn 0.3219 -0.0196 0.9466
vn 0.7516 0.0845 0.6541
vn 0.8561 0.0009 -0.5169
vn 0.9709 0.0141 0.2391
vn 0.2762 -0.0484 0.9599
vn 0.7662 0.0065 0.6425
vn 0.8129 -0.0216 -0.5820
vn 0.9907 0.0134 -0.1351
vn 0.9806 0.0395 0.1920
vn 0.2774 0.0370 0.9600
vn 0.7992 0.0640 0.5977
vn 0.8170 -0.0112 -0.5766
vn 0.9895 0.0127 -0.1438
vn -0.2224 -0.1260 0.9668
vn 0.0835 -0.2640 0.9609
vn -0.2413 0.0307 0.9700
vn -0.1224 -0.7175 0.6857
vn 0.0002 -0.7988 0.6016
vn -0.1084 -0.4922 0.8637
vn -0.5457 -0.4565 0.7028
vn -0.0039 -0.6486 0.7611
vn -0.7006 -0.0560 0.7113
vn -0.5504 -0.2380 0.8003
vn 0.7337 -0.0733 -0.6755
vn 0.9196 0.1097 0.3773
vn 0.9910 -0.0879 0.1008
vn 0.9708 -0.0859 -0.2240
vn 0.6279 -0.3707 -0.6843
vn 0.7067 -0.7009 0.0969
vn 0.7662 -0.6424 0.0123
vn 0.8041 -0.5341 -0.2611
vn 0.1923 -0.9809 -0.0278
vn 0.2855 -0.9357 -0.2074
vn 0.0931 -0.9931 0.0716
vn -0.0164 -0.9998 -0.0105
vn -0.0020 -0.9887 -0.1498
vn -0.0210 -0.9963 0.0829
vn -0.1596 -0.9864 -0.0393
vn -0.2216 -0.9538 -0.2029
vn -0.7026 -0.7089 0.0614
vn -0.7122 -0.6928 -0.1131
vn -0.7228 -0.5573 -0.4087
vn -0.9964 -0.0146 0.0839
vn -0.9785 -0.0922 -0.1844
vn -0.8598 -0.0458 -0.5085
vn 0.3129 -0.7392 -0.5963
vn 0.0385 -0.8018 -0.5964
vn -0.2867 -0.7076 -0.6458
vn -0.5803 -0.4011 -0.7087
vn -0.6006 -0.0631 -0.7971
vn 0.2416 -0.0867 -0.9665
vn 0.3739 -0.1312 -0.9181
vn 0.5805 -0.1621 -0.7980
vn 0.1408 -0.2590 -0.9556
vn -0.2187 -0.1168 -0.9688
vn -0.1420 -0.2738 -0.9513
vn 0.6743 -0.4892 -0.5531
vn -0.2300 -0.2401 -0.9431
vn -0.5824 -0.1143 -0.8048
vn -0.9793 0.0878 0.1822
vn -0.9810 -0.0209 -0.1931
vn -0.8498 -0.1124 -0.5150
vn -0.9092 -0.4011 -0.1118
vn -0.7483 -0.5694 -0.3403
vn -0.9043 -0.2665 0.3336
vn -0.3775 -0.6300 -0.6787
vn 0.0279 -0.8418 0.5391
vn -0.5544 0.4541 0.6975
vn -0.1379 0.4580 0.8782
vn 0.3012 0.4312 0.8505
vn 0.7388 -0.1909 -0.6464
vn 0.8243 -0.1434 -0.5476
vn 0.0001 0.3408 -0.9401
vn 0.3390 0.1540 -0.9281
vn 0.4265 0.2686 -0.8637
vn 0.7249 0.0796 -0.6843
vn 0.8817 -0.2386 -0.4070
vn 0.9176 -0.2497 -0.3094
vn 0.8107 -0.5594 0.1728
vn 0.2526 -0.9461 0.2026
vn 0.4419 -0.7085 0.5502
vn 0.0008 -0.7301 0.6833
vn 0.4411 -0.7987 0.4093
vn -0.0000 -0.8818 0.4716
vn 0.4077 -0.8198 0.4022
vn -0.4445 -0.7732 0.4523
vn -0.0000 -0.8668 0.4986
vn 0.0017 -0.8261 0.5636
vn 0.4462 -0.7709 0.4546
vn 0.7698 -0.6169 0.1638
vn 0.7976 -0.5854 0.1455
vn 0.8086 -0.5697 0.1470
vn 0.9319 -0.2768 -0.2342
vn 0.9327 -0.2991 -0.2015
vn 0.9303 -0.2543 -0.2645
vn 0.8027 0.0554 -0.5938
vn 0.8457 0.0480 -0.5316
vn 0.7661 0.0720 -0.6387
vn 0.5470 0.2584 -0.7963
vn 0.6377 0.2560 -0.7265
vn 0.5049 0.2599 -0.8231
vn 0.8710 -0.0354 -0.4900
vn 0.5394 0.2851 -0.7923
vn 0.7084 -0.6876 0.1591
vn 0.9119 -0.3684 -0.1808
vn -0.6377 0.2560 -0.7265
vn -0.8710 -0.0354 -0.4900
vn -0.8456 0.0479 -0.5316
vn 0.3575 -0.8590 0.3664
vn 0.5465 0.0690 -0.8346
vn -0.0000 0.4239 -0.9057
vn 0.7728 -0.2716 -0.5735
vn 0.7823 -0.5748 -0.2400
vn 0.6030 -0.7952 0.0635
vn -0.0000 -0.9423 0.3349
vn 0.3415 -0.8971 0.2806
vn 0.0315 -0.9832 0.1798
vn 0.8246 -0.2742 -0.4948
vn 0.6663 -0.0070 -0.7456
vn 0.8024 -0.1795 -0.5691
vn 0.5623 -0.0193 -0.8267
vn -0.0000 0.2379 -0.9713
vn 0.2700 0.1623 -0.9491
vn 0.7986 -0.1603 -0.5801
vn 0.6879 -0.0441 -0.7245
vn -0.0000 -0.9994 -0.0349
vn -0.0000 -0.9192 -0.3939
vn -0.0000 -0.6281 -0.7781
vn -0.0000 0.0914 -0.9958
vn 0.2676 0.9176 -0.2939
vn 0.4420 0.8911 -0.1030
vn -0.0021 0.9451 -0.3267
vn 0.4189 0.8925 -0.1674
vn 0.4647 0.8643 -0.1924
vn 0.3615 0.9281 -0.0890
vn 0.3373 0.9071 -0.2518
vn 0.2368 0.9399 -0.2461
vn 0.4173 0.9078 0.0427
vn -0.0030 0.9583 -0.2857
vn 0.2646 0.9511 -0.1597
vn 0.2295 0.9301 -0.2867
vn 0.1916 0.9262 -0.3246
vn 0.3395 0.9405 0.0146
vn -0.0039 0.9379 -0.3470
vn 0.1915 0.9530 -0.2349
vn 0.1030 0.9082 -0.4056
vn 0.1542 0.9243 -0.3491
vn 0.2988 0.9515 -0.0727
vn -0.0046 0.9264 -0.3764
vn 0.0792 0.8948 -0.4395
vn 0.2998 0.8638 -0.4049
vn 0.1528 0.8589 -0.4888
vn -0.0056 0.8864 -0.4629
vn 0.6931 0.2676 -0.6694
vn 0.7542 0.5403 -0.3731
vn 0.6937 0.4532 -0.5598
vn 0.7744 0.6196 -0.1279
vn 0.7126 0.6950 0.0957
vn 0.6300 0.7241 0.2806
vn 0.5611 0.8245 -0.0728
vn 0.5201 0.8472 0.1085
vn 0.7762 0.1461 -0.6133
vn 0.5661 0.5092 -0.6483
vn 0.5180 0.7080 -0.4800
vn 0.5477 0.7835 -0.2936
vn 0.6482 0.3798 -0.6600
vn 0.3805 0.6642 -0.6435
vn 0.2947 0.9320 -0.2108
vn 0.1643 0.7259 -0.6678
vn 0.4283 0.5361 -0.7274
vn 0.1767 0.4512 -0.8748
vn 0.1715 0.6084 -0.7749
vn 0.7004 0.2776 -0.6576
vn 0.4284 0.3655 -0.8264
vn 0.8597 0.1461 -0.4894
vn 0.4061 0.2256 -0.8855
vn 0.2407 0.3013 -0.9226
vn 0.7037 0.1516 -0.6941
vn 0.8861 0.1090 -0.4504
vn 0.4260 0.2492 -0.8697
vn 0.2898 0.2716 -0.9178
vn 0.6917 0.1690 -0.7022
vn 0.8807 0.1040 -0.4621
vn 0.3344 0.2484 -0.9091
vn 0.7180 0.0662 -0.6929
vn 0.5177 0.1802 -0.8364
vn 0.8535 -0.0023 -0.5210
vn 0.4650 0.1117 -0.8782
vn -0.0000 0.3365 -0.9417
vn 0.2124 0.2666 -0.9401
vn 0.1370 0.2673 -0.9538
vn -0.0063 0.8443 -0.5359
vn 0.0067 0.8489 -0.5286
vn -0.0074 0.7638 -0.6454
vn -0.0076 0.7237 -0.6901
vn -0.0041 0.6135 -0.7897
vn -0.0072 0.6041 -0.7969
vn 0.0404 0.4732 -0.8800
vn -0.0059 0.4879 -0.8729
vn 0.0973 0.3579 -0.9287
vn -0.0040 0.3756 -0.9268
vn 0.1102 0.2837 -0.9526
vn -0.0018 0.2848 -0.9586
vn -0.0006 0.2749 -0.9615
vn 0.3606 -0.5351 -0.7640
vn -0.3684 -0.6721 -0.6423
vn 0.7906 -0.6093 -0.0610
vn -0.5683 -0.8228 0.0091
vn -0.0863 -0.6689 0.7384
vn 0.4599 -0.5848 0.6682
vn 0.7548 -0.4909 0.4351
vn 0.8345 -0.4927 -0.2465
vn -0.5541 -0.7241 -0.4106
vn -0.6267 -0.6994 0.3436
vn -0.0011 -0.6253 0.7804
vn 0.1526 -0.6528 -0.7420
vn -0.7915 -0.5852 0.1762
vn -0.1865 -0.5307 0.8268
vn 0.5682 -0.5130 0.6435
vn 0.3047 -0.5251 -0.7947
vn -0.5277 -0.4881 -0.6952
vn 0.8121 -0.5739 -0.1054
vn -0.2722 -0.9217 0.2765
vn 0.5682 -0.7595 0.3166
vn 0.7105 -0.6986 -0.0845
vn 0.3237 -0.7841 -0.5295
vn 0.1156 -0.8639 0.4902
vn 0.5889 -0.7181 -0.3708
vn -0.0859 -0.8989 -0.4297
vn -0.3518 -0.9317 -0.0905
vn 0.1242 -0.9918 0.0296
vn 0.5927 -0.2389 0.7692
vn -0.3375 -0.3523 0.8729
vn -0.8888 -0.4440 0.1136
vn 0.4203 -0.3090 -0.8532
vn -0.5099 -0.4223 -0.7494
vn 0.9716 -0.2172 -0.0938
vn -0.8191 -0.4272 0.3829
vn -0.7068 -0.4411 -0.5531
vn 0.1537 -0.3445 -0.9261
vn 0.7896 -0.2201 0.5728
vn 0.9019 -0.2340 -0.3632
vn -0.0709 -0.3167 0.9459
vn 0.3443 -0.3194 -0.8829
vn 0.9594 -0.2212 -0.1751
vn 0.6565 -0.2325 0.7177
vn -0.8766 -0.4400 0.1948
vn -0.2615 -0.3419 0.9026
vn -0.5737 -0.4288 -0.6979
vn 0.9683 -0.2103 -0.1346
vn 0.1477 -0.9885 0.0338
vn 0.7479 -0.2408 -0.6186
vn 0.3475 -0.3407 -0.8736
vn -0.3617 -0.4768 -0.8012
vn -0.0251 -0.3616 0.9320
vn 0.7923 -0.2431 0.5596
vn -0.7532 -0.4456 0.4839
vn -0.8601 -0.4838 -0.1616
vn 0.6921 -0.1988 -0.6939
vn 0.1983 0.2348 -0.9516
vn 0.6427 -0.3189 -0.6966
vn 0.7217 -0.1980 0.6632
vn 0.2373 0.1804 0.9545
vn 0.3800 0.3560 0.8537
vn -0.0737 0.9966 0.0380
vn -0.2581 0.7554 -0.6023
vn 0.0361 0.8525 -0.5214
vn -0.2189 0.6552 0.7231
vn 0.0721 0.8088 0.5837
vn -0.4358 0.8959 0.0862
vn 0.8759 -0.4816 -0.0294
vn 0.8439 -0.5365 -0.0088
vn 0.6686 -0.3017 0.6797
vn 0.3438 0.3876 -0.8553
vn -0.5502 0.5758 -0.6048
vn 0.6991 -0.0528 -0.7131
vn 0.9793 -0.1998 -0.0329
vn 0.1261 0.0934 0.9876
vn -0.5312 0.3511 0.7711
vn 0.0818 0.2769 -0.9574
vn 0.7285 -0.1160 0.6751
vn -0.8177 0.5665 0.1019
vn -0.9767 0.1788 0.1183
vn 0.7436 0.0775 0.6641
vn 0.1124 -0.0900 0.9896
vn -0.7045 0.4629 -0.5380
vn 0.6285 0.4002 -0.6670
vn 0.9631 0.2666 -0.0374
vn -0.6230 -0.0837 0.7777
vn -0.0393 0.4988 -0.8658
vn -0.1888 0.6700 -0.7180
vn 0.4301 0.7459 -0.5087
vn 0.8047 0.5863 0.0937
vn 0.6253 0.1996 0.7544
vn -0.9916 -0.0516 0.1184
vn 0.0436 -0.1588 0.9864
vn -0.8066 0.3640 -0.4656
vn -0.6321 -0.2635 0.7287
vn -0.1079 0.1157 0.9874
vn -0.6823 -0.0742 0.7273
vn -0.2877 0.7302 -0.6198
vn 0.2701 0.8913 -0.3642
vn 0.5737 0.7925 0.2072
vn 0.3849 0.4872 0.7839
vn -0.9937 -0.0112 0.1117
vn -0.8272 0.3560 -0.4347
vn -0.5251 0.8088 0.2649
vn 0.4000 0.4700 -0.7869
vn 0.7860 -0.0267 0.6177
vn 0.9409 -0.3317 -0.0689
vn 0.1686 0.8446 0.5081
vn 0.0331 0.9995 -0.0012
vn 0.4493 0.4484 0.7727
vn 0.1404 0.8529 -0.5029
vn 0.7259 -0.0265 -0.6873
vn 0.7503 -0.6560 0.0820
vn 0.3361 0.6727 0.6592
vn 0.8981 0.2740 0.3439
vn 0.6787 -0.6859 0.2625
vn -0.7292 0.5228 0.4415
vn -0.9461 0.0697 0.3162
vn -0.3121 0.6947 0.6480
vn -0.0350 0.6619 0.7488
vn -0.1284 -0.9900 0.0586
vn -0.6716 -0.6813 0.2912
vn 0.0322 -0.9704 0.2395
vn 0.0139 -0.9533 0.3016
vn -0.0014 -0.9485 0.3168
vn -0.0782 -0.9708 0.2267
vn -0.0118 -0.3396 0.9405
vn 0.6903 -0.6538 0.3099
vn 0.6849 0.3773 0.6234
vn -0.0221 0.6992 0.7146
vn -0.6951 -0.6577 0.2903
vn -0.7122 0.3631 0.6008
vn 0.6939 -0.6553 0.2986
vn 0.0013 -0.3349 0.9423
vn -0.6917 -0.6591 0.2951
vn 0.7050 0.3746 0.6022
vn -0.0071 0.7017 0.7124
vn -0.7080 0.3655 0.6043
vn 0.6870 -0.6665 0.2897
vn -0.0125 -0.3544 0.9350
vn -0.7032 -0.6593 0.2662
vn 0.6983 0.3643 0.6162
vn -0.0176 0.6892 0.7243
vn -0.7157 0.3578 0.5998
vn 0.8038 0.3551 0.4773
vn 0.5349 -0.6875 0.4912
vn 0.0250 0.5455 0.8377
vn -0.8208 0.3301 0.4662
vn -0.4052 0.5847 0.7028
vn -0.0262 0.4169 0.9086
vn -0.0121 0.3927 0.9196
vn -0.0173 -0.7419 0.6703
vn -0.0041 -0.6749 0.7379
vn -0.5147 -0.7363 0.4393
vn -0.0354 -0.6839 0.7287
vn -0.0101 -0.7095 0.7046
vn -0.0047 0.0655 0.9978
vn -0.0105 0.2292 0.9733
vn 0.1042 0.2265 0.9684
vn 0.0322 0.4758 0.8790
vn -0.0471 0.0806 0.9956
vn 0.2315 0.7924 0.5644
vn 0.1420 -0.5496 0.8233
vn 0.0675 0.1521 0.9861
vn 0.5530 -0.2088 0.8066
vn 0.4571 -0.4759 0.7514
vn 0.4934 0.4728 0.7301
vn 0.2089 0.7331 0.6472
vn -0.6066 0.6151 0.5037
vn -0.1509 0.9454 0.2890
vn -0.3331 0.6785 0.6547
vn -0.1342 0.9511 0.2781
vn -0.2359 0.8618 0.4490
vn 0.0006 0.9266 0.3761
vn -0.5541 0.6307 0.5433
vn 0.1578 0.4134 0.8968
vn -0.5623 0.3541 0.7473
vn -0.2549 0.8598 0.4424
vn -0.5310 0.7695 0.3549
vn -0.7645 -0.2300 0.6022
vn -0.4115 0.3920 0.8228
vn -0.3675 0.0933 0.9253
vn -0.2375 0.9283 0.2861
vn -0.4670 0.8480 0.2506
vn -0.2355 0.9685 0.0808
vn -0.3674 0.9294 0.0347
vn -0.2500 0.9468 -0.2027
vn -0.1372 0.9899 -0.0356
vn -0.2908 0.9404 0.1763
vn -0.1461 0.9893 0.0033
vn -0.1701 0.9112 -0.3752
vn -0.2690 0.9485 -0.1671
vn -0.2425 0.9700 -0.0189
vn -0.4624 0.8745 0.1462
vn -0.0001 0.9990 -0.0457
vn -0.2530 0.8034 0.5390
vn -0.4020 0.9137 0.0593
vn -0.5382 0.7709 0.3408
vn -0.5032 0.6276 0.5941
vn -0.8094 0.0536 0.5848
vn -0.5198 0.4723 0.7119
vn -0.7278 0.5038 0.4653
vn -0.6778 0.6365 0.3680
vn -0.9228 0.1187 0.3664
vn -0.7318 0.6363 0.2441
vn -0.7432 0.5093 0.4339
vn -0.5445 0.6565 0.5221
vn -0.5836 0.6876 0.4320
vn -0.8010 0.2805 0.5289
vn -0.4121 -0.2540 0.8750
vn -0.4871 0.1059 0.8669
vn -0.8858 0.1188 0.4487
vn -0.8823 -0.3537 0.3105
vn -0.8911 0.0684 0.4487
vn -0.7527 -0.3276 0.5711
vn -0.8497 -0.2769 0.4486
vn -0.9383 0.2489 0.2400
vn -0.8067 -0.4553 0.3768
vn -0.6211 -0.6857 0.3796
vn -0.8533 -0.4298 0.2951
vn -0.6325 -0.7508 0.1904
vn -0.5881 -0.8087 0.0104
vn -0.3031 -0.6435 0.7029
vn -0.6895 -0.7223 0.0534
vn -0.7581 0.6110 0.2278
vn -0.9561 0.2920 -0.0246
vn -0.8867 -0.3277 0.3260
vn -0.8082 0.5885 0.0220
vn -0.9091 0.2170 -0.3557
vn -0.9614 -0.1713 -0.2155
vn -0.9152 0.2883 -0.2816
vn -0.7591 0.6369 0.1344
vn -0.7011 0.6568 0.2776
vn -0.7091 0.6354 0.3056
vn -0.3221 0.9460 0.0353
vn -0.4541 0.8160 0.3577
vn -0.4376 0.8380 0.3260
vn -0.5797 0.5575 0.5942
vn -0.9917 0.0571 -0.1153
vn -0.8781 0.2177 0.4261
vn -0.8371 0.2430 0.4902
vn -0.8503 0.0815 -0.5199
vn -0.9946 0.0646 -0.0816
vn -0.8083 0.1169 -0.5770
vn -0.5968 0.4301 -0.6773
vn -0.3659 0.8613 -0.3526
vn -0.3125 0.9496 -0.0236
vn -0.3803 0.8361 -0.3953
vn -0.5682 0.4853 -0.6645
vn -0.4153 0.8551 -0.3102
vn -0.2336 0.8074 -0.5418
vn -0.4534 0.6923 -0.5614
vn -0.8549 0.4883 -0.1752
vn -0.8488 0.4708 -0.2407
vn -0.8327 0.4351 -0.3426
vn -0.8557 0.3928 -0.3369
vn -0.9681 -0.2268 0.1065
vn -0.9983 0.0575 -0.0093
vn -0.9413 -0.1702 -0.2916
vn -0.2089 0.6109 -0.7636
vn -0.7107 0.5737 -0.4073
vn -0.6126 0.5686 -0.5490
vn -0.7515 0.4817 -0.4509
vn -0.0123 -0.6763 0.7365
vn -0.8502 0.4068 -0.3342
vn -0.1822 0.3563 0.9164
vn -0.3257 -0.1520 0.9332
vn -0.4311 0.2321 0.8719
vn -0.4258 0.1953 0.8835
vn -0.5384 0.4894 0.6860
vn -0.2793 -0.1376 0.9503
vn -0.6127 0.4593 0.6431
vn -0.7137 0.6419 0.2803
vn -0.1535 -0.3205 0.9347
vn -0.0831 -0.5652 0.8208
vn -0.0675 -0.5291 0.8459
vn 0.1846 -0.8056 0.5629
vn 0.1908 -0.7896 0.5833
vn 0.1024 -0.8377 0.5365
vn -0.1816 -0.9027 0.3901
vn -0.4227 -0.9058 0.0300
vn -0.3016 -0.9477 0.1042
vn -0.4259 -0.8843 -0.1912
vn -0.4065 -0.7924 0.4548
vn -0.6188 -0.4466 0.6463
vn -0.9365 -0.1427 0.3202
vn -0.8248 -0.5527 -0.1195
vn -0.8359 -0.4342 0.3357
vn -0.2434 0.7180 -0.6521
vn -0.3639 0.5661 -0.7397
vn -0.7445 0.4832 -0.4608
vn -0.4022 0.7125 -0.5750
vn -0.4980 0.5568 -0.6648
vn -0.5000 0.7239 -0.4754
vn -0.6070 0.6022 -0.5185
vn -0.5262 0.8003 -0.2876
vn -0.7839 0.6079 -0.1266
vn -0.8211 0.4378 -0.3663
vn -0.9359 0.2892 -0.2011
vn -0.6113 0.2745 0.7423
vn -0.7944 0.4787 0.3737
vn -0.4910 0.7334 0.4701
vn -0.5507 0.8303 0.0854
vn 0.2538 -0.9425 0.2174
vn -0.1210 -0.9502 -0.2873
vn 0.1839 -0.9620 0.2020
vn -0.1757 -0.9432 -0.2819
vn -0.3651 -0.9086 -0.2027
vn -0.0855 -0.9894 0.1173
vn -0.0231 -0.9955 0.0923
vn 0.2076 -0.9711 -0.1178
vn 0.1901 -0.9793 -0.0700
vn 0.0778 -0.9808 -0.1789
vn -0.0503 -0.9951 -0.0846
vn 0.0828 -0.9636 -0.2541
vn -0.0002 -0.9980 -0.0631
vn -0.0067 -0.9516 0.3074
vn -0.0931 -0.9788 -0.1823
vn -0.0222 -0.9928 -0.1177
vn -0.0398 -0.9412 0.3355
vn 0.0729 -0.2347 0.9693
vn 0.3906 -0.2530 0.8851
vn 0.1327 0.7429 0.6562
vn 0.0964 0.9947 0.0365
vn 0.3759 0.7438 0.5527
vn 0.0393 0.9960 -0.0800
vn -0.2047 0.9349 0.2899
vn -0.0003 0.9965 -0.0831
vn -0.3081 0.9322 0.1899
vn -0.3958 0.9141 0.0880
vn 0.2203 -0.4237 0.8786
vn -0.1112 0.1969 0.9741
vn -0.6589 0.1808 0.7302
vn -0.3596 0.1053 0.9272
vn -0.7950 -0.2528 0.5514
vn -0.8705 -0.4830 -0.0948
vn -0.7845 -0.6153 0.0770
vn -0.2042 0.4158 0.8862
vn -0.6921 -0.2641 0.6717
vn -0.6552 -0.7538 -0.0493
vn -0.7484 -0.6583 0.0816
vn -0.8929 -0.3983 0.2102
vn -0.7443 -0.6235 0.2393
vn -0.6725 -0.7367 -0.0706
vn -0.6734 -0.1916 0.7140
vn -0.7646 -0.6199 -0.1763
vn -0.9178 0.2203 0.3302
vn -0.3446 -0.0548 0.9371
vn -0.6147 -0.1341 0.7773
vn -0.7437 -0.5524 0.3765
vn -0.5377 -0.8090 -0.2374
vn -0.9203 -0.3647 0.1413
vn -0.5319 -0.0333 0.8461
vn -0.4964 -0.8608 -0.1121
vn -0.6329 -0.5731 0.5206
vn -0.1807 -0.9574 -0.2253
vn -0.6321 -0.7677 0.1052
vn -0.5727 0.0160 0.8196
vn -0.3742 -0.1921 0.9072
vn -0.3803 -0.6482 0.6597
vn -0.2542 -0.9671 -0.0112
vn -0.2298 -0.9568 0.1779
vn -0.3431 -0.0415 0.9384
vn -0.1475 -0.7485 0.6466
vn -0.6325 -0.5687 0.5259
vn -0.8944 -0.0948 0.4371
vn -0.8360 0.4335 0.3366
vn -0.4256 -0.2519 0.8691
vn -0.4883 0.6911 0.5329
vn 0.0138 -0.2404 0.9706
vn 0.1169 0.3415 0.9326
vn 0.1085 0.7733 0.6247
vn -0.5325 0.2636 0.8044
vn 0.0836 0.9801 0.1801
vn -0.0306 0.0434 0.9986
vn -0.1792 -0.2167 0.9597
vn -0.6670 -0.2140 0.7137
vn -0.6899 -0.0802 0.7194
vn -0.4139 -0.1632 0.8956
vn -0.2631 -0.5725 0.7765
vn 0.8470 -0.4251 -0.3191
vn 0.9425 -0.3342 0.0032
vn 0.8670 -0.3582 -0.3465
vn 0.6736 -0.2245 0.7042
vn 0.1389 -0.0177 0.9902
vn 0.6842 -0.0359 0.7284
vn -0.2858 0.0824 0.9547
vn 0.1965 -0.0997 0.9754
vn -0.5463 0.1073 0.8307
vn -0.3082 0.0073 0.9513
vn -0.6133 0.2618 0.7452
vn -0.8022 0.2592 0.5378
vn -0.7527 0.3114 -0.5801
vn -0.4731 0.0996 -0.8753
vn -0.7122 0.3181 -0.6258
vn -0.6688 0.3558 -0.6528
vn -0.4642 0.1590 -0.8713
vn -0.7512 0.3022 -0.5868
vn -0.5214 0.0965 -0.8478
vn -0.8251 0.1676 -0.5395
vn -0.9867 0.1487 -0.0652
vn -0.9447 0.2573 0.2033
vn -0.9770 0.2122 -0.0204
vn -0.8708 0.4831 0.0906
vn -0.8441 0.5301 -0.0807
vn -0.8482 0.5114 0.1381
vn -0.8802 0.4303 0.2004
vn -0.6481 0.3643 0.6688
vn -0.8090 0.4511 0.3768
vn -0.6331 0.3292 0.7006
vn -0.7991 0.3793 0.4665
vn 0.5834 -0.3472 0.7342
vn 0.4333 -0.4667 0.7710
vn 0.5205 -0.3861 0.7615
vn -0.2374 0.1506 0.9597
vn -0.2669 0.1343 0.9543
vn 0.8288 0.5562 0.0608
vn -0.0737 -0.5562 0.8278
vn 0.2396 -0.1133 0.9643
vn 0.2284 -0.1055 0.9678
vn 0.6297 -0.3365 0.7001
vn 0.7947 -0.4731 0.3802
vn 0.7659 -0.4833 0.4240
vn 0.8793 -0.2983 0.3713
vn 0.9288 -0.1834 0.3221
vn 0.8395 -0.5378 0.0777
vn 0.8309 -0.5481 0.0959
vn 0.9088 -0.4136 0.0544
vn 0.8162 -0.4995 -0.2903
vn 0.8016 -0.5179 -0.2986
vn -0.4371 -0.7271 -0.5295
vn -0.9556 0.0242 0.2938
vn -0.3144 -0.1672 -0.9344
vn 0.4257 -0.3351 -0.8405
vn 0.6444 -0.3589 -0.6752
vn 0.3950 -0.1895 -0.8989
vn -0.0429 -0.1898 -0.9809
vn -0.6946 -0.2258 -0.6831
vn 0.0306 -0.0138 -0.9994
vn 0.3417 -0.1542 -0.9271
vn -0.0437 -0.0065 -0.9990
vn -0.0051 -0.3853 0.9228
vn 0.1996 -0.1122 0.9734
vn 0.0644 -0.0592 0.9962
vn -0.2134 0.3099 0.9265
vn -0.6181 0.4325 0.6564
vn -0.4954 0.6006 0.6276
vn -0.2372 0.2035 0.9499
vn 0.9497 0.2929 -0.1106
vn -0.8353 0.4593 0.3022
vn -0.7893 0.5326 0.3054
vn -0.8233 0.5343 0.1914
vn -0.9864 0.1302 0.1004
vn -0.7701 -0.2428 0.5899
vn -0.8451 -0.2241 0.4855
vn -0.4278 -0.4224 0.7991
vn -0.2809 -0.6685 0.6886
vn -0.3494 -0.5569 0.7535
vn -0.1653 -0.7977 0.5800
vn -0.7436 -0.3687 0.5578
vn -0.6400 -0.5567 0.5296
vn -0.3970 -0.7014 0.5919
vn -0.8699 -0.2139 0.4444
vn -0.7768 -0.3699 0.5097
vn -0.5055 -0.4577 0.7314
vn 0.0078 0.1125 0.9936
vn 0.7151 -0.0099 0.6989
vn 0.0732 0.0730 0.9946
vn 0.0139 0.0693 0.9975
vn 0.7670 -0.0214 0.6413
vn 0.1246 -0.0742 0.9894
vn 0.7840 -0.1147 0.6101
vn 0.0750 -0.5121 0.8557
vn 0.7923 -0.2511 0.5560
vn -0.3782 0.1832 -0.9074
vn -0.6361 0.0966 -0.7655
vn -0.9504 0.1968 -0.2407
vn -0.8569 0.4271 -0.2887
vn -0.8058 0.4791 -0.3480
vn -0.8255 0.4473 -0.3441
vn -0.8373 0.4259 -0.3427
vn 0.2938 -0.1334 -0.9465
vn -0.1262 0.0042 -0.9920
vn 0.6561 -0.3178 -0.6845
vn -0.4866 -0.0583 0.8717
vn -0.3542 -0.0253 0.9348
vn -0.6747 -0.0534 0.7362
vn -0.7372 -0.0325 0.6749
vn -0.6996 -0.4228 0.5759
vn 0.9203 -0.3835 0.0773
vn 0.9208 -0.3085 0.2386
vn 0.9080 -0.4034 -0.1129
vn 0.8767 -0.4395 -0.1957
vn 0.6986 -0.7023 -0.1369
vn 0.6440 -0.6362 0.4248
vn -0.4859 0.8425 0.2327
vn -0.6305 0.7091 0.3156
vn -0.8453 0.5271 0.0871
vn 0.6799 -0.3779 -0.6284
vn 0.6618 -0.2823 -0.6945
vn -0.4600 -0.0092 0.8879
vn -0.3771 -0.1354 0.9162
vn -0.9699 -0.2104 -0.1228
vn -0.4512 -0.3617 0.8158
vn -0.9017 -0.4261 -0.0731
vn 0.2287 -0.6852 -0.6915
vn 0.2413 -0.5061 -0.8280
vn -0.3858 -0.5576 -0.7350
vn -0.4830 -0.3391 -0.8073
vn -0.2412 -0.9703 -0.0180
vn -0.6998 -0.5198 -0.4901
vn -0.0016 -0.9248 -0.3804
vn 0.5583 -0.7731 -0.3011
vn -0.6072 -0.0562 0.7926
vn -0.7838 0.1021 0.6126
vn 0.8446 -0.5321 -0.0585
vn 0.7273 -0.6798 -0.0945
vn 0.7655 -0.5846 -0.2688
vn 0.5397 -0.8392 -0.0671
vn 0.6249 -0.7592 -0.1821
vn 0.5168 -0.8469 0.1252
vn -0.5639 -0.1193 0.8171
vn 0.4033 -0.2025 0.8924
vn 0.4431 -0.1452 0.8846
vn -0.5193 -0.0728 0.8515
vn -0.5596 -0.1165 0.8206
vn -0.9751 -0.1104 0.1925
vn -0.9807 0.0454 0.1901
vn 0.5964 -0.5006 -0.6275
vn 0.4901 -0.7299 -0.4765
vn 0.2794 -0.2679 -0.9220
vn 0.5184 -0.8236 -0.2302
vn 0.2692 -0.5265 -0.8064
vn 0.5984 -0.7936 -0.1100
vn 0.5122 -0.7599 -0.4002
vn -0.9679 0.1627 0.1917
vn -0.5519 -0.3885 0.7379
vn -0.7466 -0.2856 -0.6008
vn 0.7139 -0.6000 0.3612
vn -0.9897 -0.1155 -0.0845
vn -0.9910 0.0912 -0.0983
vn -0.9685 0.1096 -0.2234
vn -0.9790 -0.1623 0.1236
vn -0.9714 -0.2285 -0.0639
vn -0.9729 0.0812 -0.2165
vn -0.9791 -0.0818 -0.1860
vn -0.9545 -0.2589 -0.1480
vn -0.9436 -0.2812 -0.1749
vn -0.9702 -0.2346 -0.0602
vn 0.9417 -0.3165 0.1138
vn 0.4493 -0.4515 0.7709
vn 0.7443 -0.6620 0.0878
vn -0.4236 -0.4537 -0.7841
vn 0.8197 -0.5588 0.1255
vn 0.3923 -0.4841 -0.7822
vn -0.9466 -0.3103 -0.0869
vn -0.9012 -0.4221 -0.0980
vn -0.6607 -0.3139 0.6819
vn 0.2130 -0.3607 0.9080
vn -0.8666 0.4882 -0.1031
vn -0.9056 0.4229 -0.0335
vn -0.8653 0.4866 -0.1203
vn -0.2579 -0.4655 -0.8466
vn -0.8820 -0.3760 -0.2842
vn 0.8248 -0.5585 -0.0883
vn -0.9305 -0.3510 -0.1049
vn 0.5782 -0.4982 -0.6462
vn 0.8269 -0.5619 -0.0224
vn 0.8525 -0.4591 0.2499
vn -0.4256 0.0341 -0.9043
vn -0.6597 0.0868 -0.7465
vn -0.1183 -0.0479 -0.9918
vn -0.3473 -0.0652 -0.9355
vn -0.8975 0.0929 -0.4312
vn -0.8552 0.1148 -0.5055
vn -0.0271 -0.2702 -0.9624
vn -0.1714 -0.1110 -0.9789
vn -0.6714 0.0631 -0.7384
vn -0.9495 -0.0404 -0.3111
vn -0.9574 -0.2180 -0.1893
vn -0.7739 -0.1131 -0.6231
vn -0.6874 -0.0198 -0.7260
vn -0.9203 -0.1485 -0.3620
vn -0.5991 -0.3082 0.7390
vn 0.7171 -0.6509 -0.2492
vn 0.9592 -0.2604 -0.1103
vn 0.8259 -0.3904 -0.4067
vn 0.5752 -0.3386 -0.7447
vn 0.9222 -0.3791 0.0761
vn -0.2516 -0.3483 -0.9030
vn 0.5612 -0.1779 -0.8083
vn -0.9176 -0.3557 -0.1772
vn -0.2054 -0.1524 -0.9667
vn -0.0808 -0.0911 -0.9926
vn 0.2364 -0.3386 -0.9108
vn 0.5303 -0.1667 -0.8312
vn 0.5014 -0.5833 -0.6390
vn 0.3949 -0.3651 0.8431
vn -0.9211 -0.1090 0.3737
vn -0.9429 0.0683 0.3259
vn -0.8256 -0.1217 0.5511
vn -0.8780 0.1290 0.4610
vn -0.5712 -0.0997 0.8147
vn -0.9675 0.1708 0.1866
vn -0.9760 -0.1838 0.1170
vn -0.9334 0.1909 0.3038
vn -0.9352 0.1637 0.3139
vn -0.9873 0.1438 0.0669
vn -0.9210 0.2511 0.2977
vn -0.9829 0.1732 -0.0623
vn -0.9849 0.1230 -0.1217
vn -0.9588 -0.0317 -0.2824
vn -0.9702 0.1046 -0.2187
vn -0.9162 0.0077 -0.4006
vn -0.9651 0.0652 0.2535
vn -0.7781 0.1617 0.6070
vn -0.9860 0.0809 -0.1460
vn -0.3391 -0.0782 0.9375
vn -0.8545 -0.0124 -0.5193
vn -0.9733 -0.0038 0.2295
vn -0.7661 0.0207 0.6424
vn -0.2873 -0.0571 0.9561
vn -0.8075 -0.0296 -0.5891
vn -0.9897 -0.0066 -0.1427
vn -0.9801 0.0675 0.1865
vn -0.7761 -0.0028 0.6306
vn -0.2818 0.0999 0.9542
vn -0.8124 -0.0226 -0.5826
vn -0.9892 0.0180 -0.1457
vn -0.0797 -0.2980 0.9512
vn 0.2196 -0.1332 0.9665
vn 0.2404 0.0811 0.9673
vn 0.1139 -0.5101 0.8525
vn 0.1234 -0.7251 0.6775
vn 0.5528 -0.2413 0.7976
vn 0.5430 -0.4617 0.7014
vn 0.7060 -0.0350 0.7073
vn -0.7348 -0.0922 -0.6720
vn -0.9154 0.1505 0.3733
vn -0.8014 0.1162 0.5867
vn -0.9730 -0.0716 -0.2196
vn -0.6364 -0.3903 -0.6653
vn -0.9932 -0.0548 0.1024
vn -0.7180 -0.6893 0.0967
vn -0.8154 -0.5270 -0.2397
vn -0.2082 -0.9781 -0.0084
vn -0.7819 -0.6228 0.0268
vn 0.0006 -0.9999 0.0133
vn -0.1050 -0.9917 0.0748
vn -0.3015 -0.9374 -0.1742
vn 0.1450 -0.9894 -0.0107
vn 0.0129 -0.9958 0.0904
vn -0.0164 -0.9932 -0.1154
vn 0.6998 -0.7106 0.0737
vn 0.1225 -0.9899 0.0721
vn 0.2041 -0.9642 -0.1695
vn 0.7031 -0.7051 -0.0922
vn 0.9960 -0.0231 0.0863
vn 0.7132 -0.5830 -0.3891
vn 0.9766 -0.1160 -0.1809
vn -0.3264 -0.7559 -0.5675
vn -0.0538 -0.8226 -0.5660
vn 0.2731 -0.7358 -0.6197
vn 0.5724 -0.4371 -0.6938
vn 0.8590 -0.0862 -0.5047
vn 0.5998 -0.1132 -0.7921
vn -0.2399 -0.1301 -0.9620
vn -0.3626 -0.1461 -0.9204
vn -0.5757 -0.1569 -0.8024
vn 0.2237 -0.1604 -0.9614
vn -0.1470 -0.3020 -0.9419
vn 0.1596 -0.2666 -0.9505
vn -0.6766 -0.4738 -0.5637
vn 0.2249 -0.2880 -0.9309
vn 0.5836 -0.1481 -0.7985
vn 0.9807 0.0780 0.1791
vn 0.9800 -0.0423 -0.1943
vn 0.8470 -0.1346 -0.5143
vn 0.9224 -0.3682 -0.1166
vn 0.9140 -0.2479 0.3213
vn 0.4060 -0.5945 -0.6940
vn 0.5552 0.4696 0.6864
vn 0.1345 0.4930 0.8596
vn -0.2962 0.4770 0.8275
vn -0.7365 -0.1873 -0.6500
vn -0.8206 -0.1489 -0.5517
vn -0.3375 0.1494 -0.9294
vn -0.0012 0.2339 -0.9723
vn -0.7167 0.0808 -0.6927
vn -0.4102 0.2686 -0.8715
vn -0.8849 -0.2351 -0.4020
vn -0.6629 -0.0078 -0.7487
vn -0.9188 -0.2487 -0.3067
vn -0.8119 -0.5558 0.1789
vn -0.2376 -0.9536 0.1849
vn -0.4422 -0.7059 0.5533
vn -0.4411 -0.7987 0.4093
vn -0.4077 -0.8198 0.4021
vn 0.0035 0.3421 -0.9397
vn -0.0031 0.3423 -0.9396
vn -0.7698 -0.6169 0.1638
vn -0.7975 -0.5854 0.1455
vn -0.8082 -0.5709 0.1444
vn -0.9319 -0.2768 -0.2342
vn -0.9327 -0.2991 -0.2015
vn -0.9300 -0.2543 -0.2652
vn -0.8004 0.0612 -0.5963
vn -0.7593 0.0808 -0.6457
vn -0.5454 0.2664 -0.7947
vn -0.4843 0.2738 -0.8310
vn -0.7084 -0.6876 0.1591
vn -0.9119 -0.3684 -0.1808
vn -0.0000 0.4247 -0.9053
vn -0.3575 -0.8590 0.3664
vn -0.0000 -0.9064 0.4224
vn -0.5465 0.0690 -0.8346
vn -0.5394 0.2851 -0.7923
vn -0.7729 -0.2716 -0.5735
vn -0.7823 -0.5748 -0.2400
vn -0.6030 -0.7952 0.0635
vn -0.3415 -0.8970 0.2806
vn 0.7616 -0.5422 -0.3550
vn 0.0302 -0.9995 -0.0005
vn -0.8266 -0.2717 -0.4929
vn -0.8046 -0.1776 -0.5666
vn -0.5631 -0.0185 -0.8262
vn -0.7980 -0.1617 -0.5805
vn -0.6894 -0.0436 -0.7231
vn -0.4663 0.1114 -0.8776
vn -0.2720 0.9174 -0.2904
vn -0.4454 0.8905 -0.0926
vn -0.4215 0.8931 -0.1572
vn -0.4683 0.8642 -0.1841
vn -0.3419 0.9079 -0.2423
vn -0.3643 0.9280 -0.0786
vn -0.2416 0.9399 -0.2413
vn -0.4192 0.9062 0.0554
vn -0.2358 0.9308 -0.2791
vn -0.2698 0.9510 -0.1508
vn -0.1982 0.9265 -0.3198
vn -0.3431 0.9389 0.0272
vn -0.1137 0.9089 -0.4012
vn -0.1993 0.9532 -0.2274
vn -0.1619 0.9248 -0.3444
vn -0.3063 0.9501 -0.0593
vn -0.0896 0.8953 -0.4364
vn -0.3144 0.8648 -0.3916
vn -0.3064 0.9314 -0.1966
vn -0.7198 0.2674 -0.6406
vn -0.7804 0.5288 -0.3336
vn -0.7233 0.4472 -0.5261
vn -0.7919 0.6047 -0.0857
vn -0.7215 0.6790 0.1355
vn -0.5740 0.8176 -0.0443
vn -0.5258 0.8399 0.1347
vn -0.5867 0.5121 -0.6273
vn -0.7931 0.1467 -0.5911
vn -0.5394 0.7081 -0.4556
vn -0.5671 0.7795 -0.2662
vn -0.3978 0.6676 -0.6293
vn -0.6629 0.3823 -0.6438
vn -0.1668 0.8605 -0.4814
vn -0.4439 0.5397 -0.7153
vn -0.1816 0.7287 -0.6603
vn -0.1884 0.6124 -0.7678
vn -0.1902 0.4559 -0.8695
vn -0.7101 0.2764 -0.6476
vn -0.8663 0.1434 -0.4786
vn -0.4145 0.2254 -0.8817
vn -0.4426 0.3680 -0.8177
vn -0.7099 0.1461 -0.6890
vn -0.8878 0.1017 -0.4489
vn -0.2488 0.3027 -0.9200
vn -0.4292 0.2465 -0.8689
vn -0.6932 0.1598 -0.7028
vn -0.8798 0.0915 -0.4664
vn -0.3353 0.2475 -0.9090
vn -0.2930 0.2700 -0.9172
vn -0.7167 0.0608 -0.6947
vn -0.8506 -0.0129 -0.5256
vn -0.5189 0.1778 -0.8362
vn -0.2700 0.1623 -0.9491
vn -0.2124 0.2667 -0.9401
vn -0.1376 0.2676 -0.9536
vn -0.0195 0.8493 -0.5276
vn -0.0124 0.6167 -0.7871
vn -0.0087 0.7653 -0.6436
vn -0.0540 0.4763 -0.8776
vn -0.1051 0.3591 -0.9274
vn -0.1135 0.2839 -0.9521
vn -0.3842 -0.5220 -0.7615
vn -0.7764 -0.6289 -0.0409
vn 0.5894 -0.8066 -0.0444
vn 0.8440 -0.5350 0.0381
vn 0.1406 -0.6878 0.7122
vn -0.7190 -0.5243 0.4563
vn 0.5516 -0.6960 -0.4597
vn 0.0565 -0.6479 0.7596
vn -0.1723 -0.6345 -0.7535
vn 0.6612 -0.6917 0.2905
vn 0.8144 -0.5680 0.1189
vn 0.2415 -0.5495 0.7998
vn -0.3301 -0.5096 -0.7946
vn 0.5049 -0.4525 -0.7351
vn -0.8010 -0.5928 -0.0830
vn 0.3101 -0.9212 0.2353
vn -0.5313 -0.7835 0.3223
vn -0.3280 -0.7788 -0.5347
vn -0.0683 -0.8798 0.4704
vn -0.6946 -0.7161 -0.0693
vn 0.0885 -0.8837 -0.4596
vn -0.0965 -0.9953 0.0050
vn 0.3899 -0.3685 0.8439
vn -0.5470 -0.2779 0.7897
vn 0.9047 -0.4223 0.0559
vn -0.4542 -0.2951 -0.8406
vn 0.4826 -0.3856 -0.7863
vn -0.9690 -0.2412 -0.0526
vn 0.6895 -0.4048 -0.6006
vn 0.8481 -0.4155 0.3287
vn -0.1907 -0.3211 -0.9277
vn -0.7539 -0.2588 0.6039
vn -0.9124 -0.2481 -0.3254
vn 0.1264 -0.3425 0.9310
vn -0.9608 -0.2424 -0.1344
vn -0.3796 -0.3025 -0.8743
vn -0.6134 -0.2717 0.7416
vn 0.8965 -0.4211 0.1377
vn 0.3152 -0.3611 0.8776
vn 0.5491 -0.3918 -0.7382
vn -0.9679 -0.2334 -0.0930
vn -0.7711 -0.2441 -0.5880
vn -0.1196 -0.9927 0.0120
vn -0.3817 -0.3253 -0.8651
vn 0.3335 -0.4436 -0.8319
vn 0.0813 -0.3863 0.9188
vn -0.7565 -0.2803 0.5909
vn 0.7880 -0.4377 0.4329
vn 0.8634 -0.4549 -0.2183
vn -0.6964 -0.1988 -0.6895
vn -0.2043 0.2348 -0.9503
vn -0.3492 0.3876 -0.8531
vn -0.2313 0.1804 0.9560
vn -0.7175 -0.1980 0.6678
vn -0.3745 0.3560 0.8561
vn 0.2543 0.7554 -0.6039
vn 0.0739 0.9966 0.0375
vn -0.0394 0.8525 -0.5212
vn 0.2235 0.6552 0.7216
vn -0.0686 0.8087 0.5842
vn 0.4363 0.8959 0.0834
vn -0.8760 -0.4816 -0.0238
vn -0.6471 -0.3189 -0.6925
vn -0.8439 -0.5365 -0.0034
vn 0.5463 0.5758 -0.6083
vn -0.7036 -0.0528 -0.7086
vn -0.1198 0.0934 0.9884
vn -0.0879 0.2769 -0.9569
vn -0.6642 -0.3016 0.6840
vn -0.9795 -0.1998 -0.0266
vn 0.8184 0.5665 0.0967
vn 0.9775 0.1788 0.1121
vn 0.5360 0.3511 0.7677
vn -0.7394 0.0775 0.6688
vn -0.7242 -0.1160 0.6797
vn 0.7010 0.4629 -0.5425
vn -0.6327 0.4001 -0.6630
vn -0.1061 -0.0900 0.9903
vn 0.0338 0.4988 -0.8661
vn -0.9633 0.2666 -0.0312
vn 0.1842 0.6700 -0.7191
vn -0.8040 0.5863 0.0988
vn 0.9924 -0.0516 0.1120
vn 0.6279 -0.0837 0.7738
vn -0.6205 0.1996 0.7584
vn 0.8037 0.3640 -0.4708
vn -0.4333 0.7459 -0.5059
vn -0.0373 -0.1588 0.9866
vn 0.6367 -0.2635 0.7247
vn 0.1141 0.1158 0.9867
vn 0.2837 0.7302 -0.6216
vn -0.5723 0.7925 0.2108
vn 0.9944 -0.0112 0.1054
vn -0.3800 0.4872 0.7863
vn 0.8244 0.3560 -0.4400
vn -0.2724 0.8913 -0.3624
vn 0.5267 0.8088 0.2615
vn 0.6869 -0.0742 0.7230
vn -0.4049 0.4700 -0.7843
vn -0.1436 0.8529 -0.5020
vn -0.7820 -0.0267 0.6227
vn -0.9413 -0.3317 -0.0629
vn -0.7302 -0.0266 -0.6827
vn -0.1654 0.8446 0.5092
vn -0.0331 0.9995 -0.0010
vn -0.4443 0.4484 0.7756
vn -0.3300 0.6776 0.6572
vn -0.8966 0.2823 0.3412
vn 0.7342 0.5194 0.4373
vn 0.9459 0.0678 0.3172
vn 0.3162 0.6957 0.6450
vn 0.6696 -0.6816 0.2950
vn -0.0433 -0.9695 0.2413
vn 0.0010 -0.9482 0.3177
vn -0.0199 -0.9532 0.3017
vn 0.0100 -0.3350 0.9422
vn -0.6875 0.3791 0.6194
vn -0.6896 -0.6532 0.3125
vn 0.0212 0.7016 0.7123
vn 0.6943 -0.6569 0.2941
vn 0.7119 0.3643 0.6004
vn -0.6949 -0.6540 0.2989
vn 0.6907 -0.6593 0.2972
vn -0.0027 -0.3343 0.9425
vn -0.7043 0.3762 0.6020
vn 0.0093 0.7008 0.7133
vn 0.7094 0.3634 0.6039
vn -0.6918 -0.6603 0.2924
vn 0.6985 -0.6618 0.2722
vn 0.0102 -0.3500 0.9367
vn -0.6959 0.3703 0.6153
vn 0.0232 0.6905 0.7229
vn 0.7200 0.3548 0.5964
vn -0.8025 0.3546 0.4798
vn -0.5410 -0.6809 0.4937
vn -0.6851 -0.6793 0.2629
vn -0.0210 0.5523 0.8334
vn 0.8210 0.3284 0.4671
vn 0.0361 0.6633 0.7475
vn 0.0268 0.4183 0.9079
vn 0.4062 0.5824 0.7042
vn 0.0028 -0.6741 0.7386
vn 0.5147 -0.7347 0.4419
vn 0.0776 -0.9702 0.2297
vn 0.0350 -0.6818 0.7307
vn 0.0046 -0.7114 0.7028
vn 0.0446 0.0812 0.9957
vn 0.0136 0.2308 0.9729
vn 0.0093 -0.7370 0.6759
vn 0.0032 0.0680 0.9977
vn 0.0114 0.3916 0.9201
vn -0.0313 0.4688 0.8827
vn -0.1994 0.6133 0.7643
vn -0.0981 0.2239 0.9697
vn -0.2280 0.7923 0.5659
vn -0.1368 -0.5495 0.8242
vn -0.5652 -0.5016 0.6550
vn -0.5478 -0.2088 0.8101
vn -0.4887 0.4728 0.7332
vn -0.2049 0.7332 0.6485
vn -0.4523 -0.4759 0.7543
vn -0.0612 0.1521 0.9865
vn -0.8121 -0.2137 -0.5430
vn -0.0000 -0.5283 -0.8490
vn -0.0000 -0.6114 -0.7914
vn 0.8121 -0.2137 -0.5430
vn 0.7901 0.5914 -0.1613
vn 0.8618 0.4929 -0.1200
vn 0.7777 -0.1476 -0.6111
vn -0.0000 0.9942 0.1075
vn -0.0000 0.9989 0.0475
vn -0.7901 0.5914 -0.1613
vn -0.7777 -0.1475 -0.6111
vn -0.8618 0.4929 -0.1200
vn -0.0000 0.5299 -0.8480
vn -0.7833 -0.2297 -0.5776
vn -0.0000 -0.5510 -0.8345
vn -0.0000 -0.6396 -0.7687
vn 0.7833 -0.2297 -0.5776
vn 0.7328 0.6189 -0.2829
vn 0.7967 0.5732 -0.1914
vn 0.7379 -0.1649 -0.6545
vn -0.0114 0.9993 0.0369
vn -0.0002 0.9959 -0.0904
vn -0.7342 0.6158 -0.2860
vn -0.7379 -0.1649 -0.6545
vn -0.7988 0.5686 -0.1966
vn -0.0000 0.4226 -0.9063
vn -0.0004 0.9925 -0.1219
vn 0.7473 0.5564 0.3633
vn 0.7446 0.4514 -0.4918
vn -0.0029 0.3989 -0.9170
vn -0.7450 0.5564 0.3681
vn -0.7477 0.4514 -0.4870
vn 0.0025 0.6089 0.7933
vn 0.0002 0.9986 0.0523
vn 0.7476 0.4844 0.4544
vn 0.7448 0.5295 -0.4060
vn -0.0027 0.5521 -0.8338
vn -0.7447 0.4844 0.4591
vn -0.7474 0.5295 -0.4012
vn 0.0028 0.4619 0.8869
vn 0.0015 0.8830 0.4695
vn 0.7481 0.2460 0.6163
vn 0.7457 0.6505 -0.1444
vn -0.0017 0.8527 -0.5224
vn -0.7441 0.2460 0.6211
vn -0.7466 0.6505 -0.1396
vn 0.0032 0.0438 0.9990
vn -0.0006 -0.9848 -0.1736
vn 0.7445 -0.4252 -0.5148
vn 0.7472 -0.5748 0.3337
vn 0.0024 -0.6496 0.7603
vn -0.7477 -0.4252 -0.5100
vn -0.7450 -0.5748 0.3384
vn -0.0030 -0.3504 -0.9366
vn 0.0834 -0.9623 -0.2590
vn 0.7747 -0.3125 -0.5497
vn 0.7965 -0.5345 0.2826
vn 0.0647 -0.7104 0.7008
vn -0.7120 -0.4425 -0.5452
vn -0.6896 -0.6647 0.2873
vn 0.0202 -0.2664 -0.9636
vn 0.0828 -0.9362 -0.3416
vn 0.7748 -0.2634 -0.5746
vn 0.8034 -0.5505 0.2268
vn 0.0792 -0.7677 0.6359
vn -0.7164 -0.3936 -0.5762
vn -0.6878 -0.6872 0.2337
vn 0.0165 -0.1814 -0.9833
vn -0.7447 0.4845 0.4591
vn -0.0026 0.5521 -0.8338
vn 0.0015 0.8829 0.4695
vn -0.7442 0.2460 0.6211
vn -0.0005 -0.9848 -0.1736
vn -0.0851 -0.9623 -0.2584
vn -0.7947 -0.5345 0.2877
vn -0.7782 -0.3125 -0.5448
vn -0.0602 -0.7104 0.7012
vn 0.7085 -0.4425 -0.5497
vn 0.6915 -0.6647 0.2829
vn -0.0264 -0.2664 -0.9635
vn -0.0849 -0.9362 -0.3410
vn -0.8019 -0.5505 0.2319
vn -0.7785 -0.2634 -0.5697
vn -0.0752 -0.7677 0.6364
vn 0.7127 -0.3936 -0.5807
vn 0.6893 -0.6872 0.2293
vn -0.0227 -0.1814 -0.9831
vn 0.7121 -0.5599 0.4235
vn 0.8554 -0.1933 0.4806
vn 0.6681 -0.1230 0.7338
vn 0.0562 0.0256 0.9981
vn -0.1957 0.8775 0.4378
vn 0.1976 0.8483 0.4912
vn -0.0681 0.9485 0.3095
vn -0.4338 0.7142 0.5494
vn 0.5514 -0.6713 0.4953
vn 0.9762 -0.1066 0.1889
vn 0.5214 0.8530 -0.0203
vn 0.3250 0.9245 0.1992
vn -0.3646 0.7795 0.5094
vn 0.1828 0.6456 0.7415
vn -0.4787 0.4367 0.7617
vn -0.5242 0.6786 0.5145
vn -0.8279 0.2003 0.5239
vn -0.1419 -0.6349 0.7595
vn -0.6272 0.1338 0.7673
vn 0.0044 0.9861 0.1659
vn 0.9941 0.1049 -0.0278
vn 0.8936 -0.4225 0.1516
vn 0.9155 -0.4017 -0.0220
vn 0.8299 -0.4734 0.2953
vn 0.0305 0.9995 -0.0080
vn 0.4633 -0.7063 0.5352
vn -0.9645 0.1098 0.2401
vn -0.5214 -0.8530 0.0203
vn -0.3133 -0.9214 0.2298
vn 0.0851 -0.9439 0.3190
vn 0.0050 -0.9836 0.1801
vn -0.9941 -0.1049 0.0278
vn -0.8843 0.4246 0.1942
vn -0.9155 0.4018 0.0220
vn 0.5721 -0.2692 -0.7748
vn 0.7107 0.4542 -0.5373
vn 0.9951 0.0535 0.0832
vn -0.0041 0.6432 -0.7657
vn 0.0065 0.9665 0.2564
vn 0.2195 -0.8712 0.4392
vn -0.1703 -0.8411 0.5134
vn -0.7746 -0.4851 -0.4057
vn -0.6883 0.5663 0.4535
vn -0.8634 0.4169 0.2840
vn 0.3921 -0.7722 0.5000
vn -0.7278 -0.4647 0.5043
vn 0.1703 0.8410 -0.5135
vn 0.6273 -0.1338 -0.7672
vn 0.1420 0.6346 -0.7597
vn -0.8128 0.4779 0.3332
vn -0.0306 -0.9995 0.0080
vn 0.7540 0.4716 0.4572
vn -0.0050 0.9836 -0.1801
vn 0.1545 -0.6414 -0.7514
vn 0.5242 -0.6786 -0.5145
vn 0.3646 -0.7795 -0.5094
vn -0.1954 0.6307 -0.7510
vn 0.1954 -0.6307 0.7510
vn 0.5195 -0.4258 0.7408
vn -0.9891 -0.0519 0.1379
vn -0.6134 0.2582 -0.7464
vn -0.7387 -0.4616 -0.4912
vn -0.1828 -0.6456 -0.7415
vn -0.8554 0.1933 -0.4806
vn -0.6680 0.1229 -0.7340
vn 0.4768 0.8743 0.0914
vn -0.2195 0.8712 -0.4391
vn 0.8842 -0.4250 -0.1938
vn 0.6883 -0.5663 -0.4534
vn 0.3133 0.9214 -0.2298
vn 0.9645 -0.1098 -0.2401
vn -0.3921 0.7722 -0.5000
vn -0.5195 0.4259 -0.7408
vn -0.0851 0.9439 -0.3190
vn 0.8281 -0.2005 -0.5235
vn 0.8128 -0.4779 -0.3332
vn -0.0373 -0.6542 -0.7554
vn -0.7593 0.1759 -0.6266
vn 0.1380 0.7429 -0.6551
vn -0.0272 -0.0072 -0.9996
vn -0.8937 0.4221 -0.1519
vn 0.8778 -0.4131 0.2427
vn 0.7512 0.4789 -0.4542
vn 0.0681 -0.9485 -0.3095
vn -0.3250 -0.9245 -0.1991
vn -0.1977 -0.8483 -0.4913
vn -0.4707 -0.8727 0.1298
vn -0.7121 0.5599 -0.4235
vn -0.8299 0.4734 -0.2954
vn -0.0044 -0.9861 -0.1659
vn 0.1957 -0.8775 -0.4378
vn -0.1732 -0.7522 -0.6358
vn -0.5516 0.6713 -0.4950
vn -0.9762 0.1066 -0.1889
vn 0.7242 -0.1852 -0.6643
vn -0.0019 -0.0111 0.9999
vn 0.0079 -0.9627 0.2703
vn -0.1545 0.6415 0.7514
vn -0.8200 -0.2209 0.5280
vn -0.6695 -0.5831 0.4602
vn -0.6209 -0.1463 0.7701
vn -0.0135 0.6495 0.7603
vn -0.7228 0.4369 0.5355
vn -0.5615 -0.2799 0.7787
vn 0.1940 0.8812 0.4312
vn -0.1944 0.8400 0.5065
vn -0.1592 0.6366 0.7546
vn 0.7552 0.2043 0.6229
vn -0.1589 0.7439 0.6492
vn 0.0300 0.0021 0.9995
vn -0.5019 -0.6899 0.5217
vn -0.4631 -0.4446 0.7668
vn -0.5474 0.8367 0.0147
vn -0.9601 -0.1370 0.2438
vn -0.3407 0.9133 0.2231
vn 0.3697 0.7880 0.4924
vn 0.5322 0.6920 0.4877
vn 0.1781 0.6427 0.7452
vn 0.5082 0.4477 0.7357
vn 0.8504 0.2233 0.4764
vn 0.2043 -0.6334 0.7464
vn 0.2247 -0.8377 0.4977
vn 0.0572 0.9488 0.3108
vn -0.8703 -0.4500 0.2000
vn -0.9968 0.0742 0.0298
vn -0.9027 -0.4293 0.0280
vn -0.7970 -0.4996 0.3395
vn -0.0244 0.9848 0.1717
vn -0.0610 0.9981 -0.0003
vn -0.7164 -0.2015 0.6679
vn 0.1977 -0.7411 0.6416
vn 0.3535 -0.9125 0.2060
vn 0.9968 -0.0742 -0.0298
vn 0.9730 0.1379 0.1852
vn -0.0383 -0.9474 0.3178
vn 0.8808 0.4504 0.1458
vn -0.6072 -0.2831 -0.7424
vn -0.9898 0.0229 0.1404
vn -0.7537 0.4347 -0.4930
vn -0.0592 0.6463 -0.7608
vn -0.1329 -0.6394 0.7573
vn -0.5034 0.8585 -0.0974
vn -0.1677 -0.8793 0.4457
vn 0.4968 -0.8590 -0.1238
vn 0.9898 -0.0229 -0.1404
vn 0.7537 -0.4347 0.4930
vn 0.6958 0.5849 0.4167
vn 0.6659 0.1494 0.7309
vn 0.6072 0.2831 0.7424
vn -0.3393 -0.7858 0.5170
vn -0.2043 0.6333 -0.7465
vn -0.8504 -0.2233 -0.4764
vn -0.2245 0.8379 -0.4975
vn 0.8158 0.5009 0.2890
vn 0.5474 -0.8367 -0.0147
vn 0.0349 -0.9841 0.1743
vn 0.0610 -0.9981 0.0003
vn -0.0348 0.9841 -0.1741
vn -0.3536 0.9124 -0.2061
vn -0.3697 -0.7880 -0.4924
vn -0.5083 -0.4478 -0.7357
vn -0.1781 -0.6426 -0.7452
vn -0.6659 -0.1494 -0.7309
vn 0.1329 0.6395 -0.7572
vn 0.9965 -0.0225 0.0808
vn 0.7228 -0.4369 -0.5355
vn 0.5615 0.2799 -0.7787
vn 0.6209 0.1463 -0.7702
vn 0.1944 -0.8400 -0.5065
vn 0.1592 -0.6365 -0.7546
vn -0.4968 0.8590 0.1238
vn 0.1677 0.8793 -0.4457
vn -0.8808 -0.4504 -0.1458
vn -0.5322 -0.6920 -0.4877
vn -0.6959 -0.5849 -0.4167
vn 0.3393 0.7858 -0.5170
vn 0.4631 0.4446 -0.7667
vn 0.0383 0.9474 -0.3177
vn -0.8158 -0.5009 -0.2890
vn -0.9730 -0.1380 -0.1852
vn 0.0135 -0.6495 -0.7603
vn 0.7164 0.2015 -0.6679
vn -0.0300 -0.0021 -0.9995
vn -0.1977 0.7411 -0.6416
vn 0.8704 0.4498 -0.2002
vn 0.9028 0.4292 -0.0280
vn -0.9965 0.0225 -0.0808
vn 0.3407 -0.9134 -0.2230
vn -0.0572 -0.9487 -0.3108
vn 0.5034 -0.8585 0.0974
vn 0.6695 0.5831 -0.4602
vn 0.8201 0.2210 -0.5278
vn 0.0245 -0.9848 -0.1718
vn 0.1589 -0.7439 -0.6492
vn 0.5019 0.6899 -0.5217
vn 0.7970 0.4996 -0.3395
vn 0.9601 0.1370 -0.2438
vn -0.1940 -0.8812 -0.4312
vn -0.7552 -0.2043 -0.6229
vn 0.0592 -0.6463 0.7608
vn 0.5957 -0.6816 0.4250
vn 0.8105 -0.3432 0.4746
vn 0.6352 -0.2397 0.7342
vn 0.1457 0.6509 0.7450
vn 0.5560 -0.3603 0.7490
vn 0.8060 0.3255 0.4944
vn -0.0248 0.9103 0.4133
vn 0.3484 0.8087 0.4739
vn 0.1033 0.9524 0.2869
vn -0.6796 0.3443 0.6478
vn 0.0212 0.0179 0.9996
vn 0.3221 0.7180 0.6170
vn 0.4101 -0.7604 0.5036
vn 0.9410 -0.2850 0.1826
vn 0.6573 0.7526 -0.0387
vn 0.4792 0.8591 0.1798
vn -0.1971 0.8506 0.4875
vn 0.3047 0.6135 0.7285
vn -0.3701 0.7826 0.5006
vn -0.0198 0.6766 0.7361
vn -0.3609 -0.7779 0.5145
vn -0.5954 0.2694 0.7569
vn -0.7743 0.3719 0.5120
vn 0.1757 0.9744 0.1401
vn 0.9963 -0.0827 -0.0213
vn 0.7984 -0.5844 0.1450
vn 0.8151 -0.5793 -0.0068
vn 0.7317 -0.6176 0.2883
vn 0.1939 0.9802 -0.0402
vn -0.2917 -0.6951 0.6571
vn 0.7098 -0.3175 0.6288
vn -0.9203 0.3113 0.2369
vn -0.7007 -0.7130 0.0251
vn -0.5132 -0.8278 0.2267
vn -0.1354 -0.9351 0.3276
vn -0.2234 -0.9580 0.1795
vn -0.9930 0.1144 0.0300
vn -0.7752 0.6024 0.1902
vn -0.8101 0.5857 0.0247
vn 0.5064 -0.4003 -0.7637
vn 0.7869 0.2952 -0.5419
vn 0.9854 -0.1272 0.1134
vn 0.1078 0.6187 -0.7782
vn -0.2812 -0.5797 0.7648
vn -0.3816 0.5375 0.7520
vn 0.6250 0.7676 -0.1421
vn 0.0246 -0.8887 0.4579
vn -0.6585 -0.7475 -0.0870
vn -0.7923 -0.2851 0.5394
vn -0.9853 0.1490 -0.0838
vn -0.5610 0.7004 0.4414
vn -0.5112 0.3939 0.7639
vn 0.2274 -0.8260 0.5158
vn 0.7834 -0.3777 -0.4935
vn 0.2814 0.5880 -0.7584
vn 0.3293 0.7932 -0.5123
vn -0.7005 0.6370 0.3216
vn -0.2598 -0.9656 0.0135
vn 0.1533 0.9677 -0.2002
vn 0.1964 -0.8463 -0.4952
vn 0.3934 -0.5420 -0.7426
vn 0.3890 -0.7809 -0.4888
vn 0.6030 -0.2755 -0.7486
vn 0.4265 -0.5098 0.7471
vn -0.9772 0.1693 0.1285
vn -0.5447 0.3759 -0.7497
vn -0.8211 -0.2879 -0.4929
vn -0.3961 -0.7875 -0.4722
vn -0.6194 0.2513 -0.7438
vn -0.3250 -0.6033 -0.7283
vn 0.6375 0.7652 0.0900
vn -0.0276 0.9023 -0.4302
vn 0.7804 -0.6056 -0.1556
vn 0.5753 -0.7057 -0.4134
vn 0.4680 0.8488 -0.2459
vn 0.9261 -0.3111 -0.2133
vn -0.1974 0.8399 -0.5056
vn -0.0375 0.6543 -0.7553
vn -0.3707 0.7717 -0.5169
vn 0.0874 0.9459 -0.3125
vn 0.7064 -0.6465 -0.2880
vn -0.1927 -0.6479 -0.7369
vn -0.7012 0.3338 -0.6300
vn 0.3074 0.6882 -0.6572
vn -0.0261 -0.0211 -0.9994
vn -0.7871 0.5969 -0.1554
vn 0.9823 -0.1193 -0.1446
vn -0.3994 0.5152 -0.7584
vn -0.1628 -0.9435 -0.2887
vn -0.5339 -0.8250 -0.1853
vn -0.6665 -0.7328 0.1374
vn -0.5616 0.6930 -0.4521
vn -0.7917 0.3637 -0.4909
vn -0.7082 0.6311 -0.3165
vn -0.2368 -0.9598 -0.1506
vn -0.0117 -0.9064 -0.4222
vn -0.3264 -0.7171 -0.6159
vn -0.9304 0.3143 -0.1886
vn 0.6788 -0.3459 -0.6477
vn -0.1502 -0.6247 0.7663
vn -0.7743 -0.3735 0.5108
vn -0.5535 -0.7047 0.4438
vn -0.5890 -0.2691 0.7620
vn -0.1249 0.6346 0.7627
vn -0.7878 0.2947 0.5409
vn -0.5052 -0.3863 0.7717
vn 0.0217 0.9040 0.4269
vn -0.3450 0.7911 0.5051
vn -0.2826 0.5935 0.7536
vn 0.7029 0.3544 0.6167
vn -0.3102 0.6983 0.6451
vn 0.0316 0.0014 0.9995
vn -0.3623 -0.7798 0.5106
vn -0.3729 -0.5339 0.7589
vn -0.6798 0.7334 0.0094
vn -0.9213 -0.3151 0.2280
vn -0.4930 0.8419 0.2196
vn 0.1991 0.8486 0.4901
vn 0.3733 0.7861 0.4927
vn 0.0397 0.6659 0.7450
vn 0.4051 0.5374 0.7396
vn 0.6261 0.2753 0.7295
vn 0.4080 -0.7757 0.4814
vn 0.7891 0.3867 0.4773
vn -0.1144 0.9444 0.3082
vn -0.7723 -0.6097 0.1783
vn -0.9933 -0.1116 0.0311
vn -0.7975 -0.6026 0.0283
vn -0.6977 -0.6428 0.3163
vn -0.1954 0.9666 0.1658
vn -0.2238 0.9746 -0.0124
vn -0.6672 -0.3467 0.6592
vn 0.3447 -0.6973 0.6285
vn 0.9225 0.3341 0.1933
vn 0.7207 -0.6928 -0.0250
vn 0.9896 0.1425 -0.0204
vn 0.1769 -0.9363 0.3035
vn 0.5470 -0.8165 0.1847
vn 0.7666 0.6220 0.1594
vn -0.5348 -0.4040 -0.7421
vn -0.9740 -0.1577 0.1628
vn -0.8223 0.2802 -0.4953
vn -0.1665 0.6283 -0.7599
vn 0.3363 -0.5837 0.7390
vn -0.0004 -0.6585 0.7525
vn -0.6532 0.7511 -0.0958
vn 0.0227 -0.8966 0.4423
vn 0.6734 -0.7268 -0.1351
vn 0.9747 0.1791 -0.1336
vn 0.8272 -0.2705 0.4925
vn 0.5624 0.7107 0.4227
vn 0.5390 0.3974 0.7427
vn -0.1778 -0.8405 0.5118
vn -0.3379 0.5908 -0.7327
vn -0.7978 -0.3920 -0.4581
vn -0.3799 0.7905 -0.4803
vn 0.6976 0.6529 0.2951
vn 0.2586 -0.9542 0.1506
vn 0.2872 -0.9577 -0.0181
vn -0.1924 0.9658 -0.1739
vn -0.5053 0.8382 -0.2051
vn -0.1958 -0.8428 -0.5013
vn -0.4148 -0.5404 -0.7321
vn -0.0356 -0.6605 -0.7499
vn -0.6330 -0.2805 -0.7216
vn 0.9775 0.1950 0.0799
vn 0.8021 -0.2554 -0.5398
vn 0.4946 0.4033 -0.7699
vn 0.5726 0.2809 -0.7702
vn 0.3937 -0.7669 -0.5068
vn 0.3044 -0.5807 -0.7551
vn -0.6535 0.7444 0.1370
vn -0.0224 0.9090 -0.4162
vn -0.7708 -0.6251 -0.1234
vn -0.3904 -0.7832 -0.4839
vn -0.5761 -0.7147 -0.3967
vn 0.1464 0.8523 -0.5021
vn -0.0207 0.6661 -0.7456
vn 0.3218 0.7891 -0.5232
vn 0.3448 0.5377 -0.7694
vn -0.1329 0.9476 -0.2906
vn -0.7029 -0.6613 -0.2619
vn -0.9272 -0.3344 -0.1685
vn 0.1731 -0.6286 -0.7582
vn 0.6570 0.3635 -0.6605
vn -0.0264 -0.0036 -0.9996
vn -0.3595 0.6896 -0.6286
vn 0.7612 0.6215 -0.1853
vn 0.7935 0.6085 -0.0075
vn -0.9848 -0.1459 -0.0940
vn 0.5467 -0.8054 -0.2290
vn 0.1752 -0.9329 -0.3146
vn 0.6933 -0.7153 0.0878
vn 0.5185 0.7150 -0.4689
vn 0.7548 0.3938 -0.5245
vn 0.2559 -0.9496 -0.1810
vn 0.3144 -0.6959 -0.6457
vn 0.6736 0.6557 -0.3411
vn 0.9101 0.3439 -0.2313
vn 0.0173 -0.8980 -0.4396
vn -0.7003 -0.3562 -0.6187
vn 0.2065 -0.6326 0.7464
vn 0.5672 0.3717 0.7349
vn 0.3155 0.4135 0.8541
vn 0.5245 0.1576 0.8367
vn -0.2445 0.4786 0.8433
vn 0.1383 0.2031 0.9693
vn -0.4324 0.3021 0.8496
vn 0.0171 0.0674 0.9976
vn 0.2754 -0.2929 0.9156
vn 0.4069 -0.0937 0.9087
vn 0.6813 0.2001 0.7041
vn 0.6395 -0.5119 0.5735
vn 0.7183 0.0261 0.6952
vn 0.3866 -0.8646 0.3209
vn 0.5235 -0.7337 0.4331
vn 0.6787 -0.5252 0.5133
vn 0.0829 -0.8603 -0.5030
vn 0.0725 -0.9393 -0.3354
vn 0.0071 0.8146 0.5800
vn -0.7916 0.5486 0.2691
vn -0.0877 0.6501 0.7548
vn -0.9595 0.1417 -0.2436
vn -0.6527 0.1895 0.7336
vn -0.9106 0.3758 0.1723
vn -0.5566 -0.5591 -0.6145
vn -0.3142 -0.8616 -0.3987
vn 0.1126 -0.9894 -0.0919
vn -0.5623 -0.0782 -0.8232
vn -0.4730 -0.2753 -0.8370
vn 0.0129 -0.8662 -0.4995
vn -0.3490 -0.3671 -0.8623
vn 0.0536 -0.8308 -0.5540
vn -0.9027 -0.1215 -0.4127
vn -0.6246 -0.0947 -0.7752
vn -0.5024 -0.5297 -0.6833
vn -0.4701 -0.5730 -0.6714
vn -0.9513 0.1420 -0.2737
vn -0.5160 -0.3547 -0.7797
vn -0.5604 -0.5163 -0.6476
vn -0.3637 -0.4641 -0.8077
vn -0.5450 0.8112 -0.2120
vn -0.6499 0.7404 0.1714
vn 0.4345 0.7109 0.5530
vn -0.0180 0.9868 0.1609
vn -0.3880 0.6925 -0.6082
vn 0.0771 0.9832 -0.1657
vn -0.8135 0.2447 -0.5276
vn -0.5960 0.2443 -0.7649
vn -0.4387 -0.6782 -0.5896
vn -0.6798 -0.4904 -0.5453
vn -0.6793 -0.3558 -0.6419
vn -0.5841 -0.1513 -0.7975
vn -0.3918 -0.7055 -0.5906
vn -0.4464 -0.6099 -0.6548
vn -0.3487 -0.7941 -0.4979
vn -0.6526 -0.4814 -0.5851
vn -0.7092 -0.2089 -0.6734
vn -0.4861 -0.7345 -0.4735
vn 0.3857 0.5830 0.7151
vn 0.7453 0.1893 0.6392
vn 0.6476 0.3465 0.6786
vn 0.5454 0.7660 0.3403
vn 0.7204 -0.0597 0.6910
vn 0.7125 0.3567 0.6043
vn 0.8006 0.1202 0.5870
vn 0.7502 -0.4130 0.5163
vn 0.8334 -0.0082 0.5525
vn 0.0713 -0.9969 -0.0337
vn 0.2823 -0.9328 0.2242
vn 0.8902 -0.2788 0.3603
vn -0.3267 -0.9104 -0.2539
vn 0.5442 -0.8225 0.1653
vn 0.2797 0.9264 -0.2520
vn 0.8066 -0.3633 0.4662
vn 0.5709 0.7538 -0.3254
vn 0.6066 0.7656 0.2144
vn 0.7387 -0.1254 0.6622
vn 0.8270 0.5053 0.2466
vn -0.1468 -0.9631 -0.2255
vn -0.6111 -0.3858 -0.6912
vn -0.1262 -0.5624 -0.8172
vn -0.6845 -0.3862 -0.6183
vn -0.5075 -0.2312 -0.8301
vn 0.8799 -0.1287 -0.4573
vn 0.4818 -0.5158 -0.7084
vn 0.1154 -0.5498 -0.8273
vn -0.4496 -0.2783 -0.8488
vn 0.7639 -0.4952 0.4139
vn 0.3909 0.5103 -0.7660
vn -0.6724 -0.2280 -0.7042
vn -0.6294 -0.4103 -0.6600
vn -0.6559 -0.3855 -0.6490
vn -0.5942 -0.4677 -0.6543
vn -0.4668 -0.1121 -0.8773
vn -0.4146 0.1752 -0.8930
vn -0.2265 0.5494 -0.8043
vn -0.3968 -0.1955 -0.8968
vn -0.2364 -0.8198 -0.5216
vn -0.3603 -0.7630 -0.5368
vn -0.3210 0.1346 -0.9375
vn -0.4513 -0.2697 -0.8507
vn 0.7369 0.3471 0.5802
vn 0.6124 0.7322 -0.2982
vn 0.4732 0.8510 -0.2279
vn 0.8685 0.4788 -0.1281
vn 0.8568 0.0704 0.5108
vn 0.6859 -0.6713 -0.2807
vn 0.2801 0.2101 -0.9367
vn -0.0357 -0.1275 -0.9912
vn 0.8285 0.4427 -0.3428
vn 0.8178 0.0849 -0.5693
vn 0.2277 0.0267 -0.9734
vn -0.2510 0.0030 -0.9680
vn 0.9503 -0.0784 0.3013
vn 0.6384 -0.7659 -0.0764
vn 0.8362 -0.2501 -0.4880
vn 0.1706 -0.7085 -0.6847
vn -0.3987 -0.6086 -0.6861
vn -0.5001 -0.5881 -0.6356
vn -0.6622 -0.3666 -0.6535
vn -0.4149 -0.6970 -0.5848
vn -0.9532 0.2657 -0.1443
vn -0.0902 -0.1286 0.9876
vn 0.1311 -0.5399 0.8315
vn -0.4019 -0.6325 -0.6621
vn -0.4017 -0.6739 -0.6200
vn -0.6054 -0.1605 -0.7795
vn -0.1069 0.5090 -0.8541
vn -0.3131 0.2121 -0.9258
vn -0.3902 -0.7506 -0.5332
vn -0.2535 -0.9235 -0.2878
vn -0.4816 -0.3391 -0.8082
vn 0.0076 0.5483 -0.8362
vn -0.2043 0.1220 -0.9713
vn 0.4211 -0.8875 0.1872
vn 0.8569 0.3165 -0.4070
vn 0.6678 -0.1446 -0.7302
vn 0.9605 -0.1701 0.2201
vn 0.3450 0.3956 -0.8512
vn 0.3688 -0.7273 -0.5789
vn 0.2409 -0.9230 0.3001
vn -0.7248 -0.6850 0.0736
vn -0.3101 0.4135 0.8561
vn -0.5625 0.3717 0.7385
vn -0.5192 0.1576 0.8400
vn 0.2498 0.4785 0.8418
vn 0.0925 0.6501 0.7542
vn -0.1322 0.2031 0.9702
vn 0.4378 0.3020 0.8468
vn -0.2696 -0.2930 0.9173
vn -0.0107 0.0674 0.9977
vn -0.6768 0.2001 0.7084
vn -0.6359 -0.5119 0.5776
vn -0.4011 -0.0937 0.9112
vn -0.3846 -0.8646 0.3234
vn -0.6754 -0.5252 0.5176
vn -0.7139 0.0260 0.6998
vn -0.0861 -0.8603 -0.5025
vn -0.5207 -0.7338 0.4364
vn -0.0746 -0.9393 -0.3350
vn 0.7932 0.5487 0.2641
vn -0.0035 0.8146 0.5800
vn 0.9579 0.1417 -0.2498
vn 0.6573 0.1895 0.7294
vn -0.1132 -0.9894 -0.0912
vn 0.3117 -0.8616 -0.4007
vn 0.5527 -0.5591 -0.6180
vn 0.5571 -0.0782 -0.8268
vn 0.9522 0.2657 -0.1504
vn -0.0161 -0.8662 -0.4994
vn 0.3435 -0.3671 -0.8645
vn 0.4677 -0.2753 -0.8399
vn 0.9116 0.3758 0.1665
vn 0.9001 -0.1215 -0.4184
vn 0.4981 -0.5298 -0.6865
vn 0.4349 -0.6782 -0.5924
vn 0.9495 0.1420 -0.2797
vn 0.6510 0.7404 0.1673
vn 0.5110 -0.3547 -0.7830
vn 0.6196 -0.0947 -0.7792
vn 0.3586 -0.4641 -0.8100
vn 0.5436 0.8112 -0.2154
vn -0.4310 0.7109 0.5557
vn -0.3812 0.5830 0.7175
vn 0.3841 0.6925 -0.6106
vn 0.0190 0.9868 0.1608
vn -0.0782 0.9832 -0.1652
vn 0.8101 0.2447 -0.5328
vn 0.5911 0.2443 -0.7687
vn 0.5563 -0.5163 -0.6512
vn 0.6752 -0.3558 -0.6462
vn 0.6764 -0.4904 -0.5496
vn 0.3880 -0.7055 -0.5931
vn 0.4422 -0.6099 -0.6576
vn 0.4112 -0.6970 -0.5875
vn 0.5022 -0.2312 -0.8333
vn 0.6489 -0.4814 -0.5892
vn 0.4831 -0.7345 -0.4766
vn 0.7049 -0.2089 -0.6779
vn -0.7413 0.1893 0.6439
vn -0.5432 0.7660 0.3438
vn -0.6433 0.3466 0.6827
vn -0.7160 -0.0597 0.6955
vn -0.7969 0.1202 0.5920
vn -0.8299 -0.0082 0.5578
vn -0.7469 -0.4130 0.5211
vn -0.0715 -0.9969 -0.0333
vn -0.8879 -0.2788 0.3659
vn -0.2809 -0.9328 0.2260
vn -0.5432 -0.8225 0.1687
vn 0.3250 -0.9104 -0.2560
vn -0.2813 0.9264 -0.2502
vn -0.8036 -0.3633 0.4713
vn -0.6052 0.7656 0.2182
vn -0.5730 0.7538 -0.3217
vn -0.7086 0.3567 0.6088
vn -0.7345 -0.1254 0.6669
vn 0.1453 -0.9631 -0.2265
vn 0.6067 -0.3858 -0.6950
vn 0.6805 -0.3862 -0.6227
vn -0.8828 -0.1287 -0.4517
vn -0.4863 -0.5158 -0.7053
vn -0.1207 -0.5498 -0.8266
vn 0.1210 -0.5624 -0.8180
vn 0.4442 -0.2783 -0.8516
vn -0.7612 -0.4952 0.4187
vn -0.8254 0.5053 0.2518
vn -0.3958 0.5103 -0.7635
vn -0.8307 0.4427 -0.3376
vn 0.6252 -0.4103 -0.6639
vn 0.6679 -0.2280 -0.7085
vn 0.6518 -0.3855 -0.6531
vn 0.5900 -0.4677 -0.6581
vn 0.4612 -0.1121 -0.8802
vn 0.5790 -0.1513 -0.8012
vn 0.4089 0.1752 -0.8956
vn 0.2214 0.5493 -0.8057
vn 0.3911 -0.1955 -0.8994
vn 0.2331 -0.8198 -0.5231
vn 0.4459 -0.2697 -0.8535
vn 0.3151 0.1345 -0.9395
vn 0.3072 0.2121 -0.9277
vn -0.7331 0.3471 0.5849
vn -0.6142 0.7322 -0.2943
vn -0.8536 0.0704 0.5162
vn -0.4746 0.8510 -0.2249
vn -0.8693 0.4788 -0.1226
vn -0.6877 -0.6714 -0.2763
vn -0.2861 0.2101 -0.9349
vn -0.2339 0.0267 -0.9719
vn -0.8213 0.0849 -0.5641
vn 0.0294 -0.1275 -0.9914
vn -0.9484 -0.0784 0.3072
vn -0.8393 -0.2501 -0.4827
vn -0.6389 -0.7659 -0.0723
vn -0.1750 -0.7085 -0.6836
vn 0.2449 0.0030 -0.9696
vn 0.3943 -0.6086 -0.6886
vn 0.4960 -0.5881 -0.6388
vn 0.6581 -0.3666 -0.6577
vn 0.0965 -0.1286 0.9870
vn -0.0571 -0.8308 -0.5536
vn 0.3455 -0.7941 -0.5001
vn 0.3977 -0.6325 -0.6647
vn 0.3977 -0.6739 -0.6226
vn 0.6005 -0.1605 -0.7834
vn 0.1016 0.5091 -0.8547
vn -0.0129 0.5483 -0.8362
vn 0.3868 -0.7506 -0.5357
vn 0.3568 -0.7630 -0.5390
vn 0.2517 -0.9235 -0.2894
vn 0.4764 -0.3391 -0.8112
vn 0.1982 0.1219 -0.9726
vn -0.3504 0.3956 -0.8490
vn -0.4199 -0.8875 0.1899
vn -0.8594 0.3165 -0.4016
vn -0.9591 -0.1701 0.2262
vn -0.6724 -0.1446 -0.7259
vn -0.3725 -0.7273 -0.5764
vn -0.2390 -0.9230 0.3017
vn 0.7253 -0.6850 0.0689
vn -0.1258 -0.5399 0.8323
vn -0.2320 0.2621 0.9367
vn -0.5561 0.0255 0.8307
vn -0.4452 -0.2784 0.8510
vn -0.2719 -0.9605 0.0588
vn -0.2832 -0.2880 0.9148
vn -0.8611 -0.4010 0.3125
vn -0.2076 -0.8491 -0.4858
vn -0.5312 -0.8160 -0.2278
vn -0.3289 -0.7776 -0.5359
vn 0.5628 -0.8249 -0.0530
vn 0.0039 -0.7864 0.6177
vn -0.5636 -0.8249 -0.0442
vn -0.0677 0.2195 0.9733
vn -0.7088 -0.5874 -0.3906
vn -0.8703 0.2977 0.3923
vn -0.8748 -0.3009 -0.3797
vn -0.0668 -0.8840 -0.4626
vn -0.4375 -0.8967 0.0678
vn 0.0612 -0.8842 -0.4630
vn -0.1697 -0.9800 -0.1035
vn 0.5654 0.0261 0.8244
vn 0.4383 -0.8967 0.0610
vn 0.5296 -0.8149 -0.2355
vn -0.4174 -0.6814 -0.6013
vn -0.4514 0.5442 0.7072
vn -0.7094 0.2514 0.6585
vn -0.4228 0.4316 0.7969
vn -0.3570 0.3431 0.8688
vn -0.4644 -0.5474 -0.6962
vn 0.5682 -0.1485 0.8094
vn -0.5570 -0.1468 0.8174
vn 0.7023 -0.5877 -0.4016
vn 0.8750 0.2980 0.3815
vn 0.7174 0.2514 0.6497
vn 0.3667 0.3435 0.8646
vn 0.4312 0.4324 0.7919
vn 0.8696 -0.3015 -0.3911
vn 0.4075 -0.6814 -0.6080
vn 0.4544 -0.5484 -0.7020
vn -0.2856 0.9582 -0.0173
vn -0.8646 0.4098 -0.2908
vn -0.8345 0.1774 0.5217
vn -0.2912 0.3211 -0.9012
vn 0.4563 -0.2789 0.8450
vn 0.1687 -0.9800 -0.1059
vn -0.8390 -0.1999 -0.5061
vn 0.2439 0.2623 0.9337
vn 0.8383 0.4525 0.3042
vn 0.8650 -0.4009 0.3016
vn 0.8313 -0.2002 -0.5185
vn 0.2020 -0.8485 -0.4892
vn 0.2727 -0.9605 0.0555
vn 0.0810 0.2194 0.9723
vn -0.5531 0.7929 0.2557
vn -0.4532 0.3293 -0.8284
vn -0.5594 0.0144 -0.8288
vn 0.3227 -0.7758 -0.5422
vn 0.4588 0.5447 0.7020
vn -0.4402 -0.4060 -0.8009
vn 0.0780 0.8730 0.4815
vn -0.1742 0.9749 0.1386
vn -0.0734 0.8730 0.4822
vn -0.4486 0.8933 -0.0279
vn 0.1811 -0.1422 0.9731
vn -0.1680 -0.1415 0.9756
vn 0.8353 -0.4349 -0.3362
vn 0.2805 0.3216 -0.9044
vn 0.8613 0.4099 -0.3001
vn 0.5562 0.7925 0.2501
vn 0.4448 0.3292 -0.8329
vn 0.4483 0.8933 -0.0324
vn -0.8392 -0.4352 -0.3262
vn -0.2402 -0.2003 -0.9498
vn -0.4243 0.6553 0.6250
vn -0.2311 0.8289 0.5094
vn -0.7149 0.5646 0.4125
vn -0.7185 -0.2309 -0.6561
vn -0.0806 -0.1542 -0.9847
vn 0.1704 0.2037 -0.9641
vn -0.1796 0.2039 -0.9624
vn -0.3651 -0.2918 -0.8841
vn -0.3551 0.7456 0.5640
vn 0.2854 0.9582 -0.0204
vn 0.5538 0.1976 -0.8088
vn -0.5614 0.1976 -0.8036
vn -0.0027 0.8191 -0.5737
vn 0.4306 -0.4063 -0.8059
vn -0.8336 0.4528 0.3164
vn 0.3613 0.7451 0.5606
vn 0.7194 0.5646 0.4046
vn 0.8398 0.1770 0.5132
vn 0.2306 -0.2006 -0.9522
vn 0.5501 0.0145 -0.8350
vn 0.3550 -0.2917 -0.8882
vn 0.4311 0.6550 0.6206
vn 0.2362 0.8289 0.5070
vn 0.5579 0.8253 0.0873
vn 0.0712 -0.1543 -0.9855
vn 0.7103 -0.2310 -0.6649
vn -0.5571 0.8253 0.0926
vn 0.2933 -0.2876 0.9118
vn 0.0031 -0.1347 0.9909
vn 0.4851 0.3186 0.8143
vn 0.0030 0.3378 0.9412
vn 0.5016 -0.1211 0.8566
vn 0.8651 0.2256 0.4481
vn 0.7468 -0.0582 0.6625
vn 0.7807 0.3098 0.5426
vn 0.6474 0.0734 0.7586
vn 0.6135 0.3555 0.7051
vn 0.8974 -0.0195 0.4408
vn 0.8949 0.2082 0.3947
vn 0.9794 -0.0693 0.1896
vn 0.9816 0.0792 0.1739
vn 0.9781 -0.1759 0.1113
vn 0.9629 0.0940 0.2529
vn 0.4008 0.7066 0.5832
vn 0.7426 0.5801 0.3348
vn 0.8867 0.4528 0.0931
vn 0.4633 0.5595 0.6872
vn 0.7851 0.5408 0.3019
vn 0.0025 0.5965 0.8026
vn 0.8751 0.4042 0.2662
vn 0.0022 0.7182 0.6958
vn 0.6508 0.7474 0.1335
vn 0.4835 0.8753 -0.0032
vn 0.4974 0.6560 0.5677
vn 0.9137 0.3731 0.1612
vn 0.8206 0.5713 -0.0139
vn 0.1995 0.9173 0.3446
vn 0.8741 0.4557 0.1682
vn 0.8189 -0.1967 0.5392
vn 0.4594 -0.5977 0.6571
vn 0.8980 -0.2959 0.3255
vn 0.0026 -0.5842 0.8116
vn 0.3888 -0.6159 0.6852
vn 0.4308 -0.3225 0.8428
vn 0.9582 -0.2860 0.0078
vn 0.5724 -0.6897 0.4435
vn 0.7076 -0.3130 0.6335
vn 0.0381 -0.6843 0.7282
vn 0.2744 -0.9401 0.2024
vn 0.4834 -0.7694 0.4175
vn 0.6546 -0.7558 -0.0159
vn 0.2666 -0.7119 0.6498
vn 0.1039 -0.9165 0.3864
vn 0.1720 -0.8981 0.4047
vn 0.0016 -0.8676 0.4972
vn 0.0004 -0.9927 0.1206
vn 0.1751 -0.9837 -0.0414
vn -0.1111 -0.8561 0.5048
vn -0.2288 -0.7941 0.5631
vn -0.0799 -0.9392 0.3340
vn 0.0403 -0.9568 0.2879
vn 0.2569 -0.9522 -0.1655
vn 0.6940 -0.6312 -0.3465
vn 0.8843 -0.4654 -0.0387
vn 0.9210 -0.2926 0.2573
vn 0.2925 -0.7489 -0.5946
vn 0.4191 -0.8658 -0.2734
vn 0.6607 -0.7474 0.0705
vn -0.2113 -0.9627 0.1693
vn 0.0128 -0.7973 -0.6034
vn -0.0725 -0.7142 -0.6962
vn -0.2540 -0.7105 -0.6563
vn -0.1401 -0.9510 -0.2755
vn -0.0967 -0.9387 -0.3309
vn 0.2262 -0.7957 -0.5619
vn 0.3860 -0.7971 -0.4644
vn -0.1991 -0.8906 0.4090
vn -0.1071 -0.9835 0.1460
vn 0.2031 -0.9648 -0.1669
vn 0.4612 -0.8642 -0.2013
vn 0.6655 -0.7462 0.0170
vn 0.0386 -0.9028 0.4283
vn 0.0004 -0.9935 0.1135
vn -0.0004 -0.9931 -0.1172
vn 0.0004 -0.9917 0.1286
vn -0.0006 -0.9815 -0.1915
vn -0.1954 -0.7671 0.6111
vn 0.0016 -0.8653 0.5013
vn -0.0004 -0.9916 -0.1294
vn 0.0023 -0.6739 0.7388
vn 0.0015 -0.8844 0.4668
vn 0.9289 -0.2968 0.2213
vn 0.8496 0.5231 0.0675
vn 0.7552 0.6518 -0.0700
vn 0.3655 0.9189 -0.1482
vn 0.7983 0.6019 0.0211
vn 0.9455 -0.2848 -0.1578
vn 0.8006 0.5817 0.1436
vn 0.1685 0.9857 -0.0083
vn 0.0775 0.9906 0.1126
vn 0.8975 -0.3143 -0.3093
vn 0.8382 0.5364 0.0981
vn -0.1357 0.9450 -0.2976
vn 0.4915 -0.8690 -0.0570
vn 0.9455 -0.3246 0.0267
vn 0.0095 -0.9829 -0.1837
vn 0.9707 -0.2200 -0.0964
vn 0.5030 -0.7783 -0.3758
vn -0.0929 -0.9411 -0.3252
vn -0.6964 -0.4646 -0.5469
vn -0.1437 -0.8258 -0.5453
vn 0.5124 -0.8303 -0.2192
vn 0.4310 -0.6672 -0.6075
vn -0.1229 -0.5816 -0.8041
vn -0.5899 -0.2233 -0.7760
vn -0.5625 -0.6722 -0.4814
vn -0.5017 -0.8100 -0.3037
vn -0.7874 -0.3375 -0.5159
vn -0.6771 -0.6362 -0.3697
vn -0.8186 0.4225 -0.3892
vn -0.8750 0.0830 -0.4770
vn 0.9159 -0.4014 0.0015
vn 0.4565 -0.5130 -0.7269
vn -0.6020 0.7689 -0.2154
vn -0.7258 0.2135 -0.6539
vn -0.5730 0.6964 -0.4322
vn -0.4459 0.8784 -0.1719
vn 0.5849 0.5906 -0.5560
vn -0.3735 -0.3136 -0.8730
vn 0.8903 -0.2801 -0.3590
vn 0.7745 0.5792 -0.2544
vn 0.7271 0.6836 -0.0637
vn 0.4197 0.9061 0.0534
vn -0.1244 0.9747 0.1855
vn 0.4822 -0.7547 -0.4448
vn 0.8801 -0.1279 -0.4571
vn 0.8324 0.5026 -0.2335
vn 0.4049 0.8990 -0.1672
vn 0.4125 -0.6644 -0.6232
vn 0.8440 -0.0285 -0.5356
vn -0.0507 0.9973 -0.0538
vn 0.4992 0.7520 0.4306
vn 0.0018 0.8204 0.5718
vn 0.9016 0.4324 -0.0107
vn 0.5250 0.8085 0.2659
vn 0.0012 0.9233 0.3841
vn 0.9219 0.3739 -0.1013
vn 0.4562 0.8880 -0.0582
vn 0.0001 0.9997 0.0261
vn 0.8403 0.0181 -0.5419
vn 0.8329 -0.1770 -0.5244
vn 0.7798 0.0109 -0.6259
vn 0.7917 0.5233 -0.3151
vn 0.0127 0.7285 -0.6849
vn 0.4686 -0.2909 -0.8342
vn -0.0025 0.6096 -0.7927
vn -0.0029 -0.4007 -0.9162
vn 0.5015 -0.4793 -0.7202
vn -0.0029 -0.4079 -0.9130
vn 0.4891 -0.3101 -0.8152
vn -0.0027 0.5394 -0.8420
vn 0.6636 -0.7455 0.0618
vn 0.0003 -0.9961 0.0888
vn 0.6859 -0.7060 -0.1766
vn -0.0006 -0.9803 -0.1977
vn 0.7333 -0.5561 -0.3913
vn -0.0014 -0.8985 -0.4390
vn 0.7566 -0.3635 -0.5435
vn 0.9195 0.1682 -0.3553
vn 0.9577 -0.0889 -0.2739
vn 0.9696 -0.2105 -0.1245
vn 0.8030 0.5164 -0.2974
vn 0.5566 0.7873 -0.2653
vn 0.7575 0.5423 -0.3634
vn 0.9183 0.2848 -0.2751
vn 0.4087 0.8102 -0.4203
vn 0.6847 0.6160 -0.3894
vn -0.0006 0.9844 -0.1759
vn -0.0029 0.4044 -0.9146
vn -0.0022 -0.7217 -0.6922
vn 0.6233 -0.2865 -0.7276
vn 0.3838 -0.5352 -0.7525
vn -0.2393 -0.7362 -0.6331
vn -0.2335 -0.6171 -0.7514
vn -0.1421 -0.8575 -0.4945
vn -0.6600 -0.6477 -0.3806
vn -0.6834 -0.5964 -0.4210
vn -0.7402 -0.4585 -0.4918
vn -0.8122 -0.3155 -0.4906
vn -0.9523 -0.1026 -0.2873
vn -0.9624 0.1960 -0.1880
vn -0.9139 0.4040 -0.0385
vn -0.4684 0.6330 -0.6163
vn -0.7707 0.6319 -0.0820
vn -0.5538 0.8271 0.0957
vn -0.3253 0.9271 0.1862
vn 0.7283 0.6795 -0.0892
vn 0.7915 0.5967 -0.1318
vn 0.1325 0.9859 0.1018
vn 0.2295 0.9635 0.1377
vn 0.0350 0.9931 -0.1115
vn -0.5209 0.8443 -0.1262
vn -0.0012 0.9208 -0.3900
vn -0.6508 0.7177 -0.2478
vn -0.0017 0.8555 -0.5178
vn 0.3498 0.8233 -0.4470
vn -0.0015 0.8852 -0.4652
vn 0.6040 0.7226 -0.3361
vn 0.5645 0.7341 -0.3775
vn -0.0015 0.8831 -0.4691
vn -0.0009 0.9604 -0.2788
vn 0.4220 0.4066 -0.8103
vn 0.7527 0.1904 -0.6302
vn 0.6150 0.7752 -0.1446
vn 0.1931 0.9809 0.0231
vn -0.2885 0.9500 0.1193
vn 0.2771 -0.3228 -0.9050
vn -0.3262 -0.3927 -0.8599
vn -0.8226 -0.1299 -0.5536
vn -0.8127 0.5550 -0.1774
vn -0.1045 0.5966 -0.7957
vn -0.5371 0.8414 0.0593
vn -0.0000 0.9999 -0.0138
vn -0.6749 0.7379 0.0114
vn 0.0001 0.9999 0.0170
vn -0.4504 0.8900 0.0709
vn -0.6649 0.7444 -0.0607
vn -0.4799 0.3186 0.8174
vn -0.4962 -0.1211 0.8597
vn -0.8622 0.2256 0.4535
vn -0.7425 -0.0582 0.6673
vn -0.8154 -0.1967 0.5444
vn -0.7773 0.3098 0.5476
vn -0.6425 0.0734 0.7627
vn -0.6090 0.3555 0.7090
vn -0.8946 -0.0195 0.4465
vn -0.8924 0.2082 0.4004
vn -0.9782 -0.0693 0.1959
vn -0.9805 0.0792 0.1801
vn -0.9774 -0.1759 0.1175
vn -0.3971 0.7066 0.5857
vn -0.8861 0.4528 0.0987
vn -0.9613 0.0940 0.2590
vn -0.4589 0.5595 0.6902
vn -0.7832 0.5408 0.3069
vn -0.8734 0.4042 0.2717
vn -0.6500 0.7474 0.1376
vn -0.4835 0.8753 -0.0001
vn -0.7404 0.5801 0.3395
vn -0.4938 0.6560 0.5708
vn -0.8207 0.5713 -0.0087
vn -0.9126 0.3731 0.1670
vn -0.1973 0.9173 0.3459
vn -0.8730 0.4556 0.1737
vn -0.4552 -0.5977 0.6600
vn -0.8959 -0.2959 0.3312
vn -0.4255 -0.3225 0.8456
vn -0.9581 -0.2860 0.0139
vn -0.3844 -0.6159 0.6877
vn -0.7036 -0.3130 0.6380
vn -0.0335 -0.6842 0.7285
vn -0.2731 -0.9401 0.2041
vn -0.5696 -0.6897 0.4471
vn -0.4808 -0.7694 0.4206
vn -0.2624 -0.7119 0.6514
vn -0.1014 -0.9165 0.3871
vn -0.1694 -0.8981 0.4058
vn 0.1143 -0.8561 0.5041
vn 0.2323 -0.7941 0.5616
vn -0.1754 -0.9837 -0.0402
vn -0.6547 -0.7558 -0.0118
vn -0.0385 -0.9568 0.2881
vn -0.6961 -0.6312 -0.3421
vn -0.2579 -0.9522 -0.1639
vn -0.8845 -0.4654 -0.0331
vn -0.4208 -0.8658 -0.2708
vn -0.2963 -0.7489 -0.5927
vn 0.2123 -0.9627 0.1680
vn -0.0166 -0.7973 -0.6033
vn 0.0681 -0.7142 -0.6967
vn 0.1384 -0.9510 -0.2764
vn 0.0946 -0.9387 -0.3315
vn 0.2498 -0.7105 -0.6579
vn -0.2298 -0.7957 -0.5605
vn 0.1080 -0.9835 0.1453
vn 0.2017 -0.8906 0.4077
vn -0.2042 -0.9648 -0.1656
vn -0.6654 -0.7462 0.0212
vn -0.3889 -0.7971 -0.4619
vn -0.0359 -0.9028 0.4285
vn -0.4624 -0.8642 -0.1984
vn 0.1992 -0.7671 0.6098
vn 0.0820 -0.9392 0.3335
vn -0.9193 -0.2926 0.2631
vn -0.6602 -0.7474 0.0747
vn -0.9275 -0.2968 0.2272
vn -0.8492 0.5231 0.0729
vn -0.7556 0.6518 -0.0652
vn -0.7981 0.6019 0.0262
vn -0.9465 -0.2848 -0.1518
vn -0.9713 -0.2200 -0.0902
vn -0.1685 0.9857 -0.0072
vn -0.7997 0.5817 0.1487
vn -0.8995 -0.3143 -0.3036
vn -0.0768 0.9906 0.1131
vn -0.8376 0.5364 0.1035
vn -0.4919 -0.8690 -0.0539
vn -0.0107 -0.9829 -0.1837
vn -0.5054 -0.7783 -0.3726
vn -0.5138 -0.8303 -0.2159
vn 0.0909 -0.9411 -0.3258
vn 0.6929 -0.4646 -0.5514
vn 0.6747 -0.6363 -0.3740
vn -0.4349 -0.6672 -0.6048
vn 0.1402 -0.8258 -0.5462
vn 0.1178 -0.5816 -0.8049
vn 0.5594 -0.6722 -0.4849
vn 0.4997 -0.8100 -0.3069
vn 0.7838 -0.3374 -0.5214
vn 0.8719 0.0830 -0.4826
vn 0.8161 0.4225 -0.3944
vn -0.9158 -0.4015 0.0074
vn 0.5849 -0.2233 -0.7797
vn 0.7216 0.2135 -0.6585
vn 0.6006 0.7689 -0.2193
vn 0.5702 0.6964 -0.4358
vn 0.1338 0.9450 -0.2985
vn -0.3664 0.9189 -0.1459
vn 0.4448 0.8784 -0.1747
vn -0.4611 -0.5130 -0.7240
vn -0.9453 -0.3246 0.0328
vn -0.5884 0.5906 -0.5522
vn -0.8926 -0.2801 -0.3533
vn 0.3680 -0.3136 -0.8754
vn -0.7761 0.5792 -0.2495
vn -0.7275 0.6836 -0.0591
vn -0.4193 0.9061 0.0560
vn 0.1255 0.9747 0.1847
vn -0.8830 -0.1279 -0.4515
vn -0.4850 -0.7547 -0.4417
vn -0.8339 0.5026 -0.2282
vn -0.4059 0.8990 -0.1646
vn -0.4165 -0.6644 -0.6206
vn -0.8474 -0.0285 -0.5302
vn -0.3886 -0.5352 -0.7500
vn 0.0503 0.9973 -0.0541
vn -0.4964 0.7520 0.4337
vn -0.5233 0.8085 0.2692
vn -0.9017 0.4324 -0.0049
vn -0.4566 0.8880 -0.0553
vn -0.9226 0.3738 -0.0955
vn -0.8437 0.0181 -0.5365
vn -0.8362 -0.1770 -0.5191
vn -0.7838 0.0109 -0.6210
vn -0.0171 0.7285 -0.6848
vn -0.4739 -0.2909 -0.8312
vn -0.5061 -0.4793 -0.7170
vn -0.0026 -0.5819 -0.8133
vn -0.7937 0.5233 -0.3101
vn -0.4943 -0.3101 -0.8121
vn -0.6632 -0.7455 0.0660
vn -0.6870 -0.7060 -0.1722
vn -0.7357 -0.5561 -0.3866
vn -0.7600 -0.3635 -0.5387
vn -0.9217 0.1682 -0.3495
vn -0.9594 -0.0888 -0.2678
vn -0.5582 0.7873 -0.2618
vn -0.8049 0.5164 -0.2923
vn -0.7598 0.5422 -0.3586
vn -0.9200 0.2848 -0.2692
vn -0.9704 -0.2105 -0.1183
vn -0.4114 0.8102 -0.4177
vn -0.6872 0.6160 -0.3851
vn -0.6279 -0.2865 -0.7236
vn 0.2353 -0.7362 -0.6346
vn 0.1390 -0.8575 -0.4954
vn 0.6574 -0.6478 -0.3849
vn 0.2288 -0.6171 -0.7529
vn 0.7370 -0.4585 -0.4965
vn 0.6807 -0.5964 -0.4254
vn 0.9505 -0.1026 -0.2933
vn 0.8091 -0.3155 -0.4958
vn 0.9612 0.1961 -0.1942
vn 0.7701 0.6319 -0.0869
vn 0.4645 0.6330 -0.6193
vn 0.9137 0.4040 -0.0443
vn 0.5544 0.8271 0.0922
vn -0.7288 0.6795 -0.0845
vn -0.7924 0.5967 -0.1268
vn -0.1318 0.9859 0.1027
vn 0.3265 0.9271 0.1841
vn -0.0357 0.9931 -0.1113
vn 0.5200 0.8443 -0.1295
vn 0.6492 0.7177 -0.2519
vn -0.3526 0.8233 -0.4448
vn -0.6062 0.7226 -0.3323
vn -0.5668 0.7341 -0.3739
vn -0.4271 0.4066 -0.8076
vn -0.7567 0.1904 -0.6254
vn -0.1929 0.9809 0.0243
vn -0.2286 0.9635 0.1391
vn -0.2829 -0.3228 -0.9032
vn 0.3208 -0.3926 -0.8619
vn 0.8190 -0.1299 -0.5588
vn -0.6159 0.7752 -0.1407
vn 0.2893 0.9500 0.1175
vn 0.0994 0.5966 -0.7964
vn 0.8115 0.5550 -0.1825
vn 0.5375 0.8414 0.0559
vn 0.6749 0.7379 0.0071
vn 0.4509 0.8900 0.0681
vn 0.6645 0.7444 -0.0650
vn 0.2379 0.4147 -0.8783
vn 0.8701 -0.2002 -0.4504
vn 0.4538 0.2943 -0.8411
vn 0.9709 -0.2073 0.1195
vn 0.7917 -0.5860 0.1725
vn 0.5573 -0.4471 0.6996
vn 0.2813 -0.6728 0.6842
vn -0.1675 -0.4402 0.8821
vn -0.3833 -0.3722 0.8453
vn -0.5785 -0.2896 0.7626
vn -0.6656 -0.0535 0.7444
vn -0.3797 0.6841 -0.6227
vn -0.3405 0.5004 -0.7960
vn -0.1236 0.6168 -0.7774
vn -0.0073 0.6950 -0.7190
vn 0.2049 0.1602 -0.9656
vn -0.0101 0.0831 -0.9965
vn 0.0747 0.7301 -0.6792
vn 0.4593 0.1983 -0.8659
vn 0.0186 0.6928 -0.7209
vn -0.0047 0.8878 -0.4601
vn -0.1439 0.8698 -0.4720
vn -0.0193 0.9015 -0.4324
vn 0.0097 -0.0863 0.9962
vn -0.2634 0.1848 0.9468
vn 0.0093 0.2719 0.9623
vn -0.3814 -0.2888 0.8781
vn -0.2049 -0.2543 0.9451
vn -0.5817 0.0732 0.8101
vn 0.0060 -0.7739 0.6333
vn 0.0748 -0.8131 0.5773
vn 0.0046 -0.8491 0.5281
vn -0.0010 -0.9951 -0.0986
vn 0.4997 -0.8652 -0.0422
vn 0.1927 -0.9622 -0.1927
vn -0.0075 -0.6396 -0.7687
vn 0.6652 -0.4407 -0.6027
vn 0.2594 -0.5454 -0.7970
vn 0.0659 0.4727 -0.8787
vn -0.5335 0.4748 -0.6999
vn -0.4878 0.3605 -0.7950
vn -0.4092 -0.4751 0.7790
vn 0.9890 0.1119 0.0969
vn 0.6866 -0.2131 0.6951
vn 0.8357 0.1351 -0.5323
vn 0.7338 0.3930 -0.5541
vn 0.0110 -0.4347 0.9005
vn 0.6743 -0.2302 0.7016
vn 0.0144 -0.6290 0.7773
vn 0.9414 0.2661 0.2074
vn -0.6540 0.2866 -0.7001
vn -0.5081 0.5101 -0.6940
vn -0.4013 -0.8748 0.2715
vn 0.6790 0.6494 -0.3422
vn 0.0458 0.7448 -0.6657
vn 0.6642 0.7255 0.1806
vn 0.0529 0.9838 -0.1714
vn 0.5908 -0.5860 0.5547
vn -0.1280 -0.9827 0.1336
vn 0.8850 0.1033 0.4539
vn -0.6738 0.3822 -0.6324
vn -0.5449 0.7353 -0.4030
vn -0.3691 -0.9149 -0.1632
vn 0.6025 0.5929 0.5343
vn 0.6100 -0.0824 0.7881
vn -0.6019 0.5567 -0.5725
vn -0.2345 0.8106 -0.5366
vn -0.4677 -0.8618 -0.1966
vn 0.3260 -0.7322 0.5980
vn 0.3061 0.9519 -0.0110
vn -0.1462 -0.9823 0.1174
vn 0.2613 -0.0254 0.9649
vn -0.0017 0.4793 -0.8776
vn 0.1596 0.7349 -0.6591
vn -0.3385 -0.9354 0.1020
vn -0.4273 -0.8622 -0.2719
vn -0.0246 -0.6885 0.7248
vn 0.3898 0.6622 0.6399
vn 0.3416 0.9390 -0.0387
vn 0.0709 0.7582 -0.6481
vn 0.1527 0.9882 0.0120
vn -0.1473 -0.9890 0.0118
vn 0.0878 -0.0291 0.9957
vn 0.0044 0.4740 -0.8805
vn -0.1789 -0.9155 -0.3604
vn -0.0404 -0.7189 0.6939
vn 0.1629 0.6926 0.7026
vn 0.0086 -0.7273 0.6862
vn 0.0002 0.9999 0.0118
vn 0.0090 0.7065 0.7077
vn -0.0081 0.7580 -0.6522
vn -0.0002 -1.0000 -0.0017
vn 0.0129 -0.0244 0.9996
vn -0.0109 0.4733 -0.8808
vn -0.0047 -0.9301 -0.3674
vn -0.8793 -0.2007 -0.4319
vn -0.2577 0.4158 -0.8722
vn -0.4717 0.2948 -0.8310
vn -0.9679 -0.2085 0.1405
vn -0.8473 0.1350 -0.5136
vn -0.7872 -0.5871 0.1889
vn -0.5410 -0.4490 0.7111
vn -0.2651 -0.6738 0.6898
vn 0.1881 -0.4416 0.8773
vn 0.4028 -0.3717 0.8365
vn 0.5958 -0.2899 0.7490
vn 0.3494 0.6879 -0.6362
vn 0.3225 0.5020 -0.8025
vn 0.5176 0.4764 -0.7107
vn 0.0996 0.6175 -0.7802
vn -0.2246 0.1603 -0.9612
vn -0.0910 0.7208 -0.6871
vn -0.4773 0.1984 -0.8561
vn -0.0521 0.6868 -0.7250
vn 0.0030 0.8830 -0.4694
vn 0.1239 0.8433 -0.5229
vn 0.2825 0.1845 0.9414
vn 0.2234 -0.2543 0.9410
vn 0.3994 -0.2880 0.8704
vn 0.6814 -0.0527 0.7300
vn 0.0063 -0.8490 0.5283
vn -0.0617 -0.8133 0.5785
vn -0.1959 -0.9623 -0.1887
vn -0.4993 -0.8658 -0.0320
vn -0.2751 -0.5455 -0.7917
vn -0.6771 -0.4413 -0.5889
vn -0.0865 0.4740 -0.8762
vn 0.4691 0.3622 -0.8055
vn 0.4274 -0.4764 0.7683
vn -0.9867 0.1109 0.1191
vn 0.0096 -0.4369 0.8994
vn -0.7466 0.3931 -0.5367
vn -0.6582 -0.2313 0.7164
vn -0.6709 -0.2150 0.7097
vn -0.9364 0.2658 0.2293
vn 0.4913 0.5112 -0.7052
vn 0.6375 0.2883 -0.7145
vn 0.0034 -0.6303 0.7763
vn -0.6870 0.6496 -0.3256
vn -0.0618 0.7454 -0.6637
vn -0.6596 0.7254 0.1966
vn -0.0572 0.9838 -0.1698
vn -0.5777 -0.5858 0.5684
vn -0.8739 0.1034 0.4750
vn 0.5349 0.7356 -0.4156
vn 0.6584 0.3834 -0.6477
vn 0.4075 -0.8750 0.2615
vn 0.1310 -0.9828 0.1305
vn -0.5894 0.5928 0.5489
vn 0.5879 0.5572 -0.5864
vn 0.7262 0.4931 -0.4791
vn 0.4628 -0.8617 -0.2082
vn 0.3653 -0.9148 -0.1722
vn -0.3113 -0.7319 0.6061
vn -0.3064 0.9519 -0.0033
vn 0.2213 0.8110 -0.5416
vn 0.1489 -0.9823 0.1137
vn -0.2374 -0.0254 0.9711
vn -0.5907 -0.0821 0.8027
vn -0.0198 0.4801 -0.8770
vn 0.3409 -0.9354 0.0934
vn 0.0426 -0.6885 0.7240
vn -0.3739 0.6622 0.6494
vn -0.1758 0.7353 -0.6545
vn -0.3425 0.9391 -0.0300
vn -0.0869 0.7585 -0.6458
vn 0.1475 -0.9890 0.0075
vn -0.0626 -0.0292 0.9976
vn -0.0261 0.4745 -0.8799
vn 0.1697 -0.9155 -0.3649
vn 0.4204 -0.8622 -0.2827
vn 0.0579 -0.7193 0.6923
vn -0.1452 0.6928 0.7064
vn -0.1523 0.9882 0.0158
vn 0.0002 0.9999 0.0116
vn 0.8111 0.3890 0.4367
vn 0.8044 0.3940 -0.4447
vn -0.0108 0.4180 -0.9084
vn 0.8440 0.2593 -0.4695
vn -0.0114 0.2629 -0.9648
vn -0.8419 0.2457 0.4805
vn -0.8147 0.3940 -0.4256
vn -0.8549 0.2593 -0.4494
vn 0.0110 0.3855 0.9227
vn 0.0115 0.2301 0.9731
vn 0.8530 0.2456 0.4605
vn 0.0079 0.7524 0.6587
vn 0.6879 0.5865 0.4275
vn 0.5000 0.7979 0.3367
vn -0.6776 0.5866 0.4436
vn 0.0102 0.5200 0.8541
vn -0.5087 0.7988 -0.3212
vn -0.4919 0.7980 0.3483
vn -0.0100 0.5308 -0.8474
vn -0.6914 0.5907 -0.4160
vn 0.5010 0.7988 -0.3330
vn -0.0078 0.7585 -0.6516
vn 0.6813 0.5909 -0.4320
vn 0.0112 0.3352 0.9421
vn 0.7906 0.4043 0.4598
vn 0.7804 0.4115 -0.4708
vn -0.0109 0.3463 -0.9381
vn -0.7912 0.4114 -0.4525
vn -0.7796 0.4044 0.4783
vn -0.8006 0.3891 0.4558
vn -0.0066 0.8144 -0.5802
vn 0.8123 0.5706 0.1205
vn 0.8018 0.0669 -0.5939
vn -0.0112 -0.2095 -0.9777
vn 0.8446 -0.0679 -0.5311
vn -0.0105 -0.3708 -0.9287
vn -0.8093 0.5707 0.1389
vn -0.8564 -0.0682 -0.5118
vn -0.8484 0.4721 0.2394
vn 0.0060 0.8623 0.5063
vn 0.0073 0.7640 0.6451
vn 0.8536 0.4721 0.2201
vn 0.5043 0.8428 -0.1880
vn 0.0047 0.9140 0.4056
vn 0.6871 0.7265 0.0091
vn -0.5085 0.8427 -0.1768
vn 0.0014 0.9935 0.1138
vn -0.6937 0.2218 -0.6853
vn -0.6869 0.7263 0.0245
vn -0.0112 0.2341 -0.9721
vn -0.5075 0.4549 -0.7318
vn 0.6779 0.2222 -0.7008
vn -0.0114 -0.0816 -0.9966
vn 0.4906 0.4552 -0.7430
vn -0.7861 0.5975 0.1580
vn 0.0066 0.8115 0.5844
vn 0.7894 0.5976 0.1404
vn 0.7822 0.0504 -0.6210
vn -0.0107 -0.2922 -0.9563
vn -0.7960 0.0498 -0.6032
vn -0.8151 0.0667 -0.5755
vn -0.0103 0.3091 -0.9510
vn 0.8070 0.5371 -0.2453
vn 0.8030 -0.2973 -0.5166
vn -0.0074 -0.7401 -0.6724
vn 0.8416 -0.3641 -0.3988
vn -0.0058 -0.8401 -0.5424
vn -0.8487 0.5218 -0.0861
vn -0.8140 -0.2977 -0.4988
vn -0.8500 -0.3647 -0.3800
vn -0.0011 0.9951 -0.0988
vn 0.0006 0.9976 0.0693
vn 0.8464 0.5222 -0.1046
vn -0.0056 0.8613 -0.5080
vn 0.6777 0.5937 -0.4339
vn 0.4897 0.5689 -0.6607
vn -0.6874 0.5931 -0.4191
vn -0.0026 0.9735 -0.2286
vn -0.5104 -0.0709 -0.8570
vn -0.5044 0.5684 -0.6500
vn -0.0085 -0.6391 -0.7691
vn -0.6912 -0.2241 -0.6871
vn 0.4913 -0.0702 -0.8681
vn -0.0103 -0.3851 -0.9228
vn 0.6760 -0.2235 -0.7022
vn -0.7873 0.5711 -0.2323
vn -0.0006 0.9996 -0.0290
vn 0.7818 0.5716 -0.2492
vn 0.7763 -0.3142 -0.5465
vn -0.0065 -0.7808 -0.6247
vn -0.7880 -0.3150 -0.5291
vn -0.8124 0.5368 -0.2277
vn -0.0098 -0.1361 -0.9906
vn 0.8020 0.3877 -0.4545
vn 0.8009 -0.4974 -0.3334
vn -0.0020 -0.9610 -0.2766
vn 0.8377 -0.5048 -0.2082
vn -0.0008 -0.9910 -0.1342
vn -0.8469 0.4309 -0.3116
vn -0.8071 -0.4984 -0.3165
vn -0.8414 -0.5058 -0.1901
vn -0.0055 0.8566 -0.5160
vn -0.0041 0.9247 -0.3807
vn 0.8399 0.4313 -0.3296
vn -0.0089 0.5314 -0.8471
vn 0.6722 0.3345 -0.6605
vn 0.4825 0.2137 -0.8494
vn -0.6864 0.3337 -0.6462
vn -0.0070 0.7540 -0.6569
vn -0.4982 -0.4171 -0.7601
vn -0.5005 0.2131 -0.8391
vn -0.0049 -0.8835 -0.4684
vn -0.6858 -0.4872 -0.5406
vn 0.4821 -0.4165 -0.7708
vn -0.0074 -0.7043 -0.7098
vn 0.6744 -0.4864 -0.5555
vn -0.7843 0.3996 -0.4744
vn -0.0057 0.8680 -0.4966
vn 0.7738 0.4006 -0.4907
vn 0.7753 -0.5048 -0.3797
vn -0.0025 -0.9608 -0.2771
vn -0.7829 -0.5056 -0.3625
vn -0.8115 0.3871 -0.4378
vn -0.1907 0.4497 -0.8726
vn -0.0092 0.5811 -0.8138
vn -0.0091 0.5802 -0.8144
vn 0.1710 0.4499 -0.8766
vn 0.4063 0.1259 -0.9050
vn 0.1597 0.1884 -0.9690
vn -0.1810 0.1889 -0.9652
vn -0.0119 0.0728 -0.9973
vn -0.4239 0.1299 -0.8963
vn 0.4018 0.4409 -0.8026
vn -0.4197 0.4406 -0.7935
vn -0.0103 0.0664 -0.9977
vn 0.3328 -0.0055 -0.9430
vn 0.3294 -0.5359 -0.7773
vn 0.3941 -0.3888 -0.8328
vn -0.0080 -0.6577 -0.7532
vn -0.3675 -0.5194 -0.7715
vn -0.4116 -0.3895 -0.8240
vn -0.0093 0.1287 -0.9916
vn 0.2457 -0.0258 -0.9690
vn -0.3526 -0.0073 -0.9357
vn -0.3291 -0.0272 -0.9439
vn -0.0072 -0.7236 -0.6902
vn -0.2439 0.6928 -0.6786
vn -0.4554 0.8156 -0.3568
vn -0.2800 0.8956 -0.3456
vn 0.2283 0.6930 -0.6839
vn -0.0093 0.5841 -0.8116
vn -0.0033 0.9596 -0.2814
vn -0.0021 0.9826 -0.1857
vn 0.4470 0.8158 -0.3670
vn 0.4238 0.6236 -0.6569
vn -0.4387 0.6233 -0.6473
vn 0.2719 0.8958 -0.3517
vn -0.3087 0.9396 -0.1480
vn -0.3617 0.9065 0.2177
vn -0.2818 0.9216 0.2670
vn -0.0038 0.9460 -0.3243
vn 0.3148 0.9166 -0.2467
vn 0.0061 0.8623 0.5063
vn 0.0053 0.8968 0.4423
vn 0.3050 0.9396 -0.1551
vn 0.3668 0.9065 0.2092
vn -0.3205 0.9165 -0.2394
vn 0.2880 0.9216 0.2603
vn 0.5498 0.0112 -0.8353
vn 0.9335 -0.3421 0.1078
vn 0.3357 -0.8952 -0.2931
vn -0.4597 -0.5773 -0.6748
vn 0.2777 -0.9409 -0.1940
vn 0.0574 0.9474 -0.3149
vn -0.4721 0.3510 -0.8087
vn -0.5698 0.3667 -0.7354
vn 0.7946 0.5839 0.1662
vn 0.1259 0.9044 -0.4078
vn 0.9050 -0.3601 0.2265
vn 0.8784 -0.1707 -0.4463
vn 0.8578 0.4690 -0.2104
vn 0.9456 -0.2746 -0.1744
vn 0.4260 0.5271 -0.7353
vn 0.8190 0.3394 -0.4626
vn -0.2167 0.2889 -0.9325
vn 0.2814 0.7500 -0.5986
vn 0.0610 0.1892 -0.9800
vn -0.1400 -0.4549 -0.8795
vn 0.5133 -0.5087 -0.6911
vn 0.1055 -0.3212 -0.9411
vn 0.4476 -0.7357 -0.5083
vn 0.8444 0.5348 -0.0307
vn 0.9468 -0.3214 0.0163
vn 0.3746 -0.8513 -0.3674
vn -0.2991 -0.5240 -0.7975
vn -0.3927 0.3323 -0.8575
vn 0.1795 0.8621 -0.4739
vn 0.8286 0.5576 0.0506
vn -0.3671 -0.5487 -0.7511
vn 0.6414 0.7505 -0.1590
vn 0.8936 -0.1125 0.4345
vn 0.8482 -0.2632 -0.4596
vn 0.1478 0.0704 -0.9865
vn 0.8032 -0.3779 -0.4605
vn -0.3101 0.8930 0.3260
vn -0.4600 0.6771 -0.5745
vn -0.4123 0.8353 0.3637
vn 0.2429 0.3868 0.8896
vn 0.8507 -0.2197 0.4776
vn -0.3555 0.7423 -0.5680
vn 0.8986 0.4055 0.1677
vn 0.4564 0.6156 0.6425
vn 0.9388 0.1468 0.3117
vn 0.2244 0.9686 0.1067
vn 0.5661 0.7208 0.4000
vn -0.0889 0.8480 -0.5225
vn -0.0511 0.9736 0.2224
vn 0.1967 0.8766 -0.4392
vn 0.3807 0.3640 -0.8500
vn 0.8710 0.3135 -0.3783
vn 0.5119 0.5410 -0.6672
vn 0.9011 0.0213 -0.4331
vn 0.3614 0.5164 0.7763
vn 0.9163 -0.0273 0.3996
vn 0.8731 -0.1716 -0.4564
vn 0.2748 0.2280 -0.9341
vn -0.2705 0.7833 -0.5597
vn -0.2269 0.9277 0.2964
vn 0.3143 0.4656 0.8273
vn 0.2236 0.1642 -0.9608
vn 0.6669 0.4207 -0.6150
vn 0.9559 -0.1860 0.2272
vn 0.6015 -0.6450 -0.4713
vn -0.1687 -0.3537 -0.9200
vn 0.5409 -0.7339 -0.4109
vn -0.0418 0.9981 -0.0448
vn -0.5062 0.5085 -0.6966
vn -0.1344 0.9903 0.0363
vn 0.5749 0.6099 0.5455
vn 0.9126 -0.2520 0.3219
vn -0.3963 0.5391 -0.7432
vn 0.9572 0.1680 -0.2356
vn 0.7310 0.6578 0.1818
vn 0.9999 -0.0166 -0.0046
vn 0.3984 0.8311 -0.3881
vn 0.7721 0.6277 -0.0999
vn -0.1159 0.5744 -0.8104
vn 0.1794 0.9569 -0.2285
vn 0.1820 0.5507 -0.8146
vn 0.1395 -0.1086 -0.9842
vn 0.7409 -0.1123 -0.6622
vn 0.3491 0.0797 -0.9337
vn 0.7048 -0.3991 -0.5865
vn 0.6696 0.6479 0.3632
vn 0.9794 -0.1305 0.1540
vn 0.6403 -0.5701 -0.5147
vn -0.0081 -0.2306 -0.9730
vn -0.3076 0.5544 -0.7733
vn 0.0317 0.9940 -0.1046
vn 0.6342 0.6354 0.4405
vn -0.0747 -0.2825 -0.9563
vn 0.6764 0.6878 0.2635
vn 0.8961 0.3691 0.2463
vn 0.9156 0.3602 0.1785
vn 0.4377 0.8991 -0.0116
vn 0.8611 0.4930 -0.1241
vn 0.5944 0.6937 -0.4068
vn 0.5753 0.7343 -0.3604
vn 0.6021 0.6986 0.3866
vn 0.8922 0.4504 -0.0342
vn 0.4559 0.8321 -0.3159
vn 0.5250 0.7253 -0.4454
vn 0.5941 0.4727 -0.6508
vn 0.7848 0.1183 -0.6083
vn 0.5860 0.2238 -0.7788
vn 0.5345 0.2715 -0.8004
vn 0.8196 0.5594 -0.1241
vn 0.9984 0.0544 0.0150
vn 0.8364 0.0972 -0.5394
vn 0.4336 0.5293 -0.7293
vn 0.9601 0.2145 -0.1794
vn 0.8518 -0.2234 -0.4739
vn 0.7096 -0.5227 -0.4725
vn 0.6632 -0.3259 -0.6738
vn 0.5544 -0.1091 -0.8251
vn 0.3482 0.0212 -0.9372
vn 0.5539 0.0507 -0.8310
vn 0.7757 0.1267 -0.6182
vn 0.9262 -0.3285 -0.1850
vn 0.5819 0.1627 -0.7968
vn 0.3963 -0.2332 -0.8880
vn -0.5679 0.0113 -0.8230
vn -0.3419 -0.8952 -0.2858
vn -0.9308 -0.3424 0.1280
vn -0.2814 -0.9410 -0.1881
vn 0.3506 -0.5485 -0.7591
vn 0.4450 -0.5768 -0.6850
vn 0.5535 0.3674 -0.7474
vn -0.1347 0.9044 -0.4049
vn -0.0647 0.9475 -0.3133
vn -0.8274 0.5574 0.0684
vn -0.7914 0.5832 0.1832
vn -0.8996 -0.3610 0.2459
vn 0.4543 0.3513 -0.8187
vn -0.8877 -0.1716 -0.4273
vn -0.8625 0.4682 -0.1921
vn -0.8290 0.3387 -0.4450
vn -0.4419 0.5270 -0.7259
vn 0.1960 0.2896 -0.9369
vn -0.0824 0.1897 -0.9784
vn 0.1209 -0.4545 -0.8825
vn -0.1260 -0.3209 -0.9387
vn -0.5282 -0.5089 -0.6797
vn -0.9488 -0.2756 -0.1540
vn -0.8455 0.5338 -0.0128
vn -0.2945 0.7499 -0.5923
vn -0.4583 -0.7359 -0.4984
vn -0.9459 -0.3223 0.0367
vn 0.2815 -0.5234 -0.8042
vn 0.3739 0.3329 -0.8656
vn -0.6447 0.7507 -0.1442
vn -0.8589 -0.2631 -0.4395
vn -0.8833 -0.1124 0.4552
vn -0.8137 -0.3779 -0.4418
vn -0.2462 0.1642 -0.9552
vn -0.1709 0.0707 -0.9828
vn 0.4208 0.8353 0.3539
vn 0.3421 0.7424 -0.5761
vn 0.3177 0.8930 0.3187
vn -0.2951 0.4657 0.8343
vn -0.2222 0.3869 0.8950
vn -0.8394 -0.2198 0.4971
vn 0.4463 0.6773 -0.5849
vn -0.8946 0.4053 0.1881
vn -0.4414 0.6158 0.6527
vn -0.5567 0.7209 0.4127
vn -0.2219 0.9686 0.1118
vn 0.0562 0.9736 0.2210
vn -0.2069 0.8767 -0.4343
vn -0.4005 0.3642 -0.8408
vn -0.5275 0.5410 -0.6551
vn -0.8796 0.3133 -0.3579
vn -0.9109 0.0211 -0.4121
vn -0.3434 0.5167 0.7843
vn -0.9314 0.1467 0.3331
vn -0.9069 -0.0273 0.4205
vn -0.2965 0.2284 -0.9273
vn 0.0765 0.8482 -0.5241
vn 0.2339 0.9277 0.2909
vn -0.6807 0.4207 -0.5997
vn -0.6119 -0.6451 -0.4576
vn -0.9505 -0.1863 0.2486
vn -0.5496 -0.7340 -0.3990
vn 0.0529 -0.2823 -0.9579
vn 0.1479 -0.3530 -0.9239
vn 0.1349 0.9903 0.0335
vn 0.3793 0.5393 -0.7518
vn 0.0408 0.9981 -0.0457
vn -0.6243 0.6354 0.4545
vn -0.5630 0.6095 0.5582
vn -0.9051 -0.2528 0.3420
vn 0.4902 0.5090 -0.7075
vn -0.9623 0.1673 -0.2145
vn -0.7271 0.6575 0.1978
vn -0.7743 0.6273 -0.0829
vn -0.4071 0.8310 -0.3792
vn -0.1846 0.9568 -0.2244
vn -0.2004 0.5511 -0.8101
vn -0.1617 -0.1083 -0.9809
vn -0.3701 0.0798 -0.9256
vn -0.7555 -0.1127 -0.6454
vn -0.7175 -0.3994 -0.5707
vn -0.6619 0.6475 0.3777
vn -0.9997 -0.0174 0.0174
vn -0.9757 -0.1312 0.1755
vn -0.0138 -0.2299 -0.9731
vn 0.0975 0.5749 -0.8124
vn -0.0343 0.9940 -0.1036
vn -0.8904 0.3689 0.2667
vn -0.6701 0.6878 0.2791
vn -0.9116 0.3596 0.1994
vn -0.4378 0.8991 -0.0014
vn -0.4631 0.8320 -0.3055
vn -0.6037 0.6934 -0.3933
vn -0.8641 0.4923 -0.1044
vn -0.5835 0.7341 -0.3473
vn -0.8930 0.4498 -0.0143
vn -0.5350 0.7251 -0.4336
vn -0.6086 0.4723 -0.6376
vn -0.4499 0.5292 -0.7194
vn -0.6042 0.2232 -0.7649
vn -0.7983 0.1177 -0.5907
vn -0.5523 0.2712 -0.7883
vn -0.8224 0.5589 -0.1060
vn -0.9979 0.0533 0.0370
vn -0.9640 0.2137 -0.1583
vn -0.7304 -0.5379 -0.4210
vn -0.8535 -0.2464 -0.4591
vn -0.6604 -0.3584 -0.6598
vn -0.5689 0.0404 -0.8214
vn -0.4650 -0.2223 -0.8569
vn -0.5461 -0.1473 -0.8247
vn -0.9321 -0.3045 -0.1963
vn -0.7787 0.1281 -0.6142
vn -0.6023 0.1597 -0.7821
vn -0.8455 0.0994 -0.5246
vn -0.3736 0.0185 -0.9274
vn 0.8174 0.4721 0.3300
vn 0.7621 0.4855 0.4284
vn 0.2334 0.8336 0.5006
vn 0.0065 0.8457 0.5336
vn -0.2212 0.8337 0.5059
vn -0.5928 0.6987 0.4006
vn -0.4830 0.7272 0.4878
vn -0.7516 0.4856 0.4464
vn -0.8095 0.4723 0.3488
vn 0.2943 -0.7104 -0.6393
vn -0.3256 -0.7083 -0.6264
vn -0.6113 -0.7716 -0.1760
vn -0.4960 -0.6786 -0.5417
vn 0.6034 -0.7275 -0.3266
vn 0.4392 -0.6652 -0.6038
vn 0.9691 0.0983 0.2264
vn 0.9198 -0.2857 0.2691
vn 0.9904 -0.1320 -0.0418
vn 0.8425 -0.5385 0.0102
vn -0.9639 0.0975 0.2478
vn -0.9169 -0.3186 0.2405
vn -0.9903 -0.1378 -0.0157
vn -0.8522 -0.5227 0.0247
vn 0.9940 0.0651 -0.0876
vn 0.2034 0.6147 0.7621
vn 0.3533 -0.6423 -0.6802
vn -0.4103 -0.6169 0.6716
vn -0.8326 -0.5081 -0.2203
vn -0.5216 -0.5474 0.6545
vn 0.3719 -0.9183 -0.1355
vn -0.5865 -0.7249 -0.3612
vn 0.4787 -0.4367 -0.7617
vn 0.0577 -0.6449 0.7621
vn 0.0178 -0.6732 -0.7393
vn 0.4658 -0.5730 -0.6744
vn 0.1755 0.9749 0.1371
vn -0.7376 0.4925 -0.4620
vn 0.5989 0.0742 0.7974
vn -0.1903 0.8622 -0.4695
vn -0.3817 -0.8515 -0.3594
vn -0.8833 -0.1717 -0.4363
vn 0.2572 0.7835 -0.5657
vn -0.6512 -0.5704 -0.5006
vn 0.2900 0.5548 -0.7798
vn 0.4945 0.7270 0.4763
vn -0.0066 -0.7573 -0.6530
vt 0.627013 0.906610
vt 0.639376 0.898724
vt 0.644224 0.906610
vt 0.629386 0.899133
vt 0.613969 0.898444
vt 0.620850 0.892607
vt 0.610221 0.878347
vt 0.620779 0.883187
vt 0.626905 0.870222
vt 0.629040 0.875693
vt 0.489528 0.349728
vt 0.469708 0.353066
vt 0.476599 0.337952
vt 0.653654 0.889716
vt 0.644168 0.883241
vt 0.653661 0.881068
vt 0.644400 0.870500
vt 0.639720 0.877811
vt 0.474169 0.323466
vt 0.468455 0.309201
vt 0.480606 0.316083
vt 0.457644 0.326482
vt 0.462466 0.317600
vt 0.450333 0.343472
vt 0.485659 0.362506
vt 0.460711 0.375100
vt 0.482206 0.385416
vt 0.458089 0.397787
vt 0.444207 0.367943
vt 0.476761 0.403033
vt 0.460967 0.424365
vt 0.441468 0.395656
vt 0.483109 0.307716
vt 0.497486 0.323476
vt 0.505129 0.322070
vt 0.508111 0.335642
vt 0.498337 0.315567
vt 0.472463 0.301983
vt 0.486355 0.299193
vt 0.500984 0.305786
vt 0.476066 0.294414
vt 0.492304 0.286889
vt 0.505032 0.294158
vt 0.494531 0.270377
vt 0.502077 0.278118
vt 0.510651 0.284277
vt 0.508798 0.309424
vt 0.512637 0.297941
vt 0.518755 0.289152
vt 0.524716 0.294980
vt 0.535374 0.301299
vt 0.525784 0.304989
vt 0.524592 0.327340
vt 0.536541 0.316176
vt 0.540259 0.329452
vt 0.520600 0.340500
vt 0.532189 0.355000
vt 0.515931 0.354332
vt 0.523826 0.315833
vt 0.536993 0.343521
vt 0.539284 0.289016
vt 0.544678 0.300731
vt 0.550541 0.314214
vt 0.554088 0.328221
vt 0.546051 0.356378
vt 0.551934 0.342754
vt 0.556572 0.360205
vt 0.546876 0.372181
vt 0.554931 0.302671
vt 0.561227 0.343981
vt 0.550198 0.290102
vt 0.559417 0.314359
vt 0.531711 0.371844
vt 0.513887 0.370037
vt 0.560772 0.373673
vt 0.549909 0.388636
vt 0.531842 0.386215
vt 0.568913 0.406053
vt 0.554434 0.428291
vt 0.551596 0.406432
vt 0.519940 0.387807
vt 0.506925 0.355557
vt 0.502106 0.368854
vt 0.492198 0.394595
vt 0.501278 0.383178
vt 0.504295 0.389325
vt 0.522095 0.406232
vt 0.514333 0.392863
vt 0.524191 0.426188
vt 0.515740 0.422172
vt 0.504438 0.436016
vt 0.502943 0.428169
vt 0.486695 0.407311
vt 0.479980 0.427601
vt 0.490129 0.421584
vt 0.466704 0.444607
vt 0.443622 0.426349
vt 0.528406 0.404917
vt 0.537765 0.405927
vt 0.540437 0.427069
vt 0.566882 0.389317
vt 0.571399 0.451345
vt 0.552896 0.452112
vt 0.449698 0.449187
vt 0.486582 0.444698
vt 0.479548 0.470222
vt 0.503367 0.447518
vt 0.524769 0.450204
vt 0.532427 0.257675
vt 0.547527 0.267217
vt 0.532239 0.263709
vt 0.539114 0.451528
vt 0.512326 0.260968
vt 0.516424 0.268095
vt 0.521450 0.275319
vt 0.529687 0.271160
vt 0.526911 0.283410
vt 0.533412 0.290750
vt 0.533173 0.280808
vt 0.544822 0.271763
vt 0.546133 0.280885
vt 0.551628 0.261893
vt 0.562480 0.272506
vt 0.560807 0.277967
vt 0.560881 0.285000
vt 0.560994 0.293810
vt 0.563263 0.304475
vt 0.568123 0.314428
vt 0.563767 0.329542
vt 0.575773 0.344637
vt 0.572254 0.328384
vt 0.571455 0.359594
vt 0.576170 0.372691
vt 0.584003 0.387072
vt 0.573617 0.428645
vt 0.593692 0.453219
vt 0.589546 0.408738
vt 0.593294 0.430680
vt 0.462578 0.477092
vt 0.538148 0.094841
vt 0.519267 0.081896
vt 0.538821 0.081065
vt 0.532600 0.107624
vt 0.517777 0.096537
vt 0.536646 0.462727
vt 0.531902 0.472644
vt 0.498143 0.467852
vt 0.523772 0.117939
vt 0.513458 0.106685
vt 0.514972 0.126077
vt 0.508264 0.116228
vt 0.502638 0.125988
vt 0.509997 0.139780
vt 0.495829 0.142045
vt 0.516203 0.469666
vt 0.543661 0.462563
vt 0.550859 0.469127
vt 0.595828 0.465193
vt 0.569885 0.466024
vt 0.517984 0.171446
vt 0.493532 0.163196
vt 0.509797 0.154213
vt 0.570269 0.280364
vt 0.566404 0.287944
vt 0.575665 0.309131
vt 0.565959 0.294997
vt 0.583228 0.321243
vt 0.590653 0.336656
vt 0.569706 0.298086
vt 0.573960 0.291569
vt 0.577057 0.273592
vt 0.578629 0.284377
vt 0.583642 0.279724
vt 0.589457 0.294562
vt 0.585546 0.299839
vt 0.594172 0.289537
vt 0.603512 0.311448
vt 0.596367 0.315988
vt 0.621164 0.314715
vt 0.614096 0.323330
vt 0.606888 0.329576
vt 0.629515 0.322509
vt 0.623107 0.330283
vt 0.613152 0.341910
vt 0.634916 0.327551
vt 0.627941 0.334367
vt 0.619691 0.349383
vt 0.633341 0.340087
vt 0.630219 0.359688
vt 0.640027 0.332323
vt 0.645657 0.346508
vt 0.641937 0.357594
vt 0.653567 0.344968
vt 0.649814 0.349283
vt 0.647320 0.355453
vt 0.595513 0.355125
vt 0.601675 0.363251
vt 0.613350 0.370088
vt 0.624008 0.469878
vt 0.620875 0.451210
vt 0.616881 0.429035
vt 0.403677 0.301763
vt 0.387982 0.319654
vt 0.379784 0.300734
vt 0.641962 0.449535
vt 0.648182 0.477092
vt 0.631908 0.400266
vt 0.640300 0.426246
vt 0.630392 0.378999
vt 0.652416 0.400404
vt 0.659665 0.423426
vt 0.658624 0.447405
vt 0.639241 0.368187
vt 0.645712 0.382382
vt 0.667402 0.472839
vt 0.678226 0.441954
vt 0.648920 0.371186
vt 0.656973 0.378388
vt 0.693102 0.463965
vt 0.666725 0.393264
vt 0.677651 0.417961
vt 0.656712 0.370202
vt 0.668845 0.373146
vt 0.702211 0.425560
vt 0.721051 0.445786
vt 0.678303 0.385259
vt 0.693972 0.408795
vt 0.708022 0.395870
vt 0.721949 0.408899
vt 0.670623 0.360904
vt 0.676895 0.366765
vt 0.741767 0.427448
vt 0.685563 0.374868
vt 0.660525 0.360135
vt 0.664828 0.355488
vt 0.664057 0.366272
vt 0.656197 0.362747
vt 0.652378 0.362992
vt 0.646987 0.361361
vt 0.656024 0.359484
vt 0.658365 0.357189
vt 0.650504 0.357084
vt 0.653533 0.358299
vt 0.662265 0.353094
vt 0.656002 0.354641
vt 0.659346 0.350367
vt 0.653289 0.352624
vt 0.656632 0.347831
vt 0.370174 0.316311
vt 0.367430 0.298653
vt 0.357603 0.322790
vt 0.344787 0.337100
vt 0.341451 0.305407
vt 0.336810 0.358922
vt 0.326480 0.326534
vt 0.317592 0.377743
vt 0.334536 0.377731
vt 0.565879 0.267683
vt 0.056557 0.880699
vt 0.079077 0.851291
vt 0.080405 0.881741
vt 0.123857 0.871389
vt 0.142375 0.851849
vt 0.142850 0.871594
vt 0.161362 0.867628
vt 0.182430 0.846470
vt 0.187215 0.867565
vt 0.203967 0.850305
vt 0.206590 0.869517
vt 0.280617 0.937238
vt 0.296266 0.913528
vt 0.298819 0.941594
vt 0.276241 0.892001
vt 0.278915 0.916074
vt 0.290464 0.869237
vt 0.293997 0.887488
vt 0.270322 0.872267
vt 0.288390 0.849804
vt 0.221359 0.848797
vt 0.236175 0.837476
vt 0.237189 0.851273
vt 0.233351 0.916143
vt 0.246258 0.891855
vt 0.245471 0.915795
vt 0.227828 0.871929
vt 0.192706 0.915767
vt 0.212097 0.892113
vt 0.218241 0.917283
vt 0.189538 0.891206
vt 0.105324 0.951691
vt 0.126747 0.921340
vt 0.127237 0.948228
vt 0.163809 0.912921
vt 0.162955 0.890735
vt 0.343264 0.240301
vt 0.351039 0.279162
vt 0.328218 0.266773
vt 0.144393 0.894883
vt 0.145682 0.918255
vt 0.126235 0.896939
vt 0.101894 0.924310
vt 0.098650 0.874776
vt 0.100356 0.900146
vt 0.097220 0.854174
vt 0.080280 0.903843
vt 0.078757 0.924762
vt 0.059887 0.923362
vt 0.056880 0.901073
vt 0.349300 0.182789
vt 0.322235 0.200983
vt 0.329472 0.172303
vt 0.018627 0.920390
vt 0.047121 0.949447
vt 0.017064 0.945904
vt 0.036661 0.897009
vt 0.043459 0.923316
vt 0.315009 0.913949
vt 0.351876 0.937186
vt 0.324537 0.951691
vt 0.333669 0.887084
vt 0.341067 0.913472
vt 0.311353 0.887280
vt 0.328940 0.865619
vt 0.376470 0.262127
vt 0.369001 0.280450
vt 0.394120 0.263545
vt 0.386306 0.283133
vt 0.407065 0.286361
vt 0.414088 0.266993
vt 0.504978 0.209568
vt 0.472657 0.214610
vt 0.484823 0.194785
vt 0.511548 0.195631
vt 0.145370 0.942067
vt 0.166802 0.937948
vt 0.194571 0.936861
vt 0.082759 0.951048
vt 0.063719 0.948083
vt 0.321585 0.230697
vt 0.338156 0.223251
vt 0.316597 0.352872
vt 0.299383 0.377754
vt 0.297782 0.349574
vt 0.302124 0.320365
vt 0.312969 0.297242
vt 0.277862 0.377766
vt 0.278353 0.349865
vt 0.263359 0.351741
vt 0.258081 0.377775
vt 0.239289 0.355667
vt 0.239200 0.377784
vt 0.284393 0.320341
vt 0.267378 0.322647
vt 0.239065 0.329729
vt 0.289111 0.294461
vt 0.268178 0.298518
vt 0.240583 0.306358
vt 0.122583 0.836466
vt 0.141235 0.822860
vt 0.141610 0.836244
vt 0.122053 0.823328
vt 0.140377 0.808014
vt 0.015938 0.614343
vt 0.035731 0.627862
vt 0.018877 0.634996
vt 0.034291 0.614660
vt 0.046970 0.624931
vt 0.308840 0.867427
vt 0.252499 0.853009
vt 0.256283 0.875567
vt 0.262857 0.893133
vt 0.265560 0.917232
vt 0.266643 0.936250
vt 0.322492 0.841476
vt 0.302877 0.845647
vt 0.018080 0.892767
vt 0.036759 0.877141
vt 0.163045 0.822848
vt 0.161893 0.834840
vt 0.161619 0.810635
vt 0.041344 0.642439
vt 0.050378 0.635846
vt 0.101324 0.822598
vt 0.103581 0.808463
vt 0.122433 0.808672
vt 0.035408 0.599751
vt 0.048879 0.607415
vt 0.047733 0.614618
vt 0.454680 0.202134
vt 0.471609 0.166326
vt 0.232531 0.891021
vt 0.235548 0.937091
vt 0.218432 0.938417
vt 0.336392 0.207763
vt 0.055799 0.852206
vt 0.180580 0.832709
vt 0.180192 0.820350
vt 0.173883 0.803499
vt 0.027029 0.657578
vt 0.048864 0.652760
vt 0.037078 0.669071
vt 0.055683 0.641758
vt 0.053560 0.596855
vt 0.068844 0.649044
vt 0.076132 0.666094
vt 0.062850 0.661489
vt 0.050905 0.670656
vt 0.063894 0.645797
vt 0.057323 0.658653
vt 0.059813 0.672953
vt 0.019901 0.593488
vt 0.041468 0.584236
vt 0.195913 0.817127
vt 0.201956 0.831231
vt 0.082046 0.807819
vt 0.076560 0.822694
vt 0.098909 0.837738
vt 0.076073 0.835338
vt 0.058252 0.832565
vt 0.064404 0.806913
vt 0.072207 0.793820
vt 0.086869 0.790332
vt 0.196679 0.802616
vt 0.178811 0.789374
vt 0.196773 0.789326
vt 0.162342 0.797811
vt 0.183250 0.774382
vt 0.221171 0.804693
vt 0.036926 0.831124
vt 0.036469 0.848892
vt 0.017630 0.870372
vt 0.016592 0.845012
vt 0.039351 0.818234
vt 0.059725 0.820377
vt 0.017614 0.830233
vt 0.050474 0.806048
vt 0.018932 0.815513
vt 0.056526 0.791163
vt 0.039276 0.803127
vt 0.162011 0.848456
vt 0.123694 0.851572
vt 0.222127 0.820509
vt 0.220512 0.834369
vt 0.061333 0.529644
vt 0.046539 0.515949
vt 0.061359 0.514139
vt 0.080583 0.777523
vt 0.233525 0.806341
vt 0.235112 0.822919
vt 0.252236 0.839296
vt 0.219237 0.792087
vt 0.217709 0.777055
vt 0.251576 0.824046
vt 0.248407 0.806477
vt 0.244307 0.792131
vt 0.231644 0.791538
vt 0.240647 0.775636
vt 0.170143 0.768240
vt 0.046576 0.528737
vt 0.053039 0.543466
vt 0.041463 0.536509
vt 0.064431 0.770567
vt 0.079645 0.760322
vt 0.034935 0.480695
vt 0.039810 0.495837
vt 0.029198 0.492134
vt 0.056687 0.494395
vt 0.043332 0.505681
vt 0.509403 0.733849
vt 0.515180 0.715961
vt 0.517977 0.730208
vt 0.488302 0.730127
vt 0.502782 0.742001
vt 0.242082 0.871990
vt 0.249107 0.936574
vt 0.228699 0.777919
vt 0.498633 0.750204
vt 0.477116 0.741057
vt 0.477116 0.755989
vt 0.498293 0.759935
vt 0.479404 0.771370
vt 0.291095 0.835504
vt 0.301812 0.832574
vt 0.267115 0.851729
vt 0.281204 0.837060
vt 0.290985 0.819404
vt 0.301496 0.817647
vt 0.265167 0.823957
vt 0.278201 0.822398
vt 0.289200 0.803427
vt 0.298885 0.802352
vt 0.261396 0.805313
vt 0.276936 0.803940
vt 0.255479 0.776323
vt 0.266569 0.838853
vt 0.258487 0.789036
vt 0.275421 0.788370
vt 0.272954 0.774617
vt 0.390948 0.868075
vt 0.388355 0.847328
vt 0.396229 0.853608
vt 0.366745 0.846388
vt 0.383670 0.838528
vt 0.039103 0.787785
vt 0.025018 0.774257
vt 0.040548 0.770477
vt 0.424504 0.871548
vt 0.414695 0.857459
vt 0.423970 0.855071
vt 0.414205 0.871242
vt 0.405356 0.856451
vt 0.283732 0.773675
vt 0.294183 0.772459
vt 0.286664 0.787244
vt 0.303450 0.772357
vt 0.296462 0.785430
vt 0.304889 0.785337
vt 0.024833 0.801722
vt 0.025802 0.787494
vt 0.312542 0.813794
vt 0.318477 0.827243
vt 0.054500 0.773365
vt 0.365983 0.828938
vt 0.527714 0.728485
vt 0.064249 0.759512
vt 0.019489 0.478159
vt 0.016878 0.490828
vt 0.301512 0.265124
vt 0.297789 0.229492
vt 0.275096 0.268614
vt 0.269451 0.229497
vt 0.243196 0.271193
vt 0.242400 0.235685
vt 0.299397 0.194562
vt 0.305785 0.172483
vt 0.272048 0.195190
vt 0.279073 0.167236
vt 0.245560 0.198381
vt 0.251359 0.164109
vt 0.364789 0.159778
vt 0.338672 0.142661
vt 0.312686 0.145036
vt 0.284432 0.143289
vt 0.256251 0.132734
vt 0.213876 0.195616
vt 0.221221 0.163792
vt 0.206648 0.267548
vt 0.208391 0.231015
vt 0.228472 0.136336
vt 0.175343 0.192314
vt 0.163294 0.257135
vt 0.167585 0.224936
vt 0.191402 0.141189
vt 0.184690 0.163334
vt 0.137717 0.187943
vt 0.121118 0.245212
vt 0.127864 0.216567
vt 0.155332 0.142979
vt 0.147901 0.162272
vt 0.156037 0.291729
vt 0.202576 0.305531
vt 0.112026 0.275885
vt 0.194630 0.352882
vt 0.196197 0.377799
vt 0.193697 0.327920
vt 0.149682 0.347282
vt 0.146298 0.377810
vt 0.105624 0.305108
vt 0.147735 0.323120
vt 0.124596 0.138645
vt 0.102605 0.212584
vt 0.106618 0.182268
vt 0.116865 0.159192
vt 0.952505 0.081943
vt 0.945211 0.048727
vt 0.972061 0.063914
vt 0.925544 0.097787
vt 0.883157 0.086745
vt 0.909011 0.075300
vt 0.929379 0.063683
vt 0.898305 0.055610
vt 0.921709 0.043517
vt 0.870941 0.066235
vt 0.887738 0.034776
vt 0.914638 0.022086
vt 0.863688 0.284164
vt 0.896004 0.278294
vt 0.888104 0.301691
vt 0.914975 0.309107
vt 0.920092 0.287154
vt 0.886009 0.248987
vt 0.906594 0.261334
vt 0.927535 0.272715
vt 0.900563 0.235877
vt 0.918721 0.252309
vt 0.938467 0.264505
vt 0.937506 0.036202
vt 0.934010 0.311033
vt 0.934484 0.290320
vt 0.936345 0.280931
vt 0.945351 0.276314
vt 0.984249 0.033086
vt 0.148368 0.109735
vt 0.181471 0.109217
vt 0.953662 0.311805
vt 0.976019 0.281083
vt 0.984249 0.302303
vt 0.123779 0.111103
vt 0.145202 0.088476
vt 0.171918 0.089922
vt 0.953620 0.020406
vt 0.946834 0.292603
vt 0.119747 0.076256
vt 0.121455 0.091517
vt 0.969193 0.264660
vt 0.916795 0.213858
vt 0.943107 0.232066
vt 0.962078 0.246902
vt 0.038162 0.336589
vt 0.057190 0.350033
vt 0.039478 0.355765
vt 0.055676 0.329112
vt 0.096175 0.334794
vt 0.019776 0.357125
vt 0.023337 0.332724
vt 0.102380 0.377816
vt 0.077311 0.315073
vt 0.087872 0.288762
vt 0.094872 0.270029
vt 0.102602 0.241054
vt 0.210793 0.109563
vt 0.245602 0.110864
vt 0.857932 0.713016
vt 0.885611 0.719864
vt 0.860697 0.730036
vt 0.878007 0.752952
vt 0.908699 0.756496
vt 0.889790 0.771718
vt 0.925454 0.778925
vt 0.898287 0.792667
vt 0.924943 0.810826
vt 0.905948 0.813665
vt 0.910894 0.835410
vt 0.865395 0.820378
vt 0.845097 0.835247
vt 0.844047 0.824638
vt 0.885044 0.853884
vt 0.867195 0.835310
vt 0.887018 0.835362
vt 0.885135 0.816841
vt 0.841189 0.814178
vt 0.861682 0.805566
vt 0.880112 0.798901
vt 0.854312 0.792627
vt 0.834552 0.805454
vt 0.871949 0.781529
vt 0.839838 0.784886
vt 0.828333 0.795571
vt 0.859535 0.767113
vt 0.824521 0.774703
vt 0.815509 0.788217
vt 0.847298 0.744775
vt 0.807343 0.816721
vt 0.800912 0.815862
vt 0.819835 0.824390
vt 0.814650 0.819580
vt 0.815340 0.881985
vt 0.807301 0.853606
vt 0.828126 0.874752
vt 0.821703 0.829467
vt 0.795919 0.824852
vt 0.794614 0.814909
vt 0.798185 0.825879
vt 0.801287 0.827795
vt 0.804043 0.830132
vt 0.806592 0.835178
vt 0.805837 0.832464
vt 0.146170 0.070847
vt 0.016297 0.365005
vt 0.041326 0.377821
vt 0.189076 0.070346
vt 0.205436 0.091426
vt 0.201169 0.056099
vt 0.213825 0.075677
vt 0.211147 0.036738
vt 0.220481 0.059426
vt 0.226630 0.017396
vt 0.224647 0.041206
vt 0.236549 0.094192
vt 0.233256 0.077445
vt 0.799889 0.834284
vt 0.795420 0.831940
vt 0.793377 0.829837
vt 0.792273 0.825027
vt 0.502950 0.094905
vt 0.488573 0.124080
vt 0.505356 0.080532
vt 0.479970 0.105271
vt 0.496734 0.108847
vt 0.471549 0.120207
vt 0.464180 0.100572
vt 0.486476 0.091701
vt 0.481571 0.140645
vt 0.490377 0.077384
vt 0.454603 0.113202
vt 0.444985 0.094845
vt 0.471851 0.088390
vt 0.464163 0.135574
vt 0.475956 0.074212
vt 0.437438 0.106531
vt 0.423894 0.087889
vt 0.452853 0.083283
vt 0.446770 0.130480
vt 0.457538 0.069518
vt 0.433595 0.078149
vt 0.414347 0.119350
vt 0.407689 0.095887
vt 0.438871 0.064430
vt 0.388678 0.147551
vt 0.387824 0.170035
vt 0.402981 0.177804
vt 0.420999 0.164077
vt 0.414712 0.183048
vt 0.406976 0.155679
vt 0.433816 0.170952
vt 0.429443 0.189493
vt 0.447566 0.177706
vt 0.466126 0.185104
vt 0.440529 0.195203
vt 0.436979 0.156387
vt 0.450626 0.161413
vt 0.364366 0.137587
vt 0.386885 0.132518
vt 0.406879 0.139236
vt 0.424813 0.149716
vt 0.363016 0.124270
vt 0.386687 0.113086
vt 0.432094 0.126618
vt 0.388190 0.090620
vt 0.362514 0.107083
vt 0.347661 0.081552
vt 0.370034 0.086933
vt 0.339869 0.116600
vt 0.340519 0.101680
vt 0.339868 0.127784
vt 0.318574 0.094586
vt 0.323811 0.074462
vt 0.315921 0.112902
vt 0.315187 0.125696
vt 0.290588 0.085338
vt 0.296373 0.065310
vt 0.287017 0.106598
vt 0.286194 0.125184
vt 0.265566 0.064789
vt 0.262392 0.095870
vt 0.263461 0.080668
vt 0.261034 0.110321
vt 0.234248 0.063143
vt 0.242422 0.020137
vt 0.237793 0.046451
vt 0.268467 0.049178
vt 0.416752 0.057978
vt 0.410915 0.071392
vt 0.394724 0.079155
vt 0.397500 0.052284
vt 0.373779 0.073407
vt 0.376372 0.046521
vt 0.348296 0.065720
vt 0.353105 0.040835
vt 0.325208 0.058881
vt 0.328918 0.035697
vt 0.298564 0.051748
vt 0.301345 0.030514
vt 0.271423 0.025348
vt 0.035306 0.500212
vt 0.027319 0.495108
vt 0.041473 0.507500
vt 0.018336 0.494024
vt 0.043079 0.525878
vt 0.044105 0.516598
vt 0.038905 0.533995
vt 0.510239 0.735969
vt 0.504084 0.742538
vt 0.501303 0.769529
vt 0.499957 0.760027
vt 0.503004 0.768474
vt 0.518267 0.732143
vt 0.500440 0.750883
vt 0.527132 0.730698
vt 0.423024 0.852979
vt 0.384511 0.829199
vt 0.386008 0.838099
vt 0.390162 0.845968
vt 0.405381 0.854865
vt 0.414248 0.855107
vt 0.396971 0.851818
vt 0.050362 0.614718
vt 0.052912 0.634476
vt 0.057829 0.640016
vt 0.069342 0.646241
vt 0.049993 0.624306
vt 0.064931 0.643601
vt 0.076587 0.646844
vt 0.077638 0.649833
vt 0.055514 0.599501
vt 0.051428 0.608121
vt 0.016878 0.520060
vt 0.526645 0.757100
vt 0.411143 0.828836
vt 0.077638 0.617990
vt 0.569841 0.030915
vt 0.585015 0.024075
vt 0.584995 0.032717
vt 0.582728 0.060895
vt 0.598785 0.056115
vt 0.588935 0.069908
vt 0.610396 0.085415
vt 0.627580 0.072136
vt 0.623666 0.090743
vt 0.607520 0.061628
vt 0.598937 0.078278
vt 0.617365 0.067021
vt 0.574540 0.047306
vt 0.588177 0.042607
vt 0.593880 0.050615
vt 0.636807 0.090821
vt 0.637382 0.074573
vt 0.630203 0.059419
vt 0.600325 0.030025
vt 0.603568 0.036045
vt 0.610876 0.045336
vt 0.616229 0.050279
vt 0.637185 0.060445
vt 0.598732 0.024318
vt 0.607641 0.041101
vt 0.622677 0.055224
vt 0.627127 0.042081
vt 0.617559 0.034106
vt 0.619852 0.036540
vt 0.631543 0.045193
vt 0.612345 0.027327
vt 0.614461 0.031128
vt 0.623317 0.039170
vt 0.636182 0.046850
vt 0.611955 0.023377
vt 0.633085 0.035288
vt 0.623127 0.025015
vt 0.623114 0.027013
vt 0.623918 0.029123
vt 0.625117 0.030765
vt 0.628756 0.034263
vt 0.625938 0.031906
vt 0.630853 0.035251
vt 0.627222 0.033061
vt 0.628356 0.029666
vt 0.628792 0.029891
vt 0.630703 0.030053
vt 0.628149 0.027513
vt 0.627810 0.028133
vt 0.627810 0.028842
vt 0.628085 0.029357
vt 0.629319 0.030082
vt 0.629984 0.030203
vt 0.629346 0.028882
vt 0.637382 0.093798
vt 0.580848 0.062584
vt 0.572069 0.048155
vt 0.597512 0.080758
vt 0.609367 0.088259
vt 0.587189 0.071998
vt 0.623244 0.093917
vt 0.566988 0.030503
vt 0.570353 0.017408
vt 0.613775 0.397360
vt 0.895658 0.118744
vt 0.861613 0.133371
vt 0.863310 0.116282
vt 0.857244 0.101241
vt 0.872740 0.212247
vt 0.869279 0.226644
vt 0.886770 0.200628
vt 0.867953 0.202726
vt 0.876069 0.180392
vt 0.859836 0.185756
vt 0.875428 0.263738
vt 0.861734 0.236498
vt 0.846677 0.087174
vt 0.831907 0.273042
vt 0.841660 0.259617
vt 0.851438 0.245727
vt 0.832789 0.225642
vt 0.829351 0.202191
vt 0.846472 0.195121
vt 0.860658 0.205323
vt 0.855647 0.234216
vt 0.861415 0.220694
vt 0.807654 0.194269
vt 0.814284 0.171017
vt 0.826028 0.192152
vt 0.824433 0.149341
vt 0.843925 0.152165
vt 0.853165 0.169954
vt 0.844702 0.187359
vt 0.852438 0.103708
vt 0.828388 0.113365
vt 0.839474 0.088869
vt 0.858831 0.117415
vt 0.857872 0.132367
vt 0.826876 0.138784
vt 0.845515 0.144568
vt 0.861894 0.159009
vt 0.876921 0.145093
vt 0.859436 0.198389
vt 0.856215 0.187832
vt 0.836629 0.256619
vt 0.843364 0.248178
vt 0.835944 0.073613
vt 0.832858 0.079805
vt 0.154100 0.065943
vt 0.626047 0.886504
vt 0.628134 0.882164
vt 0.625638 0.883956
vt 0.634436 0.885516
vt 0.632559 0.883268
vt 0.634848 0.888401
vt 0.630022 0.888762
vt 0.561753 0.878119
vt 0.549397 0.870223
vt 0.566608 0.870237
vt 0.551764 0.877702
vt 0.536346 0.878378
vt 0.543222 0.884221
vt 0.532581 0.898472
vt 0.543142 0.893641
vt 0.549258 0.906611
vt 0.646987 0.180770
vt 0.648942 0.160709
vt 0.659498 0.176008
vt 0.576023 0.887140
vt 0.566532 0.893606
vt 0.567505 0.887712
vt 0.566753 0.906348
vt 0.576023 0.895788
vt 0.604972 0.162532
vt 0.619642 0.167244
vt 0.612710 0.174202
vt 0.621500 0.150500
vt 0.612952 0.155949
vt 0.637987 0.141994
vt 0.634304 0.168660
vt 0.670360 0.150168
vt 0.682179 0.170959
vt 0.692882 0.145964
vt 0.699429 0.164289
vt 0.662046 0.134152
vt 0.719686 0.147000
vt 0.689591 0.129475
vt 0.604517 0.177294
vt 0.620418 0.198307
vt 0.621289 0.190565
vt 0.634198 0.200338
vt 0.613440 0.191971
vt 0.596222 0.181141
vt 0.598033 0.167050
vt 0.603846 0.195305
vt 0.584338 0.187958
vt 0.590717 0.171188
vt 0.592505 0.200172
vt 0.567985 0.191353
vt 0.577464 0.180459
vt 0.576259 0.198350
vt 0.608033 0.202863
vt 0.596822 0.207508
vt 0.583022 0.206486
vt 0.601780 0.229998
vt 0.594714 0.219791
vt 0.604793 0.220154
vt 0.627051 0.217396
vt 0.616728 0.230120
vt 0.615494 0.217436
vt 0.655230 0.223062
vt 0.639928 0.212486
vt 0.653432 0.206854
vt 0.644090 0.228663
vt 0.589782 0.234771
vt 0.591099 0.228780
vt 0.630256 0.232907
vt 0.615749 0.244246
vt 0.657568 0.236823
vt 0.601867 0.239335
vt 0.644362 0.243648
vt 0.673421 0.236554
vt 0.662122 0.247073
vt 0.604525 0.249442
vt 0.629991 0.246811
vt 0.646233 0.252848
vt 0.631985 0.256388
vt 0.591637 0.245599
vt 0.616515 0.253103
vt 0.672036 0.221417
vt 0.690081 0.238452
vt 0.675871 0.250341
vt 0.686415 0.220555
vt 0.730043 0.240261
vt 0.708795 0.256257
vt 0.707990 0.238917
vt 0.687185 0.208542
vt 0.668995 0.203718
vt 0.654030 0.197763
vt 0.666993 0.192019
vt 0.692057 0.180320
vt 0.681263 0.190196
vt 0.705763 0.209427
vt 0.691855 0.202584
vt 0.725871 0.210151
vt 0.704882 0.215830
vt 0.721273 0.201971
vt 0.734349 0.189711
vt 0.724241 0.165809
vt 0.704399 0.173934
vt 0.718920 0.176384
vt 0.726394 0.188754
vt 0.740349 0.151345
vt 0.741811 0.171240
vt 0.720470 0.129495
vt 0.706535 0.225121
vt 0.727864 0.226344
vt 0.691927 0.255373
vt 0.754254 0.255664
vt 0.731703 0.259421
vt 0.743762 0.134000
vt 0.766881 0.162441
vt 0.745788 0.187848
vt 0.749941 0.209086
vt 0.557973 0.230140
vt 0.568583 0.244552
vt 0.563555 0.249029
vt 0.752245 0.223352
vt 0.559838 0.209811
vt 0.567253 0.213402
vt 0.571257 0.226443
vt 0.574831 0.217916
vt 0.583304 0.222802
vt 0.588468 0.214244
vt 0.581147 0.229244
vt 0.687622 0.192788
vt 0.563991 0.229523
vt 0.572933 0.241527
vt 0.582141 0.242189
vt 0.574931 0.259115
vt 0.580267 0.257056
vt 0.587296 0.256630
vt 0.596102 0.256121
vt 0.606913 0.257637
vt 0.647896 0.267334
vt 0.617193 0.261793
vt 0.662539 0.261987
vt 0.675950 0.265796
vt 0.757632 0.277831
vt 0.712886 0.276698
vt 0.690857 0.272636
vt 0.772592 0.144975
vt 0.520084 0.673755
vt 0.539019 0.660744
vt 0.539710 0.674569
vt 0.518575 0.659063
vt 0.533437 0.647922
vt 0.763286 0.220119
vt 0.765786 0.181223
vt 0.514231 0.648886
vt 0.524567 0.637583
vt 0.509010 0.639318
vt 0.515728 0.629429
vt 0.503356 0.629533
vt 0.510721 0.615691
vt 0.768838 0.199181
vt 0.772890 0.214694
vt 0.763597 0.227152
vt 0.753767 0.237102
vt 0.770654 0.233911
vt 0.769748 0.279162
vt 0.768835 0.253158
vt 0.494180 0.592229
vt 0.518691 0.583927
vt 0.510502 0.601218
vt 0.496509 0.613437
vt 0.583333 0.266334
vt 0.612430 0.269695
vt 0.590627 0.261938
vt 0.625051 0.276401
vt 0.631419 0.264947
vt 0.640955 0.282746
vt 0.597637 0.260996
vt 0.594778 0.269226
vt 0.587931 0.274393
vt 0.598855 0.284481
vt 0.616683 0.297328
vt 0.603847 0.280208
vt 0.610864 0.305104
vt 0.635009 0.299442
vt 0.620718 0.289882
vt 0.600985 0.264519
vt 0.629273 0.307068
vt 0.636830 0.315581
vt 0.647750 0.304846
vt 0.641238 0.320124
vt 0.647315 0.325120
vt 0.655659 0.310860
vt 0.654564 0.336971
vt 0.666664 0.320665
vt 0.649369 0.341047
vt 0.663603 0.338022
vt 0.665373 0.332503
vt 0.659732 0.286325
vt 0.668269 0.291921
vt 0.675896 0.303113
vt 0.776318 0.307020
vt 0.757450 0.305139
vt 0.735072 0.278955
vt 0.735020 0.302638
vt 0.403817 0.453632
vt 0.388089 0.435753
vt 0.407349 0.428452
vt 0.757188 0.326322
vt 0.707296 0.319594
vt 0.703164 0.301679
vt 0.685956 0.319522
vt 0.733812 0.326223
vt 0.708818 0.340064
vt 0.756175 0.343111
vt 0.690373 0.334589
vt 0.675763 0.329092
vt 0.785140 0.330698
vt 0.752038 0.363053
vt 0.732295 0.345754
vt 0.687148 0.346100
vt 0.679414 0.338549
vt 0.782167 0.350186
vt 0.702654 0.354830
vt 0.728042 0.364080
vt 0.682718 0.358303
vt 0.678960 0.346393
vt 0.775009 0.376447
vt 0.737265 0.388092
vt 0.719983 0.380986
vt 0.695443 0.366924
vt 0.675536 0.353989
vt 0.758706 0.405560
vt 0.669172 0.350881
vt 0.671485 0.346385
vt 0.671470 0.342557
vt 0.669476 0.337287
vt 0.668217 0.346433
vt 0.665447 0.341088
vt 0.666086 0.348925
vt 0.663384 0.346740
vt 0.661187 0.344170
vt 0.666866 0.344028
vt 0.657616 0.340931
vt 0.379912 0.454693
vt 0.370276 0.439121
vt 0.357690 0.432656
vt 0.367554 0.456792
vt 0.341553 0.450068
vt 0.344848 0.418357
vt 0.326548 0.428951
vt 0.336838 0.396539
vt 0.316629 0.402617
vt 0.551398 0.901141
vt 0.570357 0.262854
vt 0.637662 0.796522
vt 0.667070 0.774002
vt 0.666155 0.797280
vt 0.646972 0.729221
vt 0.666512 0.710704
vt 0.666788 0.729384
vt 0.650733 0.691717
vt 0.646767 0.710229
vt 0.671890 0.670649
vt 0.669904 0.691068
vt 0.650795 0.665864
vt 0.668056 0.649112
vt 0.581122 0.572462
vt 0.604832 0.556813
vt 0.602286 0.574164
vt 0.626360 0.576838
vt 0.649123 0.562615
vt 0.646093 0.582757
vt 0.668557 0.564689
vt 0.666631 0.585964
vt 0.680884 0.616903
vt 0.669564 0.631720
vt 0.667087 0.615890
vt 0.602217 0.619728
vt 0.626506 0.606821
vt 0.627340 0.620548
vt 0.646432 0.625251
vt 0.602593 0.660373
vt 0.626248 0.640982
vt 0.627155 0.663541
vt 0.648843 0.646489
vt 0.597021 0.726332
vt 0.566669 0.747755
vt 0.570133 0.725842
vt 0.605439 0.689270
vt 0.627626 0.690124
vt 0.343449 0.515211
vt 0.351179 0.476315
vt 0.357674 0.500552
vt 0.623478 0.708686
vt 0.600105 0.707397
vt 0.621422 0.726843
vt 0.618214 0.752723
vt 0.594051 0.751184
vt 0.643585 0.754429
vt 0.664186 0.755858
vt 0.614517 0.772799
vt 0.593599 0.774322
vt 0.636620 0.772674
vt 0.594998 0.793192
vt 0.617287 0.796199
vt 0.349575 0.572775
vt 0.322451 0.554591
vt 0.336616 0.547786
vt 0.568914 0.805958
vt 0.597970 0.834451
vt 0.572456 0.836015
vt 0.621351 0.816418
vt 0.625593 0.834999
vt 0.581174 0.501203
vt 0.604411 0.538070
vt 0.566669 0.528542
vt 0.631277 0.519410
vt 0.631081 0.541726
vt 0.652742 0.524139
vt 0.650934 0.544239
vt 0.376647 0.493327
vt 0.369149 0.475003
vt 0.394305 0.491885
vt 0.386461 0.472296
vt 0.407227 0.469038
vt 0.473188 0.540698
vt 0.505604 0.545716
vt 0.485411 0.560563
vt 0.512209 0.559683
vt 0.576293 0.707708
vt 0.580412 0.686276
vt 0.581499 0.658507
vt 0.567313 0.770320
vt 0.570278 0.789360
vt 0.601078 0.634838
vt 0.579943 0.634647
vt 0.321766 0.524849
vt 0.338361 0.532280
vt 0.328359 0.488740
vt 0.302191 0.435151
vt 0.313067 0.458271
vt 0.297815 0.405938
vt 0.263384 0.403807
vt 0.278382 0.405668
vt 0.239307 0.399902
vt 0.284453 0.435194
vt 0.267430 0.432904
vt 0.239103 0.425844
vt 0.289200 0.461080
vt 0.268253 0.457042
vt 0.240640 0.449221
vt 0.695501 0.711844
vt 0.681894 0.730496
vt 0.682117 0.711469
vt 0.710347 0.712702
vt 0.695032 0.731025
vt 0.057845 0.073127
vt 0.077638 0.059607
vt 0.074700 0.080260
vt 0.046606 0.070195
vt 0.059285 0.059924
vt 0.630872 0.559082
vt 0.576766 0.554259
vt 0.665352 0.600580
vt 0.642794 0.596796
vt 0.625227 0.590222
vt 0.601129 0.587519
vt 0.582110 0.586435
vt 0.676885 0.530587
vt 0.672713 0.550202
vt 0.641219 0.816320
vt 0.647988 0.835449
vt 0.695512 0.690034
vt 0.683520 0.691186
vt 0.707726 0.691460
vt 0.052232 0.087704
vt 0.066547 0.102842
vt 0.043199 0.081110
vt 0.695763 0.751755
vt 0.680623 0.754170
vt 0.709897 0.749498
vt 0.058168 0.045016
vt 0.044697 0.052679
vt 0.045843 0.059882
vt 0.455177 0.553230
vt 0.472194 0.589115
vt 0.466674 0.570292
vt 0.581270 0.617531
vt 0.595045 0.809619
vt 0.669468 0.816610
vt 0.685652 0.672499
vt 0.698011 0.672887
vt 0.044712 0.098025
vt 0.056498 0.114336
vt 0.037893 0.087022
vt 0.040016 0.042120
vt 0.017444 0.111358
vt 0.024732 0.094309
vt 0.030726 0.106753
vt 0.042671 0.115920
vt 0.029682 0.091061
vt 0.033763 0.118217
vt 0.018852 0.130232
vt 0.073675 0.038753
vt 0.052108 0.029500
vt 0.066690 0.015889
vt 0.701234 0.657165
vt 0.687129 0.651123
vt 0.710541 0.771033
vt 0.683023 0.777006
vt 0.695666 0.776519
vt 0.685795 0.794827
vt 0.711447 0.788675
vt 0.697983 0.793353
vt 0.724541 0.780872
vt 0.715744 0.656400
vt 0.728987 0.674267
vt 0.714861 0.679196
vt 0.720550 0.690737
vt 0.743978 0.669828
vt 0.729035 0.656306
vt 0.742755 0.655273
vt 0.713668 0.631908
vt 0.697852 0.630952
vt 0.687237 0.816152
vt 0.673348 0.836487
vt 0.700127 0.813727
vt 0.688128 0.835464
vt 0.712312 0.802604
vt 0.702847 0.834147
vt 0.727198 0.796553
vt 0.715234 0.813802
vt 0.683992 0.632566
vt 0.390472 0.764248
vt 0.376776 0.749455
vt 0.392281 0.749429
vt 0.036254 0.103918
vt 0.740838 0.772496
vt 0.728028 0.766210
vt 0.733382 0.759433
vt 0.712020 0.619554
vt 0.695441 0.617967
vt 0.679064 0.600843
vt 0.726273 0.633841
vt 0.741306 0.635369
vt 0.694314 0.601503
vt 0.711884 0.604672
vt 0.726229 0.608772
vt 0.742724 0.612432
vt 0.726822 0.621435
vt 0.750121 0.682935
vt 0.735325 0.691135
vt 0.377683 0.764211
vt 0.362955 0.757749
vt 0.758038 0.773434
vt 0.747793 0.788648
vt 0.410583 0.770978
vt 0.425725 0.775853
vt 0.414287 0.781590
vt 0.412025 0.754101
vt 0.422485 0.757618
vt 0.400739 0.767456
vt 0.030808 0.175000
vt 0.036585 0.192888
vt 0.028011 0.189247
vt 0.057686 0.189166
vt 0.050538 0.178018
vt 0.602566 0.607608
vt 0.646370 0.610997
vt 0.581786 0.603971
vt 0.740442 0.624380
vt 0.047355 0.209243
vt 0.043206 0.201041
vt 0.068872 0.215028
vt 0.068872 0.200096
vt 0.047695 0.218974
vt 0.066584 0.230409
vt 0.044685 0.228568
vt 0.682857 0.561984
vt 0.681301 0.571875
vt 0.685787 0.551266
vt 0.698957 0.562094
vt 0.694403 0.587911
vt 0.679507 0.586509
vt 0.700714 0.551583
vt 0.714934 0.563879
vt 0.695963 0.574877
vt 0.713048 0.591683
vt 0.742038 0.597600
vt 0.729324 0.594592
vt 0.729990 0.577658
vt 0.714421 0.576143
vt 0.743743 0.580125
vt 0.509735 0.843030
vt 0.512328 0.822283
vt 0.526768 0.834755
vt 0.533938 0.821343
vt 0.730575 0.813976
vt 0.744104 0.828061
vt 0.730867 0.827277
vt 0.485988 0.832414
vt 0.476178 0.846504
vt 0.476713 0.830026
vt 0.495327 0.831407
vt 0.486478 0.846197
vt 0.504454 0.828564
vt 0.744685 0.569347
vt 0.731117 0.566415
vt 0.745902 0.558896
vt 0.716009 0.554194
vt 0.732931 0.556616
vt 0.746004 0.549629
vt 0.733023 0.548190
vt 0.716638 0.828246
vt 0.704567 0.540537
vt 0.691118 0.534602
vt 0.744996 0.798579
vt 0.747884 0.812531
vt 0.534700 0.803893
vt 0.517013 0.813483
vt 0.518444 0.803792
vt 0.018274 0.187524
vt 0.758848 0.788830
vt 0.428261 0.791299
vt 0.301639 0.490420
vt 0.297950 0.526082
vt 0.275202 0.486955
vt 0.269589 0.526104
vt 0.243281 0.484401
vt 0.306012 0.583144
vt 0.329731 0.583300
vt 0.272217 0.560440
vt 0.299595 0.561045
vt 0.279272 0.588419
vt 0.245700 0.557266
vt 0.251528 0.591569
vt 0.365119 0.595803
vt 0.312947 0.610623
vt 0.338976 0.612979
vt 0.284654 0.612394
vt 0.256444 0.622980
vt 0.213989 0.560052
vt 0.242512 0.519933
vt 0.221357 0.591904
vt 0.206715 0.488072
vt 0.228629 0.619387
vt 0.175424 0.563374
vt 0.208480 0.524628
vt 0.163343 0.498511
vt 0.191516 0.614543
vt 0.184789 0.592377
vt 0.137766 0.567759
vt 0.167647 0.530729
vt 0.121146 0.510451
vt 0.155408 0.612761
vt 0.147965 0.593451
vt 0.202620 0.450075
vt 0.156071 0.463904
vt 0.112046 0.479765
vt 0.193726 0.427684
vt 0.194645 0.402718
vt 0.147755 0.432507
vt 0.149694 0.408340
vt 0.105638 0.450533
vt 0.124642 0.617106
vt 0.102624 0.543102
vt 0.127901 0.539114
vt 0.116900 0.596540
vt 0.912658 0.634901
vt 0.919949 0.601689
vt 0.939503 0.619715
vt 0.892990 0.585847
vt 0.850607 0.596890
vt 0.863106 0.564892
vt 0.896826 0.619948
vt 0.865756 0.628022
vt 0.876460 0.608333
vt 0.855191 0.648854
vt 0.838394 0.617399
vt 0.889158 0.640112
vt 0.863442 0.405335
vt 0.831123 0.399467
vt 0.855540 0.381936
vt 0.882412 0.374518
vt 0.853449 0.434644
vt 0.842866 0.419893
vt 0.887531 0.396472
vt 0.874034 0.422294
vt 0.868004 0.447754
vt 0.894975 0.410911
vt 0.886163 0.431320
vt 0.882089 0.661541
vt 0.904954 0.647425
vt 0.901506 0.667437
vt 0.901924 0.393305
vt 0.901448 0.372590
vt 0.903786 0.402694
vt 0.905909 0.419121
vt 0.912793 0.407311
vt 0.951691 0.650539
vt 0.148444 0.646042
vt 0.181584 0.646553
vt 0.943462 0.402539
vt 0.921101 0.371817
vt 0.951691 0.381317
vt 0.145279 0.667325
vt 0.123829 0.644677
vt 0.172024 0.665872
vt 0.921066 0.663218
vt 0.914275 0.391020
vt 0.119799 0.679562
vt 0.121506 0.664285
vt 0.936637 0.418963
vt 0.884240 0.469773
vt 0.910552 0.451562
vt 0.038165 0.419055
vt 0.057192 0.405608
vt 0.055680 0.426531
vt 0.096183 0.420843
vt 0.077318 0.440569
vt 0.019776 0.398519
vt 0.023340 0.422921
vt 0.087883 0.466885
vt 0.094885 0.485624
vt 0.102620 0.514613
vt 0.210940 0.646199
vt 0.245791 0.644882
vt 0.856081 0.958804
vt 0.885023 0.951544
vt 0.870481 0.970475
vt 0.877498 0.918030
vt 0.858716 0.942020
vt 0.908462 0.914584
vt 0.898392 0.932100
vt 0.889477 0.899182
vt 0.925355 0.892075
vt 0.898113 0.878180
vt 0.924897 0.860056
vt 0.905872 0.857155
vt 0.865308 0.850232
vt 0.843988 0.845849
vt 0.829014 0.747005
vt 0.819443 0.758966
vt 0.841073 0.856285
vt 0.861500 0.865028
vt 0.879911 0.871825
vt 0.854022 0.877911
vt 0.834391 0.864951
vt 0.871599 0.889198
vt 0.839478 0.885483
vt 0.858968 0.903571
vt 0.824115 0.895376
vt 0.845096 0.926750
vt 0.819794 0.845989
vt 0.814599 0.850775
vt 0.819302 0.910620
vt 0.801462 0.793354
vt 0.821680 0.840925
vt 0.821959 0.835198
vt 0.794600 0.855400
vt 0.795915 0.845471
vt 0.800890 0.854452
vt 0.798178 0.844449
vt 0.801278 0.842541
vt 0.804034 0.840213
vt 0.805831 0.837887
vt 0.146251 0.684972
vt 0.016297 0.390639
vt 0.039479 0.399877
vt 0.061563 0.377820
vt 0.205581 0.664359
vt 0.189206 0.685468
vt 0.213985 0.680125
vt 0.201316 0.699731
vt 0.220653 0.696397
vt 0.211310 0.719117
vt 0.226818 0.738485
vt 0.215807 0.740067
vt 0.236733 0.661580
vt 0.233441 0.678351
vt 0.234438 0.692672
vt 0.799894 0.836058
vt 0.795426 0.838391
vt 0.793383 0.840489
vt 0.792273 0.845291
vt 0.503700 0.660715
vt 0.489250 0.631463
vt 0.506125 0.675135
vt 0.480640 0.650335
vt 0.497452 0.646734
vt 0.464806 0.655060
vt 0.472181 0.635363
vt 0.487175 0.663941
vt 0.482211 0.614857
vt 0.491098 0.678302
vt 0.445562 0.660816
vt 0.455194 0.642401
vt 0.472508 0.667272
vt 0.464760 0.619959
vt 0.476633 0.681491
vt 0.424420 0.667802
vt 0.437986 0.649104
vt 0.453458 0.672405
vt 0.447324 0.625084
vt 0.458162 0.686206
vt 0.434150 0.677562
vt 0.414828 0.636271
vt 0.432613 0.628969
vt 0.439445 0.691315
vt 0.389073 0.608028
vt 0.388191 0.585496
vt 0.421452 0.591427
vt 0.403374 0.577688
vt 0.415127 0.572416
vt 0.407404 0.599861
vt 0.434294 0.584520
vt 0.429887 0.565936
vt 0.448073 0.577733
vt 0.440995 0.560197
vt 0.437481 0.599119
vt 0.451159 0.594065
vt 0.387292 0.623096
vt 0.364720 0.618038
vt 0.407324 0.616343
vt 0.425292 0.605820
vt 0.387109 0.642570
vt 0.363380 0.631382
vt 0.408172 0.659794
vt 0.362891 0.648603
vt 0.388631 0.665084
vt 0.370438 0.668789
vt 0.348025 0.674192
vt 0.340196 0.639084
vt 0.340187 0.627880
vt 0.318879 0.661150
vt 0.340857 0.654031
vt 0.316211 0.642805
vt 0.315467 0.629991
vt 0.324134 0.681305
vt 0.290852 0.670426
vt 0.287265 0.649135
vt 0.286431 0.630523
vt 0.265800 0.691015
vt 0.296655 0.690483
vt 0.262610 0.659890
vt 0.261244 0.645420
vt 0.263686 0.675113
vt 0.224828 0.714642
vt 0.242633 0.735737
vt 0.237992 0.709386
vt 0.268709 0.706648
vt 0.417273 0.697789
vt 0.411417 0.684345
vt 0.397977 0.703501
vt 0.374198 0.682341
vt 0.395185 0.676572
vt 0.376805 0.709282
vt 0.348667 0.690054
vt 0.353493 0.714984
vt 0.325540 0.696913
vt 0.329263 0.720137
vt 0.298853 0.704067
vt 0.301644 0.725334
vt 0.271675 0.730514
vt 0.406208 0.775482
vt 0.398921 0.769315
vt 0.412396 0.792452
vt 0.415592 0.793910
vt 0.380543 0.767709
vt 0.372426 0.771883
vt 0.369911 0.769325
vt 0.035749 0.195008
vt 0.046031 0.219066
vt 0.027721 0.191182
vt 0.045549 0.209922
vt 0.018856 0.189737
vt 0.477659 0.827934
vt 0.516172 0.804155
vt 0.514675 0.813055
vt 0.495302 0.829820
vt 0.486435 0.830062
vt 0.503711 0.826774
vt 0.043214 0.059983
vt 0.040664 0.079741
vt 0.024234 0.091505
vt 0.043583 0.069570
vt 0.035747 0.085280
vt 0.016989 0.092108
vt 0.015938 0.095097
vt 0.038062 0.044766
vt 0.386361 0.793910
vt 0.389822 0.766683
vt 0.411313 0.783468
vt 0.019343 0.216139
vt 0.042985 0.227513
vt 0.041904 0.201577
vt 0.489540 0.803792
vt 0.510521 0.820923
vt 0.028645 0.088865
vt 0.015938 0.063255
vt 0.042148 0.053385
vt 0.676280 0.078826
vt 0.691454 0.085666
vt 0.676792 0.092333
vt 0.705224 0.053626
vt 0.689167 0.048845
vt 0.695374 0.039833
vt 0.734019 0.037605
vt 0.716835 0.024326
vt 0.730105 0.018998
vt 0.713959 0.048113
vt 0.705376 0.031463
vt 0.723804 0.042720
vt 0.680979 0.062435
vt 0.691434 0.077024
vt 0.694616 0.067134
vt 0.743246 0.018920
vt 0.736642 0.050321
vt 0.706764 0.079715
vt 0.717316 0.064404
vt 0.743624 0.049296
vt 0.743822 0.035168
vt 0.705171 0.085423
vt 0.700319 0.059125
vt 0.710007 0.073696
vt 0.729116 0.054517
vt 0.733566 0.067660
vt 0.722668 0.059462
vt 0.723999 0.075634
vt 0.714080 0.068640
vt 0.737983 0.064548
vt 0.718784 0.082414
vt 0.726291 0.073201
vt 0.742621 0.062891
vt 0.718394 0.086364
vt 0.720901 0.078613
vt 0.739524 0.074453
vt 0.729566 0.084725
vt 0.730357 0.080618
vt 0.735195 0.075478
vt 0.729756 0.070571
vt 0.731557 0.078976
vt 0.737292 0.074490
vt 0.729553 0.082728
vt 0.732377 0.077835
vt 0.733661 0.076679
vt 0.734795 0.080074
vt 0.737142 0.079688
vt 0.734588 0.082228
vt 0.734249 0.080898
vt 0.735758 0.079659
vt 0.734524 0.080384
vt 0.736423 0.079538
vt 0.734250 0.081608
vt 0.735785 0.080859
vt 0.735231 0.079849
vt 0.743822 0.015943
vt 0.729683 0.015824
vt 0.687287 0.047156
vt 0.678508 0.061585
vt 0.673427 0.079237
vt 0.703952 0.028982
vt 0.715806 0.021482
vt 0.693628 0.037742
vt 0.674039 0.093917
vt 0.829061 0.550268
vt 0.844369 0.538544
vt 0.830760 0.567356
vt 0.840182 0.471388
vt 0.836719 0.456990
vt 0.854214 0.483007
vt 0.843514 0.503245
vt 0.835395 0.480909
vt 0.829173 0.447136
vt 0.814131 0.596464
vt 0.809096 0.424017
vt 0.799341 0.410592
vt 0.800228 0.457996
vt 0.813913 0.488517
vt 0.796791 0.481448
vt 0.828099 0.478313
vt 0.823086 0.449419
vt 0.828856 0.462941
vt 0.775093 0.489372
vt 0.793469 0.491488
vt 0.781726 0.512626
vt 0.811370 0.531476
vt 0.791878 0.534303
vt 0.820609 0.513685
vt 0.812144 0.496280
vt 0.819889 0.579931
vt 0.806928 0.594770
vt 0.795840 0.570277
vt 0.826280 0.566224
vt 0.825320 0.551272
vt 0.794324 0.544860
vt 0.812962 0.539073
vt 0.824695 0.582397
vt 0.829340 0.524629
vt 0.827279 0.497881
vt 0.826878 0.485248
vt 0.804065 0.427016
vt 0.818876 0.437907
vt 0.810802 0.435457
vt 0.803400 0.610024
vt 0.826102 0.636994
vt 0.800313 0.603834
vt 0.823658 0.495806
vt 0.154191 0.689880
vt 0.548414 0.890328
vt 0.550497 0.894670
vt 0.562079 0.899033
vt 0.556802 0.891323
vt 0.557217 0.888439
vt 0.552391 0.888074
vt 0.554923 0.893569
vt 0.548002 0.892875
vt 0.796231 0.893843
vt 0.801441 0.876924
vt 0.805781 0.767779
vt 0.796064 0.776243
vt 0.801999 0.773155
vt 0.806178 0.761143
vt 0.805839 0.902115
vt 0.802094 0.896853
vt 0.794256 0.764043
vt 0.794538 0.905864
vt 0.806284 0.908618
vt 0.826384 0.943431
vt 0.825926 0.924569
vt 0.842852 0.721774
vt 0.829230 0.728799
vt 0.837208 0.727401
vt 0.843849 0.713872
vt 0.840483 0.950545
vt 0.834650 0.944788
vt 0.831595 0.716387
vt 0.828960 0.956196
vt 0.841598 0.958650
vt 0.707377 0.886575
vt 0.716521 0.871465
vt 0.722762 0.877902
vt 0.725038 0.886575
vt 0.699184 0.870929
vt 0.692557 0.876968
vt 0.707923 0.868922
vt 0.689749 0.885484
vt 0.379302 0.380546
vt 0.394412 0.389690
vt 0.387975 0.395931
vt 0.379302 0.398207
vt 0.394948 0.372353
vt 0.388909 0.365726
vt 0.396955 0.381092
vt 0.380394 0.362918
vt 0.476967 0.899097
vt 0.486111 0.883987
vt 0.492353 0.890425
vt 0.494629 0.899097
vt 0.468774 0.883451
vt 0.462147 0.889490
vt 0.477513 0.881444
vt 0.459340 0.898006
vt 0.033713 0.262845
vt 0.048534 0.272452
vt 0.041906 0.278491
vt 0.033168 0.280498
vt 0.018328 0.271518
vt 0.024569 0.277955
vt 0.016052 0.262845
vt 0.051341 0.263937
vt 0.796285 0.016157
vt 0.811670 0.024830
vt 0.805429 0.031267
vt 0.796830 0.033810
vt 0.781464 0.025764
vt 0.788091 0.031803
vt 0.778657 0.017248
vt 0.813946 0.016157
vt 0.033714 0.708637
vt 0.048534 0.718244
vt 0.041906 0.724284
vt 0.033168 0.726290
vt 0.018328 0.717310
vt 0.024569 0.723747
vt 0.016052 0.708637
vt 0.051341 0.709729
vt 0.914124 0.522081
vt 0.904517 0.536901
vt 0.898478 0.530274
vt 0.913032 0.539709
vt 0.899014 0.512937
vt 0.905451 0.506696
vt 0.896471 0.521535
vt 0.914124 0.504420
vt 0.463226 0.016157
vt 0.478047 0.025764
vt 0.471419 0.031803
vt 0.480854 0.017248
vt 0.454082 0.031267
vt 0.447841 0.024830
vt 0.462681 0.033810
vt 0.445565 0.016157
vt 0.793910 0.091316
vt 0.784304 0.106136
vt 0.778264 0.099509
vt 0.792819 0.108944
vt 0.778800 0.082172
vt 0.785238 0.075930
vt 0.776257 0.090770
vt 0.793910 0.073654
vt 0.796415 0.712419
vt 0.781305 0.703275
vt 0.787742 0.697034
vt 0.778762 0.711873
vt 0.786808 0.727239
vt 0.780769 0.720612
vt 0.795324 0.730047
vt 0.796415 0.694758
vt 0.130101 0.723664
vt 0.121908 0.739310
vt 0.115281 0.733271
vt 0.130647 0.741317
vt 0.145487 0.732337
vt 0.139245 0.738774
vt 0.147763 0.723664
vt 0.112473 0.724755
vt 0.127597 0.016157
vt 0.119404 0.031803
vt 0.112776 0.025764
vt 0.128143 0.033810
vt 0.142982 0.024830
vt 0.136741 0.031267
vt 0.145258 0.016157
vt 0.109969 0.017248
vt 0.753579 0.570881
vt 0.822579 0.586605
vt 0.757432 0.607240
vt 0.832835 0.637551
vt 0.866730 0.604956
vt 0.775440 0.678300
vt 0.827746 0.679364
vt 0.675017 0.693955
vt 0.656616 0.649527
vt 0.704529 0.664149
vt 0.703088 0.570458
vt 0.859179 0.554580
vt 0.935414 0.504601
vt 0.905063 0.574424
vt 0.730861 0.698680
vt 0.763795 0.644204
vt 0.706757 0.722037
vt 0.528328 0.519047
vt 0.603598 0.552156
vt 0.568321 0.577612
vt 0.876336 0.653111
vt 0.863346 0.690981
vt 0.894199 0.488630
vt 0.830023 0.524311
vt 0.858570 0.474790
vt 0.801848 0.549624
vt 0.939113 0.695239
vt 0.910214 0.723579
vt 0.650711 0.599144
vt 0.692492 0.613930
vt 0.515345 0.425472
vt 0.581093 0.368520
vt 0.562952 0.441350
vt 0.609042 0.476145
vt 0.605042 0.438391
vt 0.698241 0.931890
vt 0.695436 0.856546
vt 0.727001 0.903596
vt 0.907882 0.368404
vt 0.952252 0.384601
vt 0.912840 0.416435
vt 0.948467 0.339866
vt 0.611839 0.630937
vt 0.632287 0.525103
vt 0.568641 0.489603
vt 0.523707 0.473986
vt 0.684318 0.767847
vt 0.644682 0.825690
vt 0.643759 0.754368
vt 0.486176 0.504903
vt 0.671038 0.558596
vt 0.874561 0.305496
vt 0.909953 0.280912
vt 0.657734 0.868469
vt 0.684441 0.821298
vt 0.617048 0.382194
vt 0.941838 0.770679
vt 0.786814 0.241845
vt 0.807342 0.298080
vt 0.775166 0.285700
vt 0.867533 0.227371
vt 0.569559 0.282275
vt 0.564064 0.237546
vt 0.607876 0.251275
vt 0.719858 0.245943
vt 0.641133 0.219821
vt 0.712198 0.203042
vt 0.959920 0.432724
vt 0.953444 0.859064
vt 0.992548 0.801385
vt 0.993535 0.872171
vt 0.870869 0.418896
vt 0.993535 0.403478
vt 0.846103 0.331645
vt 0.931517 0.904526
vt 0.934455 0.959708
vt 0.962899 0.931570
vt 0.979496 0.758732
vt 0.952965 0.805894
vt 0.867199 0.381001
vt 0.652526 0.269426
vt 0.867124 0.187139
vt 0.823677 0.207699
vt 0.773572 0.936007
vt 0.778053 0.193270
vt 0.673750 0.306565
vt 0.615907 0.301904
vt 0.861786 0.948866
vt 0.803444 0.987159
vt 0.808560 0.947644
vt 0.645475 0.332143
vt 0.723656 0.285246
vt 0.907706 0.927815
vt 0.874242 0.989319
vt 0.761006 0.973439
vt 0.539470 0.352762
vt 0.828022 0.258363
vt 0.178259 0.405618
vt 0.247545 0.389252
vt 0.243541 0.426061
vt 0.167866 0.456480
vt 0.133918 0.423638
vt 0.225608 0.497858
vt 0.237161 0.463306
vt 0.326131 0.512361
vt 0.296518 0.482935
vt 0.344118 0.468094
vt 0.297987 0.389612
vt 0.308388 0.432914
vt 0.066493 0.323389
vt 0.141856 0.373664
vt 0.096180 0.392405
vt 0.270443 0.517602
vt 0.294746 0.540618
vt 0.473409 0.338925
vt 0.397442 0.371684
vt 0.431981 0.309598
vt 0.172812 0.498241
vt 0.124076 0.472089
vt 0.171029 0.343534
vt 0.107391 0.307489
vt 0.142728 0.293766
vt 0.198846 0.368837
vt 0.061129 0.514718
vt 0.137185 0.510129
vt 0.090388 0.543032
vt 0.349891 0.418442
vt 0.437745 0.261416
vt 0.461236 0.173872
vt 0.484420 0.245083
vt 0.391507 0.296073
vt 0.304617 0.751161
vt 0.306916 0.675359
vt 0.344888 0.687078
vt 0.093229 0.187354
vt 0.088252 0.235521
vt 0.048436 0.204338
vt 0.051383 0.158772
vt 0.388097 0.449358
vt 0.369019 0.344956
vt 0.477103 0.293343
vt 0.357676 0.644004
vt 0.317515 0.586285
vt 0.358002 0.572470
vt 0.515651 0.323742
vt 0.329983 0.377843
vt 0.092291 0.098405
vt 0.317730 0.639877
vt 0.419608 0.188647
vt 0.395741 0.258329
vt 0.383841 0.202185
vt 0.058859 0.590677
vt 0.020884 0.578932
vt 0.226285 0.105128
vt 0.173698 0.077520
vt 0.214760 0.061261
vt 0.126565 0.124851
vt 0.134560 0.047354
vt 0.432071 0.102832
vt 0.393910 0.071387
vt 0.437987 0.058008
vt 0.289498 0.022553
vt 0.349045 0.089289
vt 0.281715 0.065510
vt 0.041965 0.252676
vt 0.008095 0.621938
vt 0.047975 0.679688
vt 0.007604 0.693219
vt 0.130245 0.237930
vt 0.007604 0.224254
vt 0.194084 0.117391
vt 0.155093 0.150987
vt 0.070356 0.725366
vt 0.038943 0.753065
vt 0.067960 0.780980
vt 0.047969 0.626151
vt 0.133955 0.200099
vt 0.360716 0.039633
vt 0.134518 0.007410
vt 0.177879 0.027337
vt 0.229059 0.755853
vt 0.275497 0.722977
vt 0.223457 0.012733
vt 0.385477 0.122030
vt 0.327620 0.126321
vt 0.140691 0.769712
vt 0.199519 0.807427
vt 0.128499 0.810309
vt 0.355706 0.152050
vt 0.094381 0.748701
vt 0.193993 0.767811
vt 0.241968 0.793314
vt 0.277787 0.104831
vt 0.431429 0.398753
vt 0.790881 0.591363
vt 0.833272 0.502859
vt 0.867465 0.532557
vt 0.851723 0.442374
vt 0.881377 0.453458
vt 0.872681 0.421729
vt 0.897872 0.431832
vt 0.922869 0.448965
vt 0.910458 0.475971
vt 0.822307 0.617261
vt 0.904851 0.555018
vt 0.839669 0.630747
vt 0.938127 0.454298
vt 0.931152 0.484038
vt 0.856028 0.650028
vt 0.955847 0.477207
vt 0.942620 0.537992
vt 0.743691 0.540096
vt 0.779546 0.461580
vt 0.803025 0.486323
vt 0.888717 0.393570
vt 0.896379 0.402613
vt 0.841703 0.423877
vt 0.978361 0.675486
vt 0.920787 0.662051
vt 0.914063 0.627916
vt 0.871318 0.375161
vt 0.899310 0.366693
vt 0.948599 0.424276
vt 0.987371 0.435828
vt 0.955007 0.448639
vt 0.774526 0.435603
vt 0.851728 0.388821
vt 0.760486 0.379039
vt 0.638569 0.364002
vt 0.756108 0.339677
vt 0.716774 0.490536
vt 0.836953 0.381975
vt 0.769953 0.400864
vt 0.994301 0.473008
vt 0.994069 0.554895
vt 0.681407 0.540598
vt 0.722367 0.508883
vt 0.718571 0.620703
vt 0.684116 0.574309
vt 0.632798 0.590856
vt 0.639386 0.621348
vt 0.676101 0.520014
vt 0.627747 0.571108
vt 0.667049 0.425714
vt 0.696054 0.458137
vt 0.653470 0.495981
vt 0.611005 0.559229
vt 0.579369 0.452655
vt 0.591632 0.540551
vt 0.551709 0.528748
vt 0.832358 0.339681
vt 0.917761 0.729905
vt 0.891754 0.773828
vt 0.889162 0.741996
vt 0.767111 0.564890
vt 0.773213 0.670132
vt 0.737857 0.644323
vt 0.670851 0.686173
vt 0.729654 0.735475
vt 0.692906 0.713490
vt 0.791752 0.687613
vt 0.816994 0.718823
vt 0.758241 0.740304
vt 0.886686 0.690894
vt 0.835148 0.741779
vt 0.795172 0.760749
vt 0.846884 0.765730
vt 0.813558 0.768525
vt 0.614343 0.665851
vt 0.759614 0.787342
vt 0.653212 0.740802
vt 0.627672 0.687820
vt 0.707225 0.769133
vt 0.673519 0.751755
vt 0.826488 0.780093
vt 0.841463 0.786330
vt 0.821445 0.787196
vt 0.877930 0.764299
vt 0.837567 0.365147
vt 0.866005 0.347215
vt 0.798101 0.785680
vt 0.814021 0.785304
vt 0.795931 0.814075
vt 0.825984 0.813276
vt 0.711227 0.812020
vt 0.648921 0.787847
vt 0.858627 0.813455
vt 0.839401 0.852526
vt 0.950539 0.757974
vt 0.936773 0.827399
vt 0.994301 0.779462
vt 0.969779 0.860943
vt 0.576888 0.600578
vt 0.589096 0.614109
vt 0.598550 0.636518
vt 0.550164 0.637607
vt 0.501430 0.662101
vt 0.527986 0.620110
vt 0.565344 0.653270
vt 0.522642 0.687454
vt 0.602384 0.717724
vt 0.564327 0.725437
vt 0.594740 0.694587
vt 0.623473 0.734554
vt 0.565638 0.751373
vt 0.599161 0.809932
vt 0.656079 0.813338
vt 0.615626 0.834882
vt 0.671355 0.787011
vt 0.682214 0.805976
vt 0.677431 0.840505
vt 0.653356 0.866677
vt 0.691365 0.795465
vt 0.716847 0.838669
vt 0.697871 0.823379
vt 0.718938 0.866185
vt 0.689161 0.902637
vt 0.907132 0.890206
vt 0.889606 0.849068
vt 0.624437 0.472856
vt 0.864174 0.406800
vt 0.920691 0.411390
vt 0.931211 0.418181
vt 0.553964 0.584027
vt 0.506945 0.577865
vt 0.633761 0.957735
vt 0.575168 0.900287
vt 0.573250 0.866656
vt 0.593358 0.994301
vt 0.590796 0.930358
vt 0.577860 0.671978
vt 0.538612 0.704807
vt 0.550914 0.940520
vt 0.511008 0.595191
vt 0.498157 0.633119
vt 0.523691 0.783499
vt 0.515282 0.733629
vt 0.548985 0.717130
vt 0.521311 0.741347
vt 0.525751 0.770456
vt 0.533241 0.747100
vt 0.503444 0.730807
vt 0.520796 0.749559
vt 0.535536 0.754112
vt 0.530008 0.743133
vt 0.499486 0.743648
vt 0.513627 0.753705
vt 0.939682 0.423142
vt 0.973277 0.398137
vt 0.936000 0.380894
vt 0.765623 0.868763
vt 0.341910 0.497971
vt 0.299519 0.409467
vt 0.376103 0.468272
vt 0.360361 0.558455
vt 0.311663 0.514506
vt 0.390015 0.547371
vt 0.381319 0.579101
vt 0.431506 0.551865
vt 0.406510 0.568998
vt 0.330944 0.383569
vt 0.413488 0.445812
vt 0.419095 0.524859
vt 0.446764 0.546531
vt 0.364665 0.350801
vt 0.348307 0.370083
vt 0.464485 0.523623
vt 0.439789 0.516792
vt 0.451258 0.462838
vt 0.288184 0.539250
vt 0.252329 0.460733
vt 0.397355 0.607260
vt 0.405017 0.598217
vt 0.422700 0.372914
vt 0.429424 0.338779
vt 0.486998 0.325343
vt 0.379956 0.625669
vt 0.372812 0.594030
vt 0.457236 0.576554
vt 0.496009 0.565002
vt 0.481915 0.602693
vt 0.350340 0.576953
vt 0.283164 0.565227
vt 0.269124 0.621791
vt 0.147207 0.636828
vt 0.175687 0.575116
vt 0.225412 0.510294
vt 0.231005 0.491947
vt 0.345591 0.618855
vt 0.360366 0.612008
vt 0.502939 0.527822
vt 0.190044 0.460231
vt 0.227209 0.380126
vt 0.275749 0.435939
vt 0.141436 0.409974
vt 0.192754 0.426521
vt 0.148023 0.379482
vt 0.184739 0.480816
vt 0.136385 0.429722
vt 0.278591 0.599965
vt 0.162107 0.504849
vt 0.204692 0.542693
vt 0.088007 0.548175
vt 0.100270 0.460279
vt 0.133075 0.527974
vt 0.340996 0.661149
vt 0.346205 0.635682
vt 0.426399 0.270925
vt 0.397800 0.258833
vt 0.400391 0.227002
vt 0.281850 0.330698
vt 0.179489 0.314657
vt 0.246495 0.356507
vt 0.238291 0.265355
vt 0.300389 0.313217
vt 0.266878 0.260526
vt 0.325632 0.282006
vt 0.395323 0.309936
vt 0.303809 0.240080
vt 0.343786 0.259051
vt 0.322196 0.232304
vt 0.355521 0.235099
vt 0.122981 0.334978
vt 0.268251 0.213488
vt 0.136310 0.313010
vt 0.161850 0.260028
vt 0.201544 0.287340
vt 0.215863 0.231696
vt 0.335126 0.220736
vt 0.350100 0.214500
vt 0.386568 0.236531
vt 0.374643 0.653615
vt 0.306739 0.215150
vt 0.322658 0.215526
vt 0.304569 0.186754
vt 0.330083 0.213634
vt 0.334622 0.187554
vt 0.219865 0.188810
vt 0.182157 0.249075
vt 0.157559 0.212983
vt 0.179993 0.213819
vt 0.348038 0.148304
vt 0.367264 0.187375
vt 0.459176 0.242856
vt 0.502939 0.221368
vt 0.445411 0.173431
vt 0.085526 0.400252
vt 0.119643 0.441601
vt 0.097734 0.386721
vt 0.107187 0.364311
vt 0.058802 0.363223
vt 0.010068 0.338729
vt 0.031280 0.313376
vt 0.073982 0.347560
vt 0.047250 0.296023
vt 0.111021 0.283106
vt 0.072965 0.275393
vt 0.074275 0.249457
vt 0.103378 0.306243
vt 0.132111 0.266276
vt 0.107799 0.190898
vt 0.164717 0.187492
vt 0.186068 0.160325
vt 0.190851 0.194854
vt 0.124264 0.165948
vt 0.200002 0.205365
vt 0.206509 0.177451
vt 0.225485 0.162161
vt 0.227575 0.134644
vt 0.161994 0.134153
vt 0.197798 0.098193
vt 0.415770 0.110624
vt 0.398244 0.151762
vt 0.407948 0.634137
vt 0.429329 0.589439
vt 0.463644 0.552191
vt 0.060347 0.472081
vt 0.062602 0.416802
vt 0.142399 0.043095
vt 0.083806 0.100543
vt 0.099434 0.070472
vt 0.081888 0.134174
vt 0.101996 0.006529
vt 0.086498 0.328852
vt 0.057622 0.283699
vt 0.059551 0.060310
vt 0.063317 0.039202
vt 0.036624 0.380719
vt 0.019646 0.405638
vt 0.006794 0.367711
vt 0.015582 0.422965
vt 0.032329 0.217330
vt 0.023920 0.267200
vt 0.029948 0.259483
vt 0.038646 0.257697
vt 0.034389 0.230374
vt 0.041879 0.253730
vt 0.044174 0.246718
vt 0.012082 0.270023
vt 0.029433 0.251271
vt 0.008124 0.257181
vt 0.022264 0.247125
vt 0.448320 0.577688
vt 0.444638 0.619935
vt 0.439848 0.582649
vt 0.274261 0.132067
vt 0.168290 0.391442
vt 0.148330 0.495343
vt 0.116817 0.401136
vt 0.086758 0.507560
vt 0.124922 0.558835
vt 0.646149 0.933224
vt 0.546672 0.933526
vt 0.583833 0.894637
vt 0.004836 0.271776
vt 0.065777 0.251250
vt 0.048177 0.313100
vt 0.168248 0.314831
vt 0.169879 0.605163
vt 0.280964 0.590235
vt 0.263186 0.642609
vt 0.718897 0.941689
vt 0.628114 0.985026
vt 0.767072 0.932480
vt 0.723833 0.995164
vt 0.281119 0.110633
vt 0.162881 0.124823
vt 0.239792 0.063270
vt 0.507764 0.888964
vt 0.551763 0.857464
vt 0.297780 0.540625
vt 0.191007 0.545666
vt 0.231668 0.501224
vt 0.196823 0.461711
vt 0.468261 0.800331
vt 0.522771 0.789811
vt 0.063308 0.412569
vt 0.131844 0.239595
vt 0.110916 0.302155
vt 0.365644 0.037570
vt 0.443626 0.117842
vt 0.345677 0.097171
vt 0.299005 0.166614
vt 0.350198 0.156861
vt 0.949327 0.708895
vt 0.892170 0.792696
vt 0.894924 0.719072
vt 0.444088 0.595273
vt 0.424416 0.660147
vt 0.379408 0.609507
vt 0.489583 0.643360
vt 0.198612 0.166070
vt 0.090904 0.192373
vt 0.112203 0.622125
vt 0.233192 0.205993
vt 0.301691 0.046157
vt 0.832003 0.898082
vt 0.924901 0.861813
vt 0.867831 0.939899
vt 0.252529 0.004836
vt 0.185421 0.265607
vt 0.553868 0.573776
vt 0.944778 0.806035
vt 0.875967 0.839175
vt 0.426513 0.168262
vt 0.525212 0.715573
vt 0.555084 0.392577
vt 0.590670 0.468775
vt 0.537570 0.442267
vt 0.522864 0.537734
vt 0.553980 0.101876
vt 0.611239 0.084210
vt 0.599397 0.147456
vt 0.576430 0.211359
vt 0.663145 0.295014
vt 0.608958 0.306445
vt 0.360145 0.669787
vt 0.585008 0.609886
vt 0.373800 0.549301
vt 0.471667 0.702793
vt 0.490917 0.500306
vt 0.648267 0.575385
vt 0.692832 0.511417
vt 0.631697 0.520553
vt 0.541644 0.667640
vt 0.425194 0.539074
vt 0.638490 0.198593
vt 0.657672 0.458818
vt 0.865690 0.651274
vt 0.677347 0.396643
vt 0.527701 0.245306
vt 0.533469 0.161244
vt 0.771165 0.574723
vt 0.871264 0.574912
vt 0.833759 0.613791
vt 0.493260 0.205751
vt 0.557507 0.316002
vt 0.613871 0.406535
vt 0.697535 0.565931
vt 0.789690 0.522513
vt 0.909987 0.619803
vt 0.461372 0.065774
vt 0.402518 0.908177
vt 0.477517 0.866158
vt 0.475298 0.919098
vt 0.420433 0.848670
vt 0.485461 0.787631
vt 0.424031 0.718666
vt 0.497947 0.715224
vt 0.436307 0.657263
vt 0.498006 0.651942
vt 0.437419 0.605071
vt 0.494077 0.602119
vt 0.430213 0.572534
vt 0.494780 0.554429
vt 0.430815 0.524544
vt 0.502243 0.490980
vt 0.561444 0.650941
vt 0.575581 0.704631
vt 0.553465 0.527309
vt 0.553702 0.866946
vt 0.550033 0.596794
vt 0.556559 0.912310
vt 0.560151 0.771013
vt 0.630365 0.895288
vt 0.607812 0.564202
vt 0.631402 0.676460
vt 0.629172 0.847589
vt 0.530146 0.434615
vt 0.596986 0.486120
vt 0.613723 0.616800
vt 0.629911 0.769349
vt 0.421020 0.787681
vt 0.364191 0.722114
vt 0.386079 0.582269
vt 0.343278 0.877941
vt 0.363005 0.826235
vt 0.379399 0.671597
vt 0.383200 0.546080
vt 0.364235 0.784056
vt 0.387633 0.625625
vt 0.345375 0.677914
vt 0.313984 0.785377
vt 0.346986 0.584983
vt 0.343776 0.550215
vt 0.347493 0.630925
vt 0.311778 0.729338
vt 0.312173 0.823580
vt 0.303705 0.840800
vt 0.272284 0.803071
vt 0.273651 0.757389
vt 0.308523 0.629199
vt 0.299211 0.666285
vt 0.273298 0.723174
vt 0.315044 0.576950
vt 0.315343 0.539071
vt 0.354332 0.491035
vt 0.395489 0.483225
vt 0.446765 0.470669
vt 0.318946 0.476810
vt 0.369581 0.423941
vt 0.413919 0.417479
vt 0.278831 0.573626
vt 0.333431 0.417339
vt 0.286988 0.468861
vt 0.290431 0.390240
vt 0.281057 0.531626
vt 0.240797 0.521854
vt 0.238830 0.443705
vt 0.259284 0.371617
vt 0.257344 0.640775
vt 0.232732 0.580295
vt 0.183036 0.524978
vt 0.176747 0.436970
vt 0.176230 0.374042
vt 0.216864 0.638230
vt 0.166813 0.584861
vt 0.120531 0.441019
vt 0.091938 0.389324
vt 0.145100 0.511822
vt 0.252234 0.677442
vt 0.223216 0.727266
vt 0.242341 0.758334
vt 0.205976 0.687433
vt 0.188918 0.649240
vt 0.468544 0.412599
vt 0.555845 0.366715
vt 0.603482 0.436995
vt 0.626815 0.360827
vt 0.590608 0.167353
vt 0.614033 0.235713
vt 0.566098 0.214711
vt 0.542608 0.169394
vt 0.532005 0.215699
vt 0.574539 0.267115
vt 0.543073 0.261941
vt 0.522175 0.264269
vt 0.417481 0.345197
vt 0.482234 0.338186
vt 0.374747 0.345647
vt 0.644262 0.200487
vt 0.645696 0.253426
vt 0.709783 0.264757
vt 0.671227 0.324774
vt 0.660962 0.288207
vt 0.687003 0.227424
vt 0.595651 0.282141
vt 0.599835 0.302602
vt 0.596143 0.327218
vt 0.301339 0.318770
vt 0.331280 0.337711
vt 0.415533 0.122223
vt 0.407579 0.189547
vt 0.371857 0.137824
vt 0.454868 0.132217
vt 0.446453 0.177750
vt 0.198825 0.312556
vt 0.267256 0.298614
vt 0.460658 0.246241
vt 0.492655 0.191159
vt 0.478937 0.239260
vt 0.501301 0.242755
vt 0.500374 0.148890
vt 0.552420 0.122087
vt 0.511742 0.106571
vt 0.399053 0.057895
vt 0.364917 0.077270
vt 0.332184 0.089472
vt 0.737155 0.204221
vt 0.762120 0.237469
vt 0.729569 0.305402
vt 0.685826 0.166180
vt 0.623329 0.118228
vt 0.457491 0.087138
vt 0.868039 0.084440
vt 0.874726 0.156085
vt 0.840812 0.133598
vt 0.643056 0.421167
vt 0.650106 0.481611
vt 0.658830 0.538090
vt 0.674941 0.588174
vt 0.910361 0.133277
vt 0.911766 0.184058
vt 0.832011 0.196570
vt 0.782913 0.160340
vt 0.696098 0.470007
vt 0.940357 0.161157
vt 0.936745 0.205614
vt 0.711356 0.527430
vt 0.898675 0.760136
vt 0.800761 0.757284
vt 0.864601 0.694391
vt 0.781659 0.730476
vt 0.837863 0.659483
vt 0.828238 0.817101
vt 0.747699 0.830103
vt 0.731665 0.809864
vt 0.762784 0.866053
vt 0.706073 0.899320
vt 0.694349 0.895503
vt 0.847962 0.851854
vt 0.793027 0.890004
vt 0.721786 0.915443
vt 0.714150 0.905466
vt 0.938552 0.880530
vt 0.853659 0.895305
vt 0.926416 0.938552
vt 0.853001 0.928904
vt 0.791977 0.912598
vt 0.723699 0.938552
vt 0.725035 0.924804
vt 0.698380 0.925185
vt 0.120373 0.294917
vt 0.043040 0.312695
vt 0.085771 0.234128
vt 0.018184 0.246548
vt 0.067619 0.163764
vt 0.008291 0.165328
vt 0.046313 0.074917
vt 0.109872 0.144018
vt 0.137807 0.205040
vt 0.176130 0.258710
vt 0.080337 0.053336
vt 0.152267 0.099295
vt 0.180822 0.164851
vt 0.220391 0.231162
vt 0.210672 0.129860
vt 0.246019 0.197938
vt 0.095444 0.032091
vt 0.043359 0.008291
vt 0.015074 0.068678
vt 0.285236 0.260951
vt 0.961020 0.194175
vt 0.970919 0.146829
vt 0.981961 0.191266
vt 0.945278 0.107561
vt 0.328357 0.287398
vt 0.941918 0.426561
vt 0.881410 0.437601
vt 0.915820 0.406715
vt 0.989197 0.346277
vt 0.942576 0.369276
vt 0.962886 0.328178
vt 0.965100 0.386531
vt 0.893543 0.375683
vt 0.916179 0.336133
vt 0.941561 0.303305
vt 0.847602 0.413329
vt 0.858174 0.327521
vt 0.886782 0.295990
vt 0.917749 0.272699
vt 0.911308 0.238429
vt 0.882651 0.221364
vt 0.873028 0.262538
vt 0.913290 0.257006
vt 0.819123 0.264276
vt 0.782913 0.336126
vt 0.883232 0.495006
vt 0.864356 0.564172
vt 0.822064 0.522537
vt 0.354012 0.157182
vt 0.276607 0.149966
vt 0.288820 0.126601
vt 0.300895 0.226150
vt 0.274112 0.190682
vt 0.339860 0.212533
vt 0.233093 0.103051
vt 0.170932 0.074299
vt 0.526178 0.288065
vt 0.957955 0.233164
vt 0.942184 0.253701
vt 0.945697 0.263429
vt 0.950259 0.271471
vt 0.978283 0.227208
vt 0.991709 0.302897
vt 0.974445 0.293967
vt 0.965531 0.281915
vt 0.982207 0.266272
vt 0.991220 0.230242
vt 0.700853 0.396721
vt 0.749530 0.447997
vt 0.671215 0.700010
vt 0.732252 0.651012
vt 0.730933 0.721711
vt 0.790048 0.678504
vt 0.789797 0.586166
vt 0.829162 0.611215
vt 0.721717 0.576559
vt 0.775198 0.555973
vt 0.787992 0.518781
vt 0.782384 0.275676
vt 0.670457 0.360889
vt 0.932538 0.837844
vt 0.794829 0.931381
vt 0.889898 0.475090
vt 0.237159 0.741628
vt 0.225962 0.793786
vt 0.210970 0.782185
vt 0.272932 0.759234
vt 0.238251 0.808669
vt 0.289128 0.772035
vt 0.248126 0.826218
vt 0.303434 0.789440
vt 0.256951 0.846598
vt 0.316781 0.811487
vt 0.269388 0.868526
vt 0.177883 0.759170
vt 0.217996 0.731602
vt 0.193367 0.772109
vt 0.047315 0.860525
vt 0.105316 0.856762
vt 0.058128 0.888547
vt 0.096389 0.835695
vt 0.164467 0.822792
vt 0.154174 0.805106
vt 0.042481 0.839053
vt 0.136487 0.795510
vt 0.092845 0.817007
vt 0.139240 0.971172
vt 0.191659 0.938756
vt 0.161233 0.989971
vt 0.199650 0.895519
vt 0.171809 0.919266
vt 0.221398 0.909493
vt 0.116928 0.953689
vt 0.185695 0.878526
vt 0.151772 0.903436
vt 0.094702 0.935328
vt 0.177499 0.859967
vt 0.133625 0.889489
vt 0.074417 0.913912
vt 0.171149 0.841215
vt 0.118123 0.874673
vt 0.272674 0.682412
vt 0.208073 0.722336
vt 0.256540 0.667453
vt 0.370766 0.736130
vt 0.307117 0.705393
vt 0.326183 0.713714
vt 0.255838 0.749842
vt 0.289645 0.695287
vt 0.347658 0.722730
vt 0.354090 0.671646
vt 0.381467 0.678543
vt 0.333967 0.659811
vt 0.246404 0.659169
vt 0.295093 0.610357
vt 0.411573 0.685516
vt 0.319673 0.645383
vt 0.307845 0.628951
vt 0.353767 0.614282
vt 0.341212 0.596391
vt 0.378832 0.655731
vt 0.402099 0.675121
vt 0.365174 0.634220
vt 0.289256 0.594745
vt 0.324115 0.580532
vt 0.429340 0.687064
vt 0.400051 0.582080
vt 0.412331 0.597725
vt 0.334967 0.543525
vt 0.356583 0.553382
vt 0.447754 0.650327
vt 0.421885 0.614236
vt 0.381964 0.567433
vt 0.431584 0.631420
vt 0.435778 0.566012
vt 0.363338 0.521798
vt 0.382793 0.527077
vt 0.461039 0.607265
vt 0.479341 0.628922
vt 0.447492 0.585328
vt 0.422772 0.549935
vt 0.405816 0.536808
vt 0.406598 0.492493
vt 0.429177 0.504944
vt 0.496734 0.574268
vt 0.463482 0.533457
vt 0.387896 0.483567
vt 0.516196 0.596585
vt 0.479284 0.552289
vt 0.447617 0.518097
vt 0.503742 0.525251
vt 0.450520 0.478767
vt 0.467754 0.493818
vt 0.430707 0.461463
vt 0.525704 0.544434
vt 0.484568 0.508503
vt 0.414518 0.447325
vt 0.548532 0.564375
vt 0.732974 0.213856
vt 0.682603 0.231836
vt 0.719510 0.200462
vt 0.704821 0.265044
vt 0.693237 0.249311
vt 0.749344 0.224127
vt 0.719662 0.279426
vt 0.768036 0.231646
vt 0.738814 0.291318
vt 0.789388 0.237742
vt 0.762429 0.301643
vt 0.692215 0.170450
vt 0.670090 0.214104
vt 0.659540 0.205464
vt 0.707193 0.184248
vt 0.776371 0.028336
vt 0.779976 0.086368
vt 0.757899 0.080281
vt 0.753985 0.149099
vt 0.735200 0.141070
vt 0.754453 0.026179
vt 0.738771 0.079290
vt 0.719979 0.127022
vt 0.897466 0.105248
vt 0.872154 0.161188
vt 0.850335 0.144078
vt 0.830446 0.174651
vt 0.812733 0.247205
vt 0.877340 0.085441
vt 0.832107 0.126309
vt 0.811837 0.163024
vt 0.856366 0.065821
vt 0.815985 0.110163
vt 0.792426 0.157292
vt 0.832627 0.048483
vt 0.799349 0.096734
vt 0.773059 0.153396
vt 0.805483 0.035559
vt 0.628513 0.275021
vt 0.611493 0.261007
vt 0.694894 0.365157
vt 0.655928 0.306139
vt 0.678531 0.344036
vt 0.643564 0.290148
vt 0.628737 0.357247
vt 0.666726 0.323943
vt 0.614303 0.338878
vt 0.560019 0.306965
vt 0.601902 0.252055
vt 0.639243 0.383467
vt 0.598073 0.326635
vt 0.580182 0.317111
vt 0.571813 0.364629
vt 0.552383 0.354589
vt 0.616274 0.383912
vt 0.593115 0.373259
vt 0.534353 0.339773
vt 0.543744 0.303278
vt 0.650188 0.412373
vt 0.638615 0.404377
vt 0.546115 0.414846
vt 0.499129 0.355528
vt 0.522139 0.323448
vt 0.620168 0.452955
vt 0.654106 0.429776
vt 0.580923 0.432164
vt 0.529163 0.398889
vt 0.511816 0.375624
vt 0.599258 0.439468
vt 0.534995 0.452418
vt 0.563274 0.424914
vt 0.481423 0.386576
vt 0.579276 0.471906
vt 0.555714 0.461429
vt 0.517312 0.441690
vt 0.489276 0.405145
vt 0.502020 0.426653
vt 0.458209 0.433395
vt 0.551373 0.511716
vt 0.506459 0.484252
vt 0.446845 0.416064
vt 0.576105 0.528003
vt 0.603198 0.487134
vt 0.527246 0.497379
vt 0.489103 0.470596
vt 0.473587 0.454093
vt 0.101162 0.101088
vt 0.079954 0.090366
vt 0.089197 0.078761
vt 0.101406 0.072324
vt 0.059929 0.046229
vt 0.085376 0.033475
vt 0.039905 0.131381
vt 0.089197 0.123415
vt 0.059929 0.155946
vt 0.075630 0.101088
vt 0.033273 0.101088
vt 0.039905 0.070794
vt 0.101406 0.129852
vt 0.085376 0.168701
vt 0.033472 0.067381
vt 0.033472 0.134794
vt 0.025350 0.101088
vt 0.085174 0.175977
vt 0.054723 0.161856
vt 0.085174 0.026198
vt 0.054723 0.040320
vt 0.010065 0.101088
vt 0.020375 0.060487
vt 0.044877 0.029383
vt 0.081496 0.011056
vt 0.081496 0.191119
vt 0.044877 0.172792
vt 0.020375 0.141689
vt 0.079954 0.111809
vt 0.945608 0.264588
vt 0.936566 0.242109
vt 0.951635 0.240935
vt 0.965182 0.243732
vt 0.951497 0.195374
vt 0.978864 0.202477
vt 0.922105 0.258699
vt 0.877844 0.279870
vt 0.880948 0.247533
vt 0.926108 0.247591
vt 0.894109 0.219699
vt 0.919887 0.202863
vt 0.927619 0.286827
vt 0.888615 0.306014
vt 0.888657 0.214946
vt 0.916893 0.195123
vt 0.870494 0.280791
vt 0.872872 0.245623
vt 0.951406 0.187968
vt 0.983844 0.196565
vt 0.857862 0.242010
vt 0.877262 0.205013
vt 0.911266 0.180746
vt 0.951218 0.173318
vt 0.990430 0.182955
vt 0.870852 0.320137
vt 0.855954 0.282603
vt 0.922998 0.273789
vt 0.123334 0.100263
vt 0.144511 0.111125
vt 0.135328 0.122495
vt 0.123100 0.128731
vt 0.164414 0.155241
vt 0.139144 0.167836
vt 0.184001 0.070084
vt 0.135328 0.078030
vt 0.164414 0.045284
vt 0.148544 0.100263
vt 0.191534 0.100263
vt 0.184001 0.130441
vt 0.123100 0.071794
vt 0.139144 0.032689
vt 0.190414 0.133869
vt 0.190414 0.066656
vt 0.199659 0.100263
vt 0.139315 0.025575
vt 0.169609 0.039409
vt 0.139315 0.174950
vt 0.169609 0.161116
vt 0.204346 0.059295
vt 0.214424 0.100263
vt 0.204346 0.141230
vt 0.178601 0.172251
vt 0.142371 0.189169
vt 0.178601 0.028274
vt 0.144511 0.089400
vt 0.771717 0.467288
vt 0.751252 0.455916
vt 0.759787 0.445591
vt 0.771717 0.440014
vt 0.731854 0.411943
vt 0.757591 0.401076
vt 0.710387 0.495664
vt 0.758605 0.488290
vt 0.728851 0.520340
vt 0.747271 0.466610
vt 0.704246 0.465418
vt 0.712052 0.435559
vt 0.770207 0.494519
vt 0.753947 0.532615
vt 0.705805 0.431978
vt 0.703951 0.498894
vt 0.696212 0.465196
vt 0.753961 0.539286
vt 0.723562 0.526154
vt 0.757974 0.394417
vt 0.726895 0.405846
vt 0.689949 0.505581
vt 0.681455 0.464787
vt 0.692194 0.424526
vt 0.718277 0.394364
vt 0.755722 0.380007
vt 0.750914 0.553549
vt 0.714322 0.537141
vt 0.750654 0.477508
vt 0.529032 0.075655
vt 0.471978 0.070350
vt 0.486869 0.058377
vt 0.062287 0.611273
vt 0.062870 0.663420
vt 0.050257 0.652770
vt 0.568534 0.057689
vt 0.598243 0.013359
vt 0.581187 0.068764
vt 0.049073 0.555609
vt 0.079829 0.609424
vt 0.529686 0.093346
vt 0.011596 0.670233
vt 0.010004 0.687652
vt 0.047019 0.728131
vt 0.064857 0.773210
vt 0.051216 0.767804
vt 0.715172 0.010029
vt 0.691400 0.056281
vt 0.684335 0.043214
vt 0.010085 0.706305
vt 0.056961 0.719839
vt 0.643541 0.043924
vt 0.636546 0.055019
vt 0.021978 0.802119
vt 0.030993 0.820549
vt 0.616717 0.010227
vt 0.469895 0.127571
vt 0.457833 0.178127
vt 0.446037 0.164493
vt 0.105386 0.545597
vt 0.060185 0.540107
vt 0.395849 0.190333
vt 0.401840 0.172514
vt 0.153763 0.526720
vt 0.110743 0.562448
vt 0.487349 0.130550
vt 0.138655 0.516912
vt 0.157383 0.463695
vt 0.421842 0.240790
vt 0.430166 0.283591
vt 0.417298 0.282871
vt 0.174473 0.455673
vt 0.195244 0.502023
vt 0.381807 0.323178
vt 0.380753 0.304967
vt 0.210886 0.482555
vt 0.254393 0.484980
vt 0.390230 0.208367
vt 0.439013 0.222631
vt 0.251933 0.472336
vt 0.287032 0.431723
vt 0.672931 0.586058
vt 0.652416 0.573801
vt 0.661572 0.565081
vt 0.665758 0.521423
vt 0.637158 0.528968
vt 0.611900 0.617161
vt 0.661275 0.607116
vt 0.633588 0.642821
vt 0.604999 0.584285
vt 0.652477 0.598008
vt 0.615319 0.552653
vt 0.663565 0.653301
vt 0.597979 0.583924
vt 0.608111 0.547804
vt 0.628266 0.649641
vt 0.604523 0.620911
vt 0.664419 0.660583
vt 0.667021 0.514836
vt 0.633145 0.522562
vt 0.582412 0.583121
vt 0.595397 0.539876
vt 0.626155 0.510245
vt 0.667207 0.500318
vt 0.663424 0.676312
vt 0.619759 0.662115
vt 0.590752 0.627816
vt 0.649283 0.585990
vt 0.674289 0.561323
vt 0.674289 0.611344
vt 0.237593 0.097169
vt 0.257925 0.109117
vt 0.249133 0.118136
vt 0.246563 0.164096
vt 0.276445 0.153576
vt 0.258125 0.085012
vt 0.273920 0.040461
vt 0.296140 0.064118
vt 0.305315 0.095763
vt 0.298200 0.128299
vt 0.249004 0.076225
vt 0.244705 0.031796
vt 0.312216 0.095542
vt 0.305499 0.132078
vt 0.278689 0.033649
vt 0.303067 0.060028
vt 0.243547 0.024866
vt 0.245710 0.171391
vt 0.281708 0.160349
vt 0.327442 0.095042
vt 0.318876 0.138595
vt 0.290642 0.172879
vt 0.246709 0.187220
vt 0.243750 0.009768
vt 0.286201 0.021253
vt 0.315926 0.052506
vt 0.261168 0.097176
vt 0.236165 0.122286
vt 0.236165 0.072427
vt 0.164232 0.296718
vt 0.176230 0.276373
vt 0.185157 0.285286
vt 0.230634 0.288603
vt 0.220780 0.258886
vt 0.152198 0.276427
vt 0.107662 0.259257
vt 0.132054 0.237268
vt 0.164079 0.229114
vt 0.196207 0.236874
vt 0.143330 0.285351
vt 0.098259 0.288752
vt 0.164039 0.222212
vt 0.200106 0.229728
vt 0.100858 0.254272
vt 0.128120 0.230200
vt 0.091194 0.289781
vt 0.237822 0.289579
vt 0.227575 0.253816
vt 0.163958 0.207021
vt 0.206863 0.216640
vt 0.240127 0.245239
vt 0.253472 0.288884
vt 0.075860 0.289247
vt 0.088461 0.246365
vt 0.120893 0.217052
vt 0.164199 0.272906
vt 0.189151 0.298213
vt 0.139385 0.298213
vt 0.276439 0.535920
vt 0.264601 0.584850
vt 0.241800 0.504391
vt 0.221190 0.595294
vt 0.169342 0.572723
vt 0.189590 0.564368
vt 0.295260 0.528997
vt 0.213901 0.614250
vt 0.198143 0.518417
vt 0.165016 0.593552
vt 0.112151 0.599322
vt 0.157945 0.672463
vt 0.111264 0.659553
vt 0.125409 0.651707
vt 0.195541 0.620775
vt 0.200241 0.668578
vt 0.158400 0.687307
vt 0.126896 0.610062
vt 0.189250 0.655951
vt 0.151908 0.730460
vt 0.132502 0.769709
vt 0.125583 0.754496
vt 0.086959 0.742416
vt 0.059147 0.692325
vt 0.079744 0.700176
vt 0.147056 0.695282
vt 0.166195 0.732752
vt 0.113158 0.676623
vt 0.071000 0.757932
vt 0.772671 0.685862
vt 0.760910 0.706876
vt 0.751810 0.698099
vt 0.736319 0.742997
vt 0.773667 0.711150
vt 0.764893 0.750444
vt 0.733367 0.628965
vt 0.751959 0.673879
vt 0.711518 0.654458
vt 0.748735 0.685883
vt 0.704348 0.687377
vt 0.714377 0.719202
vt 0.773667 0.660057
vt 0.760710 0.664833
vt 0.697312 0.687678
vt 0.728161 0.622150
vt 0.763965 0.612045
vt 0.762977 0.619215
vt 0.766205 0.757075
vt 0.707092 0.724043
vt 0.681744 0.688357
vt 0.704166 0.650646
vt 0.732303 0.749387
vt 0.694451 0.731577
vt 0.766484 0.771792
vt 0.763299 0.596484
vt 0.719877 0.609648
vt 0.097164 0.322609
vt 0.118305 0.334381
vt 0.109229 0.343374
vt 0.154033 0.361115
vt 0.122429 0.321331
vt 0.164186 0.331244
vt 0.064512 0.380893
vt 0.076124 0.334082
vt 0.084920 0.343122
vt 0.097028 0.346020
vt 0.096511 0.390677
vt 0.129015 0.383060
vt 0.040217 0.359328
vt 0.072221 0.321331
vt 0.096293 0.397677
vt 0.059780 0.388246
vt 0.025403 0.329441
vt 0.032078 0.330594
vt 0.171442 0.330313
vt 0.160844 0.366286
vt 0.095832 0.413180
vt 0.132893 0.390345
vt 0.139629 0.403690
vt 0.187219 0.331126
vt 0.033831 0.363498
vt 0.010740 0.329525
vt 0.052073 0.401209
vt 0.533024 0.741286
vt 0.512117 0.729836
vt 0.520736 0.720706
vt 0.475885 0.705975
vt 0.508036 0.742489
vt 0.469134 0.734278
vt 0.563809 0.679796
vt 0.554146 0.729433
vt 0.544944 0.720656
vt 0.532885 0.717524
vt 0.530757 0.673211
vt 0.499207 0.683903
vt 0.589779 0.701336
vt 0.558489 0.742489
vt 0.530319 0.666178
vt 0.567501 0.672354
vt 0.607903 0.732156
vt 0.600578 0.731363
vt 0.462656 0.735689
vt 0.469474 0.702103
vt 0.529334 0.650574
vt 0.494269 0.676764
vt 0.486159 0.664167
vt 0.448305 0.736235
vt 0.596582 0.695926
vt 0.623700 0.731013
vt 0.574296 0.658457
vt 0.483663 0.298535
vt 0.530591 0.280161
vt 0.447698 0.268467
vt 0.455666 0.223269
vt 0.505606 0.187284
vt 0.535069 0.235673
vt 0.500076 0.208518
vt 0.552900 0.225864
vt 0.525688 0.180139
vt 0.524149 0.126836
vt 0.536852 0.140002
vt 0.583938 0.117595
vt 0.603154 0.162330
vt 0.578062 0.132771
vt 0.556882 0.206746
vt 0.605028 0.204924
vt 0.590985 0.195710
vt 0.696212 0.123727
vt 0.660004 0.148526
vt 0.680307 0.119055
vt 0.620271 0.080547
vt 0.673439 0.065768
vt 0.663513 0.082221
vt 0.662000 0.162264
vt 0.624373 0.148368
vt 0.601215 0.117161
vt 0.617989 0.160769
vt 0.609617 0.061689
vt 0.306305 0.570640
vt 0.331762 0.471211
vt 0.329985 0.431137
vt 0.427018 0.362152
vt 0.479352 0.318133
vt 0.468862 0.358056
vt 0.734708 0.016968
vt 0.709698 0.107989
vt 0.116393 0.787824
vt 0.184521 0.704641
vt 0.638782 0.184426
vt 0.645136 0.889137
vt 0.484358 0.280576
vt 0.407241 0.326924
vt 0.357499 0.254931
vt 0.494670 0.226976
vt 0.074724 0.684967
vt 0.026886 0.570625
vt 0.161943 0.783036
vt 0.197806 0.775606
vt 0.093645 0.784979
vt 0.053170 0.483936
vt 0.495450 0.718979
vt 0.373915 0.859800
vt 0.402631 0.870538
vt 0.308996 0.799199
vt 0.382239 0.828836
vt 0.529691 0.705864
vt 0.858646 0.046639
vt 0.934057 0.016188
vt 0.871646 0.701313
vt 0.898757 0.739108
vt 0.946682 0.835455
vt 0.215635 0.015818
vt 0.567600 0.015824
vt 0.825427 0.272065
vt 0.604889 0.512012
vt 0.414279 0.488408
vt 0.495247 0.528271
vt 0.709688 0.730646
vt 0.498052 0.845493
vt 0.719161 0.544082
vt 0.016297 0.164902
vt 0.106641 0.573443
vt 0.929523 0.436724
vt 0.792861 0.411570
vt 0.554680 0.961627
vt 0.502707 0.445935
vt 0.264746 0.661152
vt 0.478417 0.139886
vt 0.781827 0.984464
vt 0.904629 0.048928
vt 0.802184 0.363934
vt 0.919100 0.540032
vt 0.918855 0.124568
vt 0.847087 0.194362
vt 0.883438 0.311754
vt 0.142371 0.011356
vt 0.581225 0.016675
vt 0.039317 0.572003
vt 0.458157 0.083524
vt 0.140561 0.472060
vt 0.268855 0.433149
vt 0.690445 0.643606
vt 0.724810 0.761882
vt 0.173446 0.375046
vt 0.021539 0.370795
vt 0.457118 0.695398
vt 0.609034 0.687263
vt 0.333374 0.513206
vt 0.387058 0.365830
s 1
usemtl Bowser_Body_Mat.002
f 2/1/1 3/2/2 1/3/3
f 4/4/4 5/5/5 6/6/6
f 6/6/6 7/7/7 8/8/8
f 8/8/8 9/9/9 10/10/10
f 9/11/9 17/12/11 11/13/12
f 1/14/3 14/15/13 13/16/14
f 11/17/12 14/15/13 12/18/15
f 13/19/14 15/20/16 1/21/3
f 13/19/14 18/22/17 16/23/18
f 11/13/12 19/24/19 18/22/17
f 20/25/20 21/26/21 17/12/11
f 23/27/22 24/28/23 21/26/21
f 17/12/11 22/29/24 19/24/19
f 26/30/25 80/31/26 24/28/23
f 21/26/21 25/32/27 22/29/24
f 15/20/16 27/33/28 1/21/3
f 2/34/1 29/35/29 5/36/5
f 1/21/3 28/37/30 2/34/1
f 30/38/31 31/39/32 27/33/28
f 27/33/28 32/40/33 28/37/30
f 33/41/34 34/42/35 31/39/32
f 31/39/32 35/43/36 32/40/33
f 34/42/35 39/44/37 37/45/38
f 35/43/36 37/45/38 38/46/39
f 28/37/30 40/47/40 29/35/29
f 32/40/33 41/48/41 40/47/40
f 41/48/41 38/46/39 42/49/42
f 48/50/43 53/51/44 47/52/45
f 45/53/46 52/54/47 51/55/48
f 43/56/49 50/57/50 44/58/51
f 47/52/45 52/54/47 46/59/52
f 45/53/46 49/60/53 43/56/49
f 53/51/44 101/61/54 59/62/55
f 51/55/48 58/63/56 57/64/57
f 49/60/53 56/65/58 50/57/50
f 52/54/47 59/62/55 58/63/56
f 51/55/48 55/66/59 49/60/53
f 115/67/60 63/68/61 56/65/58
f 112/69/62 58/63/56 59/62/55
f 57/64/57 114/70/63 55/66/59
f 106/71/64 59/62/55 101/61/54
f 117/72/65 57/64/57 58/63/56
f 44/58/51 62/73/66 61/74/67
f 56/65/58 62/73/66 50/57/50
f 122/75/68 67/76/69 63/68/61
f 63/68/61 66/77/70 62/73/66
f 124/78/71 85/79/72 83/80/73
f 62/73/66 65/81/74 61/74/67
f 7/82/7 20/25/20 9/11/9
f 60/83/75 23/27/22 20/25/20
f 68/84/76 26/30/77 23/27/78
f 68/84/76 64/85/79 70/86/80
f 65/81/81 73/87/82 71/88/83
f 73/87/82 74/89/84 75/90/85
f 75/90/85 76/91/86 77/92/87
f 69/93/88 78/94/89 26/30/77
f 76/91/86 79/95/90 77/92/87
f 78/94/91 87/96/92 80/31/26
f 24/28/23 81/97/93 25/32/27
f 66/77/70 72/98/94 65/81/74
f 82/99/95 67/76/69 83/80/73
f 74/89/96 82/99/95 84/100/97
f 83/80/73 84/100/97 82/99/95
f 123/101/98 83/80/73 67/76/69
f 85/79/72 126/102/99 92/103/100
f 80/31/26 88/104/101 81/97/93
f 86/105/102 132/106/103 87/96/92
f 86/105/102 76/91/104 89/107/105
f 90/108/106 76/91/104 74/89/96
f 98/109/107 102/110/108 96/111/109
f 85/79/72 91/112/110 84/100/97
f 84/100/97 90/108/106 74/89/96
f 37/45/38 95/113/111 93/114/112
f 38/46/39 93/114/112 94/115/113
f 93/114/112 98/109/107 96/111/109
f 93/114/112 97/116/114 94/115/113
f 48/50/43 99/117/115 54/118/116
f 42/49/42 94/115/113 99/117/115
f 54/118/116 100/119/117 101/61/54
f 99/117/115 97/116/114 100/119/117
f 70/86/80 65/81/81 71/88/83
f 61/74/67 64/85/118 60/83/75
f 7/82/7 61/74/67 60/83/75
f 40/47/40 47/52/45 46/59/52
f 5/36/5 44/58/51 7/82/7
f 5/36/5 45/53/46 43/56/49
f 29/35/29 46/59/52 45/53/46
f 41/48/41 48/50/43 47/52/45
f 96/111/109 104/120/119 97/116/114
f 104/120/119 100/119/117 97/116/114
f 105/121/120 101/61/54 100/119/117
f 103/122/121 107/123/122 102/110/108
f 102/110/108 109/124/123 104/120/119
f 106/71/64 110/125/124 111/126/125
f 105/121/120 109/124/123 110/125/124
f 112/69/62 111/126/125 113/127/126
f 117/72/65 113/127/126 121/128/127
f 116/129/128 118/130/129 114/70/63
f 116/129/128 121/128/127 120/131/130
f 114/70/63 119/132/131 115/67/60
f 123/101/98 127/133/132 128/134/133
f 125/135/134 131/136/135 126/102/99
f 125/135/134 129/137/136 130/138/137
f 124/78/71 128/134/133 129/137/136
f 119/132/131 122/75/68 115/67/60
f 55/66/59 115/67/60 56/65/58
f 87/96/92 133/139/138 88/104/101
f 132/140/103 135/141/139 133/142/138
f 136/143/140 134/144/141 132/140/103
f 90/108/106 145/145/142 138/146/143
f 89/107/105 136/147/140 86/105/102
f 137/148/144 139/149/145 136/143/140
f 138/150/143 140/151/146 137/148/144
f 141/152/147 142/153/148 143/154/149
f 90/108/106 137/155/144 89/107/105
f 138/146/143 144/156/150 142/157/148
f 144/156/150 92/103/100 142/157/148
f 91/112/110 144/156/150 145/145/142
f 126/102/99 147/158/151 146/159/152
f 92/103/100 146/159/152 142/157/148
f 147/160/151 148/161/153 146/162/152
f 146/162/152 143/154/149 142/153/148
f 110/125/124 152/163/154 153/164/155
f 113/127/126 157/165/156 121/128/127
f 111/126/125 153/164/155 154/166/157
f 121/128/127 156/167/158 120/131/130
f 107/123/122 152/163/154 109/124/123
f 120/131/130 155/168/159 118/130/129
f 113/127/126 154/166/157 150/169/160
f 154/166/157 160/170/161 150/169/160
f 151/171/162 159/172/163 152/163/154
f 152/163/154 160/170/161 153/164/155
f 158/173/164 162/174/165 159/172/163
f 160/170/161 162/174/165 163/175/166
f 161/176/167 165/177/168 162/174/165
f 163/175/166 165/177/168 166/178/169
f 165/177/168 167/179/170 168/180/171
f 165/177/168 169/181/172 166/178/169
f 150/169/160 163/175/166 157/165/156
f 156/167/158 163/175/166 166/178/169
f 155/168/159 166/178/169 169/181/172
f 168/180/171 170/182/173 171/183/174
f 169/181/172 171/183/174 172/184/175
f 171/183/174 173/185/176 174/186/177
f 172/184/175 174/186/177 175/187/178
f 173/185/176 177/188/179 174/186/177
f 175/187/178 177/188/179 178/189/180
f 176/190/181 180/191/182 177/188/179
f 178/189/180 180/191/182 181/192/183
f 180/191/182 182/193/184 183/194/185
f 180/191/182 184/195/186 181/192/183
f 118/130/129 185/196/187 119/132/131
f 155/168/159 172/184/175 185/196/187
f 127/133/132 185/196/187 186/197/188
f 128/134/133 186/197/188 187/198/189
f 185/196/187 175/187/178 186/197/188
f 187/198/189 175/187/178 178/189/180
f 131/136/135 191/199/190 147/158/151
f 130/138/137 190/200/191 131/136/135
f 129/137/136 189/201/192 130/138/137
f 149/202/193 191/203/190 192/204/194
f 191/199/190 197/205/195 198/206/196
f 189/201/192 195/207/197 196/208/198
f 189/201/192 197/205/195 190/200/191
f 178/189/180 194/209/199 187/198/189
f 196/208/198 201/210/200 202/211/201
f 196/208/198 203/212/202 197/205/195
f 193/213/203 200/214/204 194/209/199
f 198/206/196 203/212/202 204/215/205
f 195/207/197 200/214/204 201/210/200
f 202/211/201 209/216/206 203/212/202
f 199/217/207 206/218/208 200/214/204
f 204/215/205 209/216/206 210/219/209
f 200/214/204 207/220/210 201/210/200
f 201/210/200 208/221/211 202/211/201
f 205/222/212 212/223/213 206/218/208
f 210/219/209 215/224/214 216/225/215
f 207/220/210 212/223/213 213/226/216
f 207/220/210 214/227/217 208/221/211
f 208/221/211 215/224/214 209/216/206
f 213/226/216 220/228/218 214/227/217
f 214/227/217 221/229/219 215/224/214
f 212/223/213 217/230/220 218/231/221
f 216/225/215 221/229/219 222/232/222
f 212/223/213 219/233/223 213/226/216
f 217/230/220 225/234/224 226/235/225
f 211/236/226 224/237/227 225/234/224
f 205/222/212 223/238/228 224/237/227
f 227/239/229 199/217/207 193/213/203
f 225/234/224 229/240/230 230/241/231
f 223/238/228 232/242/232 228/243/233
f 226/235/225 230/241/231 231/244/234
f 223/238/228 229/240/230 224/237/227
f 181/192/183 193/213/203 178/189/180
f 184/195/186 227/239/229 181/192/183
f 231/244/234 233/245/235 234/246/236
f 229/240/230 233/245/235 230/241/231
f 234/246/236 235/247/237 236/248/238
f 228/243/233 235/247/237 233/245/235
f 235/247/237 184/195/186 183/194/185
f 236/248/238 183/194/185 182/193/184
f 192/204/194 198/249/196 237/250/239
f 204/251/205 237/250/239 198/249/196
f 210/252/209 238/253/240 204/251/205
f 216/254/215 239/255/241 210/252/209
f 241/256/242 216/254/215 222/257/222
f 11/17/12 10/10/10 9/9/9
f 107/123/122 108/258/243 151/171/162
f 351/259/244 256/260/245 257/261/246
f 266/262/247 270/263/248 271/264/249
f 270/263/248 276/265/250 271/264/249
f 276/265/250 280/266/251 281/267/252
f 281/267/252 285/268/253 286/269/254
f 333/270/255 243/271/256 242/272/257
f 335/273/258 243/271/256 334/274/259
f 335/273/258 245/275/260 244/276/261
f 336/277/262 246/278/263 245/275/260
f 423/279/264 396/280/265 418/281/266
f 424/282/267 421/283/268 422/284/269
f 418/281/266 426/285/270 423/279/264
f 283/286/271 287/287/272 288/288/273
f 282/289/274 286/269/254 287/287/272
f 264/290/275 268/291/276 269/292/277
f 278/293/278 282/289/274 283/286/271
f 277/294/279 281/267/252 282/289/274
f 300/295/280 297/296/281 303/297/282
f 272/298/283 278/293/278 273/299/284
f 271/264/249 277/294/279 272/298/283
f 267/300/285 273/299/284 268/291/276
f 266/262/247 272/298/283 267/300/285
f 263/301/286 267/300/285 268/291/276
f 261/302/287 267/300/285 262/303/288
f 260/304/289 266/262/247 261/302/287
f 258/305/290 263/301/286 259/306/291
f 257/261/246 262/303/288 258/305/290
f 256/260/245 261/302/287 257/261/246
f 349/307/292 258/305/290 259/306/291
f 350/308/293 257/261/246 258/305/290
f 250/309/294 302/310/295 301/311/296
f 249/312/297 255/313/298 250/314/294
f 249/312/297 253/315/299 254/316/300
f 329/317/301 250/318/294 328/319/302
f 329/317/301 248/320/303 249/321/297
f 330/322/304 247/323/305 248/320/303
f 297/296/281 269/324/277 296/325/306
f 296/325/306 274/326/307 295/327/308
f 298/328/309 274/326/307 279/329/310
f 298/330/309 284/331/311 299/332/312
f 149/333/193 299/332/312 148/161/153
f 149/202/193 295/327/308 298/328/309
f 237/250/239 295/327/308 192/204/194
f 238/253/240 296/325/306 237/250/239
f 274/334/307 268/291/276 273/299/284
f 273/299/284 279/335/310 274/334/307
f 279/335/310 283/286/271 284/336/311
f 263/301/286 300/337/280 259/306/291
f 259/306/291 353/338/313 349/307/292
f 288/288/273 284/336/311 283/286/271
f 300/295/280 354/339/314 353/340/313
f 238/253/240 303/297/282 297/296/281
f 240/341/315 308/342/316 307/343/317
f 240/341/315 306/344/318 239/255/241
f 239/255/241 304/345/319 238/253/240
f 307/343/317 317/346/320 314/347/321
f 315/348/322 317/346/320 318/349/323
f 316/350/324 318/349/323 319/351/325
f 307/343/317 311/352/326 306/344/318
f 312/353/327 314/347/321 315/348/322
f 313/354/328 315/348/322 316/350/324
f 306/344/318 305/355/329 304/345/319
f 309/356/330 311/352/326 312/353/327
f 310/357/331 312/353/327 313/354/328
f 383/358/332 321/359/333 382/360/334
f 320/361/335 323/362/336 321/359/333
f 322/363/337 325/364/338 323/365/336
f 324/366/339 327/367/340 325/364/338
f 246/278/263 331/368/341 245/275/260
f 244/276/261 331/368/341 330/322/304
f 243/271/256 330/322/304 329/317/301
f 242/272/257 329/317/301 328/319/302
f 290/369/342 336/277/262 291/370/343
f 292/371/344 336/277/262 335/273/258
f 293/372/345 335/273/258 334/274/259
f 294/373/346 334/274/259 333/270/255
f 338/374/347 331/368/341 332/375/348
f 248/376/303 252/377/349 253/315/299
f 382/360/334 339/378/350 384/379/351
f 340/380/352 321/359/333 323/362/336
f 341/381/353 323/365/336 325/364/338
f 342/382/354 325/364/338 327/367/340
f 383/358/332 343/383/355 320/361/335
f 320/361/335 345/384/356 322/385/337
f 322/363/337 346/386/357 324/366/339
f 324/366/339 344/387/358 326/388/359
f 289/389/360 299/332/312 284/331/311
f 299/332/312 348/390/361 148/161/153
f 286/269/254 423/279/264 426/285/270
f 287/287/272 426/285/270 425/391/362
f 288/288/273 425/391/362 424/282/267
f 288/288/273 427/392/363 289/393/360
f 255/394/298 354/339/314 302/310/295
f 349/307/292 255/313/298 254/316/300
f 253/315/299 351/259/244 350/308/293
f 254/316/300 350/308/293 349/307/292
f 252/377/349 352/395/364 351/259/244
f 386/396/365 339/378/350 356/397/366
f 356/397/366 340/380/352 357/398/367
f 340/399/352 355/400/368 357/401/367
f 358/402/369 341/381/353 342/382/354
f 346/386/357 359/403/370 344/387/358
f 363/404/371 362/405/372 361/406/373
f 355/400/368 392/407/374 357/401/367
f 355/400/368 395/408/375 394/409/376
f 362/405/372 360/410/377 361/406/373
f 345/411/356 362/412/372 346/386/357
f 386/396/365 365/413/378 387/414/379
f 364/415/380 343/383/355 367/416/381
f 385/417/382 256/260/245 388/418/383
f 378/419/384 367/416/381 388/418/383
f 367/416/381 366/420/385 364/415/380
f 364/415/380 369/421/386 360/422/377
f 356/397/366 370/423/387 365/413/378
f 370/423/387 372/424/388 371/425/389
f 392/426/374 372/424/388 357/398/367
f 374/427/390 371/425/389 372/424/388
f 376/428/391 365/413/378 370/423/387
f 352/395/364 377/429/392 378/419/384
f 251/430/393 247/431/305 338/432/347
f 378/419/384 379/433/394 368/434/395
f 465/435/396 251/430/393 338/432/347
f 368/434/395 380/436/397 366/420/385
f 377/429/392 464/437/398 379/433/394
f 366/420/385 381/438/399 369/421/386
f 449/439/400 381/438/399 380/436/397
f 352/395/364 388/418/383 256/260/245
f 367/416/381 385/417/382 388/418/383
f 280/266/251 387/414/379 285/268/253
f 275/440/401 386/396/365 280/266/251
f 265/441/402 385/417/382 383/358/332
f 270/263/248 384/379/351 275/440/401
f 265/441/402 382/360/334 270/263/248
f 387/414/379 375/442/403 389/443/404
f 374/444/390 390/445/405 373/446/406
f 392/407/374 361/406/373 360/410/377
f 394/409/376 363/404/371 361/406/373
f 393/447/407 360/422/377 369/421/386
f 400/448/408 375/442/403 376/428/391
f 397/449/409 389/443/404 375/442/403
f 418/281/266 398/450/410 290/369/342
f 370/423/387 402/451/411 376/428/391
f 371/425/389 406/452/412 402/451/411
f 396/280/265 399/453/413 398/450/410
f 397/449/409 403/454/414 399/453/413
f 400/448/408 401/455/415 403/454/414
f 404/456/416 408/457/417 401/455/415
f 372/424/388 405/458/418 374/427/390
f 391/459/419 405/460/418 409/461/420
f 416/462/421 405/463/418 393/447/407
f 413/464/422 410/465/423 412/466/424
f 369/421/386 416/462/421 393/447/407
f 410/465/423 406/467/412 411/468/425
f 411/468/425 373/446/406 390/445/405
f 414/469/426 413/470/422 415/471/427
f 408/472/417 414/469/426 417/473/428
f 422/284/269 292/371/344 293/372/345
f 421/283/268 291/370/343 292/371/344
f 420/474/429 290/369/342 291/370/343
f 419/475/430 293/372/345 294/373/346
f 427/392/363 422/284/269 419/475/430
f 389/443/404 285/268/253 387/414/379
f 425/391/362 420/474/429 421/283/268
f 407/476/431 402/451/411 406/452/412
f 404/456/416 376/428/391 402/451/411
f 408/472/417 429/477/432 428/478/433
f 429/477/432 430/479/434 428/478/433
f 431/480/435 432/481/436 430/479/434
f 332/375/348 457/482/437 435/483/438
f 337/484/439 434/485/440 246/278/263
f 435/483/438 459/486/441 438/487/442
f 434/485/440 439/488/443 437/489/444
f 438/487/442 458/490/445 441/491/446
f 437/489/444 442/492/447 440/493/448
f 428/494/433 401/455/415 408/457/417
f 442/492/447 399/453/413 403/454/414
f 439/488/443 398/450/410 399/453/413
f 337/484/439 398/450/410 436/495/449
f 443/496/450 403/454/414 401/455/415
f 442/492/447 444/497/451 440/493/448
f 443/496/450 445/498/452 444/497/451
f 445/499/452 446/500/453 447/501/454
f 446/500/453 430/502/434 450/503/455
f 448/504/456 451/505/457 430/506/434
f 451/507/457 454/508/458 452/509/459
f 453/510/460 456/511/461 454/508/458
f 456/511/461 445/499/452 447/501/454
f 455/512/462 444/497/451 445/498/452
f 444/497/451 458/490/445 440/493/448
f 457/482/437 246/278/263 434/485/440
f 459/486/441 440/493/448 458/490/445
f 457/482/437 437/489/444 459/486/441
f 453/513/460 461/514/463 455/512/462
f 461/514/463 441/491/446 458/490/445
f 451/515/457 460/516/464 453/513/460
f 462/517/465 441/491/446 460/516/464
f 448/504/456 463/518/466 462/519/465
f 379/433/394 463/518/466 449/439/400
f 441/491/446 464/520/398 438/487/442
f 438/487/442 465/521/396 435/483/438
f 338/374/347 435/483/438 465/521/396
f 432/522/436 448/504/456 430/506/434
f 380/436/397 379/433/394 449/439/400
f 451/523/457 450/503/455 430/502/434
f 413/470/422 433/524/467 415/471/427
f 416/462/421 432/522/436 413/525/422
f 405/526/418 412/466/424 409/527/420
f 354/339/314 466/528/468 467/529/469
f 467/529/469 468/530/470 469/531/471
f 469/531/471 470/532/472 471/533/473
f 302/310/295 467/529/469 473/534/474
f 302/310/295 472/535/475 301/311/296
f 467/529/469 476/536/476 473/534/474
f 473/534/474 475/537/477 472/535/475
f 469/531/471 479/538/478 476/536/476
f 476/536/476 478/539/479 475/537/477
f 304/345/319 466/528/468 303/297/282
f 468/530/470 305/355/329 309/356/330
f 470/532/472 309/356/330 310/357/331
f 328/540/302 301/311/296 480/541/480
f 301/311/296 477/542/481 480/541/480
f 474/543/482 472/535/475 475/537/477
f 481/544/483 475/537/477 478/539/479
f 471/533/473 485/545/484 479/538/478
f 479/538/478 484/546/485 478/539/479
f 471/533/473 482/547/486 483/548/487
f 478/539/479 486/549/488 481/544/483
f 483/548/487 490/550/489 485/545/484
f 483/548/487 487/551/490 488/552/491
f 484/546/485 491/553/492 486/549/488
f 485/545/484 489/554/493 484/546/485
f 488/552/491 495/555/494 490/550/489
f 488/552/491 492/556/495 493/557/496
f 489/554/493 496/558/497 491/553/492
f 490/550/489 494/559/498 489/554/493
f 310/357/331 482/547/486 470/532/472
f 498/560/499 482/547/486 497/561/500
f 499/562/501 487/551/490 498/560/499
f 313/354/328 497/561/500 310/357/331
f 501/563/502 313/354/328 316/350/324
f 502/564/503 316/350/324 319/351/325
f 500/565/504 498/560/499 497/561/500
f 504/566/505 500/565/504 501/563/502
f 505/567/506 501/563/502 502/564/503
f 506/568/507 498/560/499 503/569/508
f 494/559/498 510/570/509 496/558/497
f 495/555/494 507/571/510 509/572/511
f 495/555/494 508/573/512 494/559/498
f 508/574/512 514/575/513 510/576/509
f 509/577/511 511/578/514 513/579/515
f 509/577/511 512/580/516 508/574/512
f 511/578/514 517/581/517 513/579/515
f 512/580/516 517/581/517 516/582/518
f 515/583/519 520/584/520 517/581/517
f 516/582/518 520/584/520 519/585/521
f 518/586/522 523/587/523 520/588/520
f 519/589/521 523/587/523 522/590/524
f 523/587/523 524/591/525 526/592/526
f 522/590/524 526/592/526 525/593/527
f 526/592/526 527/594/528 529/595/529
f 525/593/527 529/595/529 528/596/530
f 514/575/513 516/582/518 530/597/531
f 519/585/521 530/597/531 516/582/518
f 531/598/532 522/590/524 532/599/533
f 533/600/534 522/590/524 525/593/527
f 533/600/534 528/596/530 534/601/535
f 514/575/513 537/602/536 510/576/509
f 510/570/509 536/603/537 496/558/497
f 496/558/497 535/604/538 491/553/492
f 538/605/539 541/606/540 537/607/536
f 537/608/536 540/609/541 536/603/537
f 536/603/537 539/610/542 535/604/538
f 530/597/531 538/611/539 514/575/513
f 542/612/543 531/598/532 532/599/533
f 533/600/534 542/612/543 532/599/533
f 534/601/535 541/606/540 542/612/543
f 543/613/544 540/609/541 541/614/540
f 528/596/530 543/615/544 534/601/535
f 529/595/529 544/616/545 547/617/546
f 528/596/530 547/617/546 546/618/547
f 546/619/547 551/620/548 550/621/549
f 547/622/546 548/623/550 551/620/548
f 546/619/547 545/624/551 543/625/544
f 503/569/508 548/623/550 506/568/507
f 504/566/505 553/626/552 548/623/550
f 544/627/545 506/568/507 548/623/550
f 499/562/501 549/628/553 554/629/554
f 492/556/495 554/629/554 552/630/555
f 552/630/555 493/557/496 492/556/495
f 491/553/492 555/631/556 486/549/488
f 486/549/488 556/632/557 481/544/483
f 565/633/558 559/634/559 566/635/560
f 559/634/559 568/636/561 566/635/560
f 568/636/561 561/637/562 570/638/563
f 570/638/563 539/639/542 572/640/564
f 572/640/564 562/641/565 574/642/566
f 562/641/565 576/643/567 574/642/566
f 575/644/568 1623/645/569 1622/646/570
f 1636/647/571 577/648/572 1632/649/573
f 574/642/566 1632/649/573 1631/650/574
f 1621/651/575 575/644/568 1622/646/570
f 1631/650/574 573/652/576 1630/653/577
f 572/640/564 1631/650/574 1630/653/577
f 571/654/578 1621/651/575 1620/655/579
f 1629/656/580 573/652/576 571/654/578
f 1629/656/580 572/640/564 1630/653/577
f 569/657/581 1620/655/579 1619/658/582
f 568/636/561 1629/656/580 1628/659/583
f 567/660/584 1619/658/582 1603/661/585
f 567/660/584 1628/659/583 569/657/581
f 1613/662/586 568/636/561 1628/659/583
f 1603/661/585 580/663/587 579/664/588
f 1620/655/579 582/665/589 581/666/590
f 1619/658/582 581/666/590 580/663/587
f 1600/667/591 1363/668/592 1624/669/593
f 1623/645/569 583/670/594 1622/646/570
f 1622/646/570 582/665/589 1621/651/575
f 586/671/595 578/672/596 579/664/588
f 587/673/597 579/664/588 580/663/587
f 588/674/598 580/663/587 581/666/590
f 589/675/599 581/666/590 582/665/589
f 583/670/594 591/676/600 590/677/601
f 590/677/601 582/665/589 583/670/594
f 539/610/542 540/609/541 545/678/551
f 550/621/549 562/679/565 545/624/551
f 551/620/548 563/680/602 550/621/549
f 553/626/552 551/620/548 548/623/550
f 561/681/562 593/682/603 539/610/542
f 560/683/604 596/684/605 561/681/562
f 559/685/559 595/686/606 560/683/604
f 593/682/603 535/604/538 539/610/542
f 559/685/559 597/687/607 594/688/608
f 555/631/556 598/689/609 556/632/557
f 596/684/605 598/689/609 593/682/603
f 595/686/606 599/690/610 596/684/605
f 588/674/598 603/691/611 601/692/612
f 586/671/595 602/693/613 585/694/614
f 603/691/611 590/677/601 591/676/600
f 587/673/597 601/692/612 602/693/613
f 139/149/145 604/695/615 134/144/141
f 143/154/149 607/696/616 141/152/147
f 134/144/141 605/697/617 135/141/139
f 607/696/616 611/698/618 606/699/619
f 612/700/620 616/701/621 611/698/618
f 606/699/619 609/702/622 604/695/615
f 608/703/623 612/700/620 607/696/616
f 604/695/615 610/704/624 605/697/617
f 617/705/625 621/706/626 616/701/621
f 611/698/618 614/707/627 609/702/622
f 613/708/628 617/705/625 612/700/620
f 609/702/622 615/709/629 610/704/624
f 622/710/630 626/711/631 621/706/626
f 616/701/621 619/712/632 614/707/627
f 618/713/633 622/710/630 617/705/625
f 614/707/627 620/714/634 615/709/629
f 621/706/626 624/715/635 619/712/632
f 622/710/630 628/716/636 627/717/637
f 619/712/632 625/718/638 620/714/634
f 148/161/153 608/703/623 143/154/149
f 328/540/302 629/719/639 242/720/257
f 333/721/255 630/722/640 294/723/346
f 242/720/257 632/724/641 333/721/255
f 294/723/346 633/725/642 419/726/430
f 289/389/360 634/727/643 347/728/644
f 419/726/430 634/727/643 427/729/363
f 630/722/640 639/730/645 633/725/642
f 633/725/642 640/731/646 634/727/643
f 631/732/647 635/733/648 629/719/639
f 629/719/639 638/734/649 632/724/641
f 347/728/644 640/731/646 348/390/361
f 632/724/641 636/735/650 630/722/640
f 640/731/646 618/713/633 613/708/628
f 637/736/651 641/737/652 635/733/648
f 635/733/648 628/716/636 638/734/649
f 348/390/361 613/708/628 608/703/623
f 638/734/649 623/738/653 636/735/650
f 636/735/650 618/713/633 639/730/645
f 139/149/145 140/151/146 606/699/619
f 141/152/147 606/699/619 140/151/146
f 627/717/637 641/737/652 643/739/654
f 642/740/655 643/739/654 641/737/652
f 642/740/655 648/741/656 644/742/657
f 642/740/655 646/743/658 647/744/659
f 637/736/651 645/745/660 646/743/658
f 648/741/656 651/746/661 652/747/662
f 647/744/659 650/748/663 651/746/661
f 646/743/658 649/749/664 650/748/663
f 652/747/662 655/750/665 656/751/666
f 651/746/661 654/752/667 655/750/665
f 650/748/663 653/753/668 654/752/667
f 655/750/665 660/754/669 656/751/666
f 655/750/665 658/755/670 659/756/671
f 654/752/667 657/757/672 658/755/670
f 480/541/480 631/732/647 328/540/302
f 649/749/664 480/541/480 477/542/481
f 653/753/668 477/542/481 474/543/482
f 481/544/483 653/753/668 474/543/482
f 658/755/670 556/632/557 598/689/609
f 659/756/671 598/689/609 599/690/610
f 600/758/673 659/756/671 599/690/610
f 594/688/608 662/759/674 661/760/675
f 595/686/606 661/760/675 600/758/673
f 662/759/674 663/761/676 661/760/675
f 661/760/675 660/754/669 600/758/673
f 481/544/483 556/632/557 657/757/672
f 624/715/635 667/762/677 625/718/638
f 666/763/678 626/711/631 665/764/679
f 666/763/678 668/765/680 667/762/677
f 668/765/680 669/766/681 670/767/682
f 670/767/682 671/768/683 672/769/684
f 672/769/684 673/770/685 674/771/686
f 674/771/686 675/772/687 676/773/688
f 627/717/637 665/764/679 626/711/631
f 669/766/681 643/739/654 644/742/657
f 648/741/656 669/766/681 644/742/657
f 652/747/662 671/768/683 648/741/656
f 656/751/666 673/770/685 652/747/662
f 676/773/688 663/761/676 664/774/689
f 656/751/666 663/761/676 675/772/687
f 412/466/424 680/775/690 682/776/691
f 390/445/405 681/777/692 411/468/425
f 412/466/424 679/778/693 409/527/420
f 390/445/405 678/779/694 677/780/695
f 411/468/425 680/775/690 410/465/423
f 391/459/419 679/781/693 678/779/694
f 417/473/428 683/782/696 685/783/697
f 433/784/467 687/785/698 688/786/699
f 414/469/426 684/787/700 683/782/696
f 417/473/428 686/788/701 429/477/432
f 415/471/427 688/789/699 684/787/700
f 431/480/435 686/788/701 687/785/698
f 454/508/458 692/790/702 452/509/459
f 450/503/455 692/791/702 691/792/703
f 446/500/453 691/792/703 689/793/704
f 447/501/454 694/794/705 456/511/461
f 456/511/461 693/795/706 454/508/458
f 446/500/453 690/796/707 447/501/454
f 344/387/358 695/797/708 326/388/359
f 358/402/369 697/798/709 699/799/710
f 395/408/375 701/800/711 363/404/371
f 326/388/359 696/801/712 327/367/340
f 395/408/375 699/799/710 702/802/713
f 363/404/371 700/803/714 359/804/370
f 344/387/358 700/805/714 698/806/715
f 342/382/354 696/801/712 697/798/709
f 703/807/716 677/780/717 678/779/718
f 679/781/719 703/807/716 678/779/718
f 680/775/720 703/807/716 682/776/721
f 681/777/722 703/807/716 680/775/720
f 677/780/717 703/807/716 681/777/722
f 682/776/721 703/807/716 679/778/719
f 704/808/716 688/786/723 687/785/724
f 686/788/725 704/808/716 687/785/724
f 683/782/726 704/808/716 685/783/727
f 684/787/728 704/808/716 683/782/726
f 688/789/723 704/808/716 684/787/728
f 685/783/727 704/808/716 686/788/725
f 705/809/716 694/794/729 690/796/730
f 689/793/731 705/809/716 690/796/730
f 692/791/732 705/809/716 691/792/733
f 693/795/734 705/809/716 692/790/732
f 694/794/729 705/809/716 693/795/734
f 691/792/733 705/809/716 689/793/731
f 699/799/735 706/810/736 702/802/737
f 701/800/738 706/810/736 700/803/739
f 696/801/740 706/810/736 697/798/741
f 696/801/740 695/797/742 706/810/736
f 706/810/736 698/806/743 700/805/739
f 702/802/737 706/810/736 701/800/738
f 697/798/741 706/810/736 699/799/735
f 698/806/743 706/810/736 695/797/742
f 790/811/744 755/812/745 754/813/746
f 793/814/747 751/815/748 792/816/749
f 795/817/750 756/818/751 794/819/752
f 792/816/749 749/820/753 796/821/754
f 796/821/754 750/822/755 795/817/750
f 797/823/756 754/813/746 753/824/757
f 793/814/747 753/824/757 752/825/758
f 791/826/759 756/818/751 755/827/745
f 750/822/755 764/828/760 756/818/751
f 753/824/757 762/829/761 761/830/762
f 749/820/753 759/831/763 757/832/764
f 756/818/751 763/833/765 755/827/745
f 754/813/746 763/834/765 762/829/761
f 752/825/758 761/830/762 760/835/766
f 749/820/753 758/836/767 750/822/755
f 752/825/758 759/831/763 751/815/748
f 757/832/764 766/837/768 758/836/767
f 759/831/763 768/838/769 767/839/770
f 758/836/767 772/840/771 764/828/760
f 761/830/762 770/841/772 769/842/773
f 757/832/764 767/839/770 765/843/774
f 764/828/760 771/844/775 763/833/765
f 762/829/761 771/845/775 770/841/772
f 760/835/766 769/842/773 768/838/769
f 772/840/771 779/846/776 771/844/775
f 770/841/772 779/847/776 778/848/777
f 768/838/769 777/849/778 776/850/779
f 765/843/774 774/851/780 766/837/768
f 767/839/770 776/850/779 775/852/781
f 766/837/768 780/853/782 772/840/771
f 769/842/773 778/848/777 777/849/778
f 765/843/774 775/852/781 773/854/783
f 773/854/783 783/855/784 781/856/785
f 780/853/782 787/857/786 779/846/776
f 778/848/777 787/858/786 786/859/787
f 776/850/779 785/860/788 784/861/789
f 773/854/783 782/862/790 774/851/780
f 775/852/781 784/861/789 783/855/784
f 774/851/780 788/863/791 780/853/782
f 777/849/778 786/859/787 785/860/788
f 787/857/786 788/863/791 789/864/792
f 786/859/787 787/858/786 789/864/792
f 784/861/789 785/860/788 789/864/792
f 782/862/790 781/856/785 789/864/792
f 783/855/784 784/861/789 789/864/792
f 788/863/791 782/862/790 789/864/792
f 785/860/788 786/859/787 789/864/792
f 781/856/785 783/855/784 789/864/792
f 77/865/793 794/819/752 791/826/759
f 71/866/794 797/823/756 793/814/747
f 73/867/795 790/811/744 797/823/756
f 68/868/796 795/817/750 69/869/797
f 70/870/798 796/821/754 68/868/796
f 69/869/797 794/819/752 79/871/799
f 71/866/794 792/816/749 70/870/798
f 75/872/800 791/873/759 790/811/744
f 194/209/199 195/207/197 188/874/801
f 507/875/510 798/876/802 800/877/803
f 511/578/514 800/877/803 801/878/804
f 527/594/528 804/879/805 544/616/545
f 524/591/525 803/880/806 527/594/528
f 549/881/553 804/879/805 805/882/807
f 554/883/554 805/882/807 799/884/808
f 521/885/809 802/886/810 524/591/525
f 511/578/514 806/887/811 515/583/519
f 518/586/522 828/888/812 807/889/813
f 521/885/809 807/889/813 808/890/814
f 814/891/815 811/892/816 812/893/817
f 809/894/818 814/891/815 812/893/817
f 813/895/819 814/891/815 810/896/820
f 817/897/821 820/898/822 819/899/823
f 810/896/820 814/891/815 809/894/818
f 820/898/822 817/900/821 818/901/824
f 815/902/825 820/898/822 818/901/824
f 819/899/823 820/898/822 816/903/826
f 823/904/827 826/905/828 825/906/829
f 816/903/826 820/898/822 815/902/825
f 826/905/828 823/904/827 824/907/830
f 821/908/831 826/905/828 824/907/830
f 825/909/829 826/905/828 822/910/832
f 822/910/832 826/905/828 821/908/831
f 798/876/802 824/907/833 800/877/803
f 800/877/803 823/904/834 801/878/804
f 830/911/835 798/876/802 552/912/555
f 804/879/805 810/896/836 809/894/837
f 799/884/808 829/913/838 827/914/839
f 806/887/811 823/904/834 825/906/840
f 805/882/807 809/894/837 829/913/838
f 828/888/812 819/915/841 807/889/813
f 808/890/814 813/895/842 802/886/810
f 807/889/813 811/916/843 808/890/814
f 802/886/810 810/896/836 803/880/806
f 811/916/816 814/891/815 813/895/819
f 828/917/812 515/583/519 806/887/811
f 828/917/812 825/906/840 817/918/844
f 819/899/841 812/893/845 811/892/843
f 817/900/844 822/910/846 818/901/847
f 812/893/845 829/913/838 809/894/837
f 815/902/848 799/884/808 827/914/839
f 830/911/835 554/883/554 799/884/808
f 827/914/839 816/903/849 815/902/848
f 822/910/846 798/876/802 830/911/835
f 818/901/847 830/911/835 815/902/848
f 128/134/133 188/874/801 129/137/136
f 562/919/565 539/610/542 545/678/551
f 8/8/8 833/920/850 6/6/6
f 8/8/8 835/921/851 834/922/852
f 12/18/15 837/923/853 836/924/854
f 14/15/13 831/925/855 837/923/853
f 6/6/6 832/926/856 4/4/4
f 10/10/10 836/924/854 835/921/851
f 4/4/4 831/925/855 3/2/2
f 832/926/856 837/923/853 831/925/855
f 835/921/851 832/926/856 833/920/850
f 834/922/852 835/921/851 833/920/850
f 840/927/857 839/928/858 838/929/859
f 841/930/860 842/931/861 839/928/858
f 843/932/862 844/933/863 842/931/861
f 845/934/864 846/935/865 844/933/863
f 846/936/865 852/937/866 853/938/867
f 838/939/859 851/940/868 840/941/857
f 848/942/869 851/940/868 850/943/870
f 15/944/16 850/945/870 838/946/859
f 18/947/17 850/945/870 16/948/18
f 19/949/19 848/950/869 18/947/17
f 853/938/867 854/951/871 855/952/872
f 855/952/872 856/953/873 857/954/874
f 22/955/24 852/937/866 19/949/19
f 907/956/875 857/954/874 856/953/873
f 25/957/27 854/951/871 22/955/24
f 858/958/876 15/944/16 838/946/859
f 860/959/877 839/960/858 842/961/861
f 859/962/878 838/946/859 839/960/858
f 861/963/879 30/964/31 858/958/876
f 862/965/880 858/958/876 859/962/878
f 863/966/881 33/967/34 861/963/879
f 864/968/882 861/963/879 862/965/880
f 863/966/881 39/969/37 36/970/883
f 864/968/882 865/971/884 863/966/881
f 867/972/885 859/962/878 860/959/877
f 868/973/886 862/965/880 867/972/885
f 868/973/886 866/974/887 864/968/882
f 880/975/888 875/976/889 874/977/890
f 872/978/891 879/979/892 873/980/893
f 877/981/894 870/982/895 871/983/896
f 879/979/892 874/977/890 873/980/893
f 876/984/897 872/978/891 870/982/895
f 880/975/888 924/985/898 881/986/899
f 878/987/900 885/988/901 879/979/892
f 883/989/902 876/984/897 877/981/894
f 879/979/892 886/990/903 880/975/888
f 882/991/904 878/987/900 876/984/897
f 890/992/905 936/993/906 883/989/902
f 885/988/901 933/994/907 886/990/903
f 884/995/908 935/996/909 937/997/910
f 886/990/903 928/998/911 924/985/898
f 884/995/908 938/999/912 885/988/901
f 871/983/896 889/1000/913 877/981/894
f 889/1000/913 883/989/902 877/981/894
f 894/1001/914 943/1002/915 890/992/905
f 893/1003/916 890/992/905 889/1000/913
f 911/1004/917 945/1005/918 909/1006/919
f 892/1007/920 889/1000/913 888/1008/921
f 853/938/867 844/1009/863 846/936/865
f 855/952/872 887/1010/922 853/938/867
f 857/954/923 895/1011/924 855/952/925
f 895/1011/924 891/1012/926 855/952/925
f 900/1013/927 892/1007/928 898/1014/929
f 900/1013/927 901/1015/930 899/1016/931
f 902/1017/932 903/1018/933 901/1015/930
f 905/1019/934 896/1020/935 857/954/923
f 906/1021/936 903/1018/933 904/1022/937
f 905/1019/938 913/1023/939 912/1024/940
f 81/1025/93 856/953/873 25/957/27
f 893/1003/916 899/1016/941 908/1026/942
f 894/1001/914 908/1026/942 909/1006/919
f 901/1015/943 908/1026/942 899/1016/941
f 909/1006/919 910/1027/944 911/1004/917
f 909/1006/919 944/1028/945 894/1001/914
f 911/1004/917 947/1029/946 946/1030/947
f 88/1031/101 907/956/875 81/1025/93
f 953/1032/948 912/1024/940 913/1023/939
f 903/1018/949 912/1024/940 914/1033/950
f 915/1034/951 903/1018/949 914/1033/950
f 98/1035/107 925/1036/952 103/1037/121
f 916/1038/953 911/1004/917 910/1027/944
f 915/1034/951 910/1027/944 901/1015/943
f 865/971/884 95/1039/111 39/969/37
f 866/974/887 918/1040/954 865/971/884
f 918/1040/954 98/1035/107 95/1039/111
f 921/1041/955 918/1040/954 919/1042/956
f 875/976/889 922/1043/957 869/1044/958
f 869/1044/958 919/1042/956 866/974/887
f 881/986/899 923/1045/959 922/1043/957
f 922/1043/957 921/1041/955 919/1042/956
f 897/1046/960 892/1007/928 891/1012/926
f 891/1012/961 888/1008/921 887/1010/922
f 844/1009/863 888/1008/921 871/983/896
f 867/972/885 874/977/890 868/973/886
f 871/983/896 842/961/861 844/1009/863
f 842/961/861 872/978/891 860/959/877
f 860/959/877 873/980/893 867/972/885
f 868/973/886 875/976/889 869/1044/958
f 920/1047/962 926/1048/963 925/1036/952
f 923/1045/959 926/1048/963 921/1041/955
f 924/985/898 927/1049/964 923/1045/959
f 929/1050/965 103/1037/121 925/1036/952
f 930/1051/966 925/1036/952 926/1048/963
f 928/998/911 931/1052/967 927/1049/964
f 927/1049/964 930/1051/966 926/1048/963
f 933/994/907 932/1053/968 928/998/911
f 938/999/912 934/1054/969 933/994/907
f 939/1055/970 937/997/910 935/996/909
f 937/997/910 942/1056/971 938/999/912
f 940/1057/972 935/996/909 936/993/906
f 944/1028/945 948/1058/973 943/1002/915
f 952/1059/974 946/1030/947 947/1029/946
f 946/1030/947 950/1060/975 945/1005/918
f 945/1005/918 949/1061/976 944/1028/945
f 940/1057/972 943/1002/915 948/1058/973
f 882/991/904 936/993/906 935/996/909
f 133/1062/138 913/1023/939 88/1031/101
f 135/1063/139 953/1064/948 133/1065/138
f 954/1066/977 955/1067/978 953/1064/948
f 915/1034/951 964/1068/979 916/1038/953
f 955/1069/978 914/1033/950 912/1024/940
f 958/1070/980 956/1071/981 955/1067/978
f 959/1072/982 957/1073/983 956/1071/981
f 960/1074/984 961/1075/985 957/1073/983
f 915/1034/951 956/1076/981 957/1077/983
f 957/1077/983 963/1078/986 964/1068/979
f 917/1079/987 963/1078/986 961/1080/985
f 916/1038/953 964/1068/979 963/1078/986
f 947/1029/946 966/1081/988 952/1059/974
f 917/1079/987 965/1082/989 947/1029/946
f 967/1083/990 966/1084/988 965/1085/989
f 962/1086/991 965/1085/989 961/1075/985
f 931/1052/967 970/1087/992 930/1051/966
f 975/1088/993 934/1054/969 942/1056/971
f 932/1053/968 971/1089/994 931/1052/967
f 974/1090/995 942/1056/971 941/1091/996
f 970/1087/992 929/1050/965 930/1051/966
f 973/1092/997 941/1091/996 939/1055/970
f 934/1054/969 972/1093/998 932/1053/968
f 972/1093/998 977/1094/999 971/1089/994
f 976/1095/1000 151/171/162 970/1087/992
f 977/1094/999 970/1087/992 971/1089/994
f 978/1096/1001 158/173/164 976/1095/1000
f 977/1094/999 978/1096/1001 976/1095/1000
f 980/1097/1002 161/176/167 978/1096/1001
f 979/1098/1003 980/1097/1002 978/1096/1001
f 980/1097/1002 167/179/170 164/1099/1004
f 983/1100/1005 980/1097/1002 981/1101/1006
f 969/1102/1007 979/1098/1003 977/1094/999
f 979/1098/1003 974/1090/995 981/1101/1006
f 973/1092/997 981/1101/1006 974/1090/995
f 982/1103/1008 170/182/173 167/179/170
f 983/1100/1005 984/1104/1009 982/1103/1008
f 984/1104/1009 173/185/176 170/182/173
f 985/1105/1010 986/1106/1011 984/1104/1009
f 988/1107/1012 173/185/176 986/1106/1011
f 987/1108/1013 988/1107/1012 986/1106/1011
f 990/1109/1014 176/190/181 988/1107/1012
f 989/1110/1015 990/1109/1014 988/1107/1012
f 990/1109/1014 182/193/184 179/1111/1016
f 993/1112/1017 990/1109/1014 991/1113/1018
f 994/1114/1019 939/1055/970 940/1057/972
f 973/1092/997 985/1105/1010 983/1100/1005
f 948/1058/973 994/1114/1019 940/1057/972
f 949/1061/976 995/1115/1020 948/1058/973
f 987/1108/1013 994/1114/1019 995/1115/1020
f 996/1116/1021 987/1108/1013 995/1115/1020
f 1000/1117/1022 952/1059/974 966/1081/988
f 999/1118/1023 951/1119/1024 952/1059/974
f 998/1120/1025 950/1060/975 951/1119/1024
f 968/1121/1026 1000/1122/1022 966/1123/988
f 1000/1117/1022 1006/1124/1027 999/1118/1023
f 998/1120/1025 1004/1125/1028 997/1126/1029
f 1006/1124/1027 998/1120/1025 999/1118/1023
f 1003/1127/1030 989/1110/1015 996/1116/1021
f 1005/1128/1031 1010/1129/1032 1004/1125/1028
f 1012/1130/1033 1005/1128/1031 1006/1124/1027
f 1009/1131/1034 1002/1132/1035 1003/1127/1030
f 1007/1133/1036 1012/1130/1033 1006/1124/1027
f 1004/1125/1028 1009/1131/1034 1003/1127/1030
f 1018/1134/1037 1011/1135/1038 1012/1130/1033
f 1015/1136/1039 1008/1137/1040 1009/1131/1034
f 1013/1138/1041 1018/1134/1037 1012/1130/1033
f 1016/1139/1042 1009/1131/1034 1010/1129/1032
f 1017/1140/1043 1010/1129/1032 1011/1135/1038
f 1021/1141/1044 1014/1142/1045 1015/1136/1039
f 1019/1143/1046 1024/1144/1047 1018/1134/1037
f 1016/1139/1042 1021/1141/1044 1015/1136/1039
f 1023/1145/1048 1016/1139/1042 1017/1140/1043
f 1024/1144/1047 1017/1140/1043 1018/1134/1037
f 220/228/218 1022/1146/1049 1023/1145/1048
f 221/229/219 1023/1145/1048 1024/1144/1047
f 1021/1141/1044 217/230/220 1020/1147/1050
f 1025/1148/1051 221/229/219 1024/1144/1047
f 219/233/223 1021/1141/1044 1022/1146/1049
f 217/230/220 1028/1149/1052 1020/1147/1050
f 1020/1147/1050 1027/1150/1053 1014/1142/1045
f 1014/1142/1045 1026/1151/1054 1008/1137/1040
f 1029/1152/1055 1008/1137/1040 1026/1151/1054
f 1028/1149/1052 1031/1153/1056 1027/1150/1053
f 1026/1151/1054 1033/1154/1057 1029/1152/1055
f 226/235/225 1032/1155/1058 1028/1149/1052
f 1031/1153/1056 1026/1151/1054 1027/1150/1053
f 991/1113/1018 1002/1132/1035 1029/1152/1055
f 993/1112/1017 1029/1152/1055 1033/1154/1057
f 231/244/234 1034/1156/1059 1032/1155/1058
f 1034/1156/1059 1031/1153/1056 1032/1155/1058
f 234/246/236 1035/1157/1060 1034/1156/1059
f 1035/1157/1060 1030/1158/1061 1034/1156/1059
f 993/1112/1017 1035/1157/1060 992/1159/1062
f 992/1159/1062 236/248/238 182/193/184
f 1001/1160/1063 1007/1161/1036 1000/1122/1022
f 1013/1162/1041 1036/1163/1064 1037/1164/1065
f 1019/1165/1046 1037/1164/1065 1038/1166/1066
f 1025/1167/1051 1038/1166/1066 1039/1168/1067
f 241/256/242 1025/1167/1051 1039/1168/1067
f 847/1169/1068 848/942/869 846/935/865
f 929/1050/965 151/171/162 108/1170/243
f 1145/1171/1069 1054/1172/1070 1146/1173/1071
f 1064/1174/1072 1068/1175/1073 1063/1176/1074
f 1074/1177/1075 1068/1175/1073 1069/1178/1076
f 1074/1177/1075 1078/1179/1077 1073/1180/1078
f 1079/1181/1079 1083/1182/1080 1078/1179/1077
f 1127/1183/1081 1041/1184/1082 1128/1185/1083
f 1041/1184/1082 1129/1186/1084 1128/1185/1083
f 1129/1186/1084 1043/1187/1085 1130/1188/1086
f 1130/1188/1086 1044/1189/1087 1131/1190/1088
f 1190/1191/1089 1217/1192/1090 1212/1193/1091
f 1218/1194/1092 1215/1195/1093 1219/1196/1094
f 1220/1197/1095 1212/1193/1091 1217/1192/1090
f 1081/1198/1096 1085/1199/1097 1080/1200/1098
f 1080/1200/1098 1084/1201/1099 1079/1181/1079
f 1066/1202/1100 1062/1203/1101 1067/1204/1102
f 1076/1205/1103 1080/1200/1098 1075/1206/1104
f 1075/1206/1104 1079/1181/1079 1074/1177/1075
f 1098/1207/1105 1095/1208/1106 1062/1209/1101
f 1076/1205/1103 1070/1210/1107 1071/1211/1108
f 1075/1206/1104 1069/1178/1076 1070/1210/1107
f 1071/1211/1108 1065/1212/1109 1066/1202/1100
f 1070/1210/1107 1064/1174/1072 1065/1212/1109
f 1066/1202/1100 1060/1213/1110 1061/1214/1111
f 1065/1212/1109 1059/1215/1112 1060/1213/1110
f 1064/1174/1072 1058/1216/1113 1059/1215/1112
f 1061/1214/1111 1056/1217/1114 1057/1218/1115
f 1060/1213/1110 1055/1219/1116 1056/1217/1114
f 1059/1215/1112 1054/1172/1070 1055/1219/1116
f 1143/1220/1117 1056/1217/1114 1144/1221/1118
f 1144/1221/1118 1055/1219/1116 1145/1171/1069
f 1048/1222/1119 1100/1223/1120 1053/1224/1121
f 1053/1225/1121 1047/1226/1122 1048/1227/1119
f 1047/1226/1122 1051/1228/1123 1046/1229/1124
f 1048/1230/1119 1123/1231/1125 1122/1232/1126
f 1123/1231/1125 1046/1233/1124 1124/1234/1127
f 1124/1234/1127 1045/1235/1128 1125/1236/1129
f 1067/1237/1102 1095/1208/1106 1094/1238/1130
f 1072/1239/1131 1094/1238/1130 1093/1240/1132
f 1096/1241/1133 1072/1239/1131 1093/1240/1132
f 1082/1242/1134 1096/1243/1133 1097/1244/1135
f 1097/1244/1135 968/1245/1026 967/1083/990
f 968/1121/1026 1093/1240/1132 1001/1160/1063
f 1093/1240/1132 1036/1163/1064 1001/1160/1063
f 1094/1238/1130 1037/1164/1065 1036/1163/1064
f 1066/1202/1100 1072/1246/1131 1071/1211/1108
f 1071/1211/1108 1077/1247/1136 1076/1205/1103
f 1081/1198/1096 1077/1247/1136 1082/1248/1134
f 1061/1214/1111 1098/1249/1105 1062/1203/1101
f 1147/1250/1137 1057/1218/1115 1143/1220/1117
f 1086/1251/1138 1082/1248/1134 1087/1252/1139
f 1148/1253/1140 1098/1207/1105 1147/1254/1137
f 1101/1255/1141 1037/1164/1065 1095/1208/1106
f 1039/1168/1067 308/342/316 241/256/242
f 1104/1256/1142 1039/1168/1067 1038/1166/1066
f 1102/1257/1143 1038/1166/1066 1037/1164/1065
f 1105/1258/1144 317/346/320 308/342/316
f 1112/1259/1145 317/346/320 1111/1260/1146
f 1113/1261/1147 318/349/323 1112/1259/1145
f 1108/1262/1148 1105/1258/1144 1104/1256/1142
f 1109/1263/1149 1111/1260/1146 1108/1262/1148
f 1110/1264/1150 1112/1259/1145 1109/1263/1149
f 1104/1256/1142 1103/1265/1151 1108/1262/1148
f 1106/1266/1152 1108/1262/1148 1103/1265/1151
f 1107/1267/1153 1109/1263/1149 1106/1266/1152
f 1115/1268/1154 1177/1269/1155 1176/1270/1156
f 1117/1271/1157 1114/1272/1158 1115/1268/1154
f 1119/1273/1159 1116/1274/1160 1117/1275/1157
f 1121/1276/1161 1118/1277/1162 1119/1273/1159
f 1125/1236/1129 1044/1189/1087 1043/1187/1085
f 1042/1278/1163 1125/1236/1129 1043/1187/1085
f 1041/1184/1082 1124/1234/1127 1042/1278/1163
f 1040/1279/1164 1123/1231/1125 1041/1184/1082
f 1130/1188/1086 1088/1280/1165 1089/1281/1166
f 1090/1282/1167 1130/1188/1086 1089/1281/1166
f 1091/1283/1168 1129/1186/1084 1090/1282/1167
f 1092/1284/1169 1128/1185/1083 1091/1283/1168
f 1125/1236/1129 1132/1285/1170 1126/1286/1171
f 1046/1229/1124 1050/1287/1172 1045/1288/1128
f 1133/1289/1173 1176/1270/1156 1178/1290/1174
f 1115/1268/1154 1134/1291/1175 1117/1271/1157
f 1135/1292/1176 1117/1275/1157 1134/1293/1175
f 1136/1294/1177 1119/1273/1159 1135/1292/1176
f 1177/1269/1155 1137/1295/1178 1179/1296/1179
f 1114/1272/1158 1139/1297/1180 1137/1295/1178
f 1140/1298/1181 1116/1274/1160 1118/1277/1162
f 1138/1299/1182 1118/1277/1162 1120/1300/1183
f 1097/1244/1135 1087/1301/1139 1082/1242/1134
f 1097/1244/1135 1142/1302/1184 1141/1303/1185
f 1084/1201/1099 1217/1192/1090 1083/1182/1080
f 1085/1199/1097 1220/1197/1095 1084/1201/1099
f 1086/1251/1138 1219/1196/1094 1085/1199/1097
f 1221/1304/1186 1086/1251/1138 1087/1252/1139
f 1053/1224/1121 1148/1253/1140 1147/1254/1137
f 1053/1225/1121 1143/1220/1117 1052/1305/1187
f 1051/1228/1123 1145/1171/1069 1050/1287/1172
f 1052/1305/1187 1144/1221/1118 1051/1228/1123
f 1050/1287/1172 1146/1173/1071 1049/1306/1188
f 1180/1307/1189 1133/1289/1173 1178/1290/1174
f 1150/1308/1190 1134/1291/1175 1133/1289/1173
f 1149/1309/1191 1134/1293/1175 1151/1310/1192
f 1135/1292/1176 1152/1311/1193 1136/1294/1177
f 1153/1312/1194 1140/1298/1181 1138/1299/1182
f 1156/1313/1195 1157/1314/1196 1155/1315/1197
f 1186/1316/1198 1149/1309/1191 1151/1310/1192
f 1149/1309/1191 1189/1317/1199 1152/1311/1193
f 1156/1313/1195 1154/1318/1200 1158/1319/1201
f 1139/1320/1180 1156/1321/1195 1158/1322/1201
f 1159/1323/1202 1180/1307/1189 1181/1324/1203
f 1158/1325/1201 1137/1295/1178 1139/1297/1180
f 1054/1172/1070 1179/1296/1179 1182/1326/1204
f 1161/1327/1205 1172/1328/1206 1182/1326/1204
f 1161/1327/1205 1160/1329/1207 1162/1330/1208
f 1158/1325/1201 1163/1331/1209 1160/1329/1207
f 1164/1332/1210 1150/1308/1190 1159/1323/1202
f 1164/1332/1210 1166/1333/1211 1151/1334/1192
f 1166/1333/1211 1186/1335/1198 1151/1334/1192
f 1168/1336/1212 1165/1337/1213 1167/1338/1214
f 1170/1339/1215 1159/1323/1202 1169/1340/1216
f 1146/1173/1071 1171/1341/1217 1049/1306/1188
f 1045/1288/1128 1049/1306/1188 1132/1342/1170
f 1172/1328/1206 1173/1343/1218 1171/1341/1217
f 1049/1306/1188 1259/1344/1219 1132/1342/1170
f 1162/1330/1208 1174/1345/1220 1173/1343/1218
f 1171/1341/1217 1258/1346/1221 1259/1344/1219
f 1160/1329/1207 1175/1347/1222 1174/1345/1220
f 1175/1347/1222 1243/1348/1223 1174/1345/1220
f 1182/1326/1204 1146/1173/1071 1054/1172/1070
f 1161/1327/1205 1179/1296/1179 1137/1295/1178
f 1181/1324/1203 1078/1179/1077 1083/1182/1080
f 1180/1307/1189 1073/1180/1078 1078/1179/1077
f 1063/1176/1074 1179/1296/1179 1058/1216/1113
f 1178/1290/1174 1068/1175/1073 1073/1180/1078
f 1176/1270/1156 1063/1176/1074 1068/1175/1073
f 1169/1340/1216 1181/1324/1203 1183/1349/1224
f 1184/1350/1225 1168/1351/1212 1167/1352/1214
f 1186/1316/1198 1155/1315/1197 1188/1353/1226
f 1188/1353/1226 1157/1314/1196 1189/1317/1199
f 1187/1354/1227 1154/1355/1200 1186/1356/1198
f 1194/1357/1228 1169/1340/1216 1191/1358/1229
f 1183/1349/1224 1191/1358/1229 1169/1340/1216
f 1192/1359/1230 1212/1193/1091 1088/1280/1165
f 1196/1360/1231 1164/1332/1210 1170/1339/1215
f 1200/1361/1232 1165/1337/1213 1196/1360/1231
f 1193/1362/1233 1190/1191/1089 1192/1359/1230
f 1197/1363/1234 1191/1358/1229 1193/1362/1233
f 1195/1364/1235 1194/1357/1228 1197/1363/1234
f 1202/1365/1236 1198/1366/1237 1195/1364/1235
f 1166/1333/1211 1199/1367/1238 1187/1368/1227
f 1185/1369/1239 1199/1370/1238 1168/1351/1212
f 1199/1371/1238 1210/1372/1240 1187/1354/1227
f 1204/1373/1241 1207/1374/1242 1206/1375/1243
f 1163/1331/1209 1210/1372/1240 1175/1347/1222
f 1204/1373/1241 1200/1376/1232 1201/1377/1244
f 1205/1378/1245 1167/1352/1214 1200/1376/1232
f 1207/1379/1242 1208/1380/1246 1209/1381/1247
f 1202/1382/1236 1208/1380/1246 1201/1383/1244
f 1216/1384/1248 1090/1282/1167 1215/1195/1093
f 1215/1195/1093 1089/1281/1166 1214/1385/1249
f 1214/1385/1249 1088/1280/1165 1212/1193/1091
f 1213/1386/1250 1091/1283/1168 1216/1384/1248
f 1221/1304/1186 1216/1384/1248 1218/1194/1092
f 1183/1349/1224 1083/1182/1080 1217/1192/1090
f 1219/1196/1094 1214/1385/1249 1220/1197/1095
f 1201/1387/1244 1196/1360/1231 1198/1366/1237
f 1198/1366/1237 1170/1339/1215 1194/1357/1228
f 1202/1382/1236 1223/1388/1251 1211/1389/1252
f 1224/1390/1253 1223/1388/1251 1222/1391/1254
f 1225/1392/1255 1226/1393/1256 1227/1394/1257
f 1126/1286/1171 1251/1395/1258 1044/1189/1087
f 1228/1396/1259 1131/1190/1088 1044/1189/1087
f 1229/1397/1260 1253/1398/1261 1251/1395/1258
f 1228/1396/1259 1233/1399/1262 1230/1400/1263
f 1232/1401/1264 1252/1402/1265 1253/1398/1261
f 1231/1403/1266 1236/1404/1267 1233/1399/1262
f 1195/1364/1235 1222/1405/1254 1202/1365/1236
f 1236/1404/1267 1193/1362/1233 1233/1399/1262
f 1233/1399/1262 1192/1359/1230 1230/1400/1263
f 1192/1359/1230 1131/1190/1088 1230/1400/1263
f 1197/1363/1234 1237/1406/1268 1195/1364/1235
f 1238/1407/1269 1236/1404/1267 1234/1408/1270
f 1239/1409/1271 1237/1406/1268 1238/1407/1269
f 1239/1410/1271 1240/1411/1272 1222/1412/1254
f 1240/1411/1272 1224/1413/1253 1222/1412/1254
f 1242/1414/1273 1245/1415/1274 1256/1416/1275
f 1248/1417/1276 1245/1418/1274 1246/1419/1277
f 1250/1420/1278 1247/1421/1279 1248/1417/1276
f 1239/1410/1271 1250/1420/1278 1241/1422/1280
f 1238/1407/1269 1249/1423/1281 1239/1409/1271
f 1238/1407/1269 1252/1402/1265 1255/1424/1282
f 1251/1395/1258 1228/1396/1259 1044/1189/1087
f 1234/1408/1270 1253/1398/1261 1252/1402/1265
f 1231/1403/1266 1251/1395/1258 1253/1398/1261
f 1255/1424/1282 1247/1425/1279 1249/1423/1281
f 1235/1426/1283 1255/1424/1282 1252/1402/1265
f 1254/1427/1284 1245/1428/1274 1247/1425/1279
f 1235/1426/1283 1256/1429/1275 1254/1427/1284
f 1242/1414/1273 1257/1430/1285 1243/1348/1223
f 1173/1343/1218 1257/1430/1285 1258/1346/1221
f 1258/1431/1221 1235/1426/1283 1232/1401/1264
f 1259/1432/1219 1232/1401/1264 1229/1397/1260
f 1132/1285/1170 1229/1397/1260 1126/1286/1171
f 1242/1414/1273 1226/1433/1256 1224/1434/1253
f 1174/1345/1220 1243/1348/1223 1173/1343/1218
f 1245/1435/1274 1244/1436/1286 1246/1437/1277
f 1227/1438/1257 1207/1379/1242 1209/1381/1247
f 1226/1433/1256 1210/1372/1240 1207/1439/1242
f 1199/1440/1238 1206/1375/1243 1207/1374/1242
f 1148/1253/1140 1260/1441/1287 1101/1255/1141
f 1261/1442/1288 1262/1443/1289 1260/1441/1287
f 1263/1444/1290 1264/1445/1291 1262/1443/1289
f 1100/1223/1120 1261/1442/1288 1148/1253/1140
f 1266/1446/1292 1100/1223/1120 1099/1447/1293
f 1270/1448/1294 1261/1442/1288 1267/1449/1295
f 1269/1450/1296 1267/1449/1295 1266/1446/1292
f 1273/1451/1297 1263/1444/1290 1270/1448/1294
f 1272/1452/1298 1270/1448/1294 1269/1450/1296
f 1260/1441/1287 1102/1257/1143 1101/1255/1141
f 1103/1265/1151 1262/1443/1289 1106/1266/1152
f 1106/1266/1152 1264/1445/1291 1107/1267/1153
f 1122/1453/1126 1099/1447/1293 1048/1222/1119
f 1271/1454/1299 1099/1447/1293 1274/1455/1300
f 1266/1446/1292 1268/1456/1301 1269/1450/1296
f 1275/1457/1302 1269/1450/1296 1268/1456/1301
f 1279/1458/1303 1265/1459/1304 1273/1451/1297
f 1278/1460/1305 1273/1451/1297 1272/1452/1298
f 1265/1459/1304 1276/1461/1306 1264/1445/1291
f 1280/1462/1307 1272/1452/1298 1275/1457/1302
f 1284/1463/1308 1277/1464/1309 1279/1458/1303
f 1277/1464/1309 1281/1465/1310 1276/1461/1306
f 1285/1466/1311 1278/1460/1305 1280/1462/1307
f 1283/1467/1312 1279/1458/1303 1278/1460/1305
f 1289/1468/1313 1282/1469/1314 1284/1463/1308
f 1282/1469/1314 1286/1470/1315 1281/1465/1310
f 1290/1471/1316 1283/1467/1312 1285/1466/1311
f 1288/1472/1317 1284/1463/1308 1283/1467/1312
f 1107/1267/1153 1276/1461/1306 1291/1473/1318
f 1276/1461/1306 1292/1474/1319 1291/1473/1318
f 1281/1465/1310 1293/1475/1320 1292/1474/1319
f 1110/1264/1150 1291/1473/1318 1294/1476/1321
f 1110/1264/1150 1295/1477/1322 1113/1261/1147
f 1113/1261/1147 502/564/503 319/351/325
f 1294/1476/1321 1292/1474/1319 1296/1478/1323
f 1294/1476/1321 1297/1479/1324 1295/1477/1322
f 1295/1477/1322 505/567/506 502/564/503
f 1292/1474/1319 1298/1480/1325 1296/1478/1323
f 1302/1481/1326 1288/1472/1317 1290/1471/1316
f 1289/1468/1313 1299/1482/1327 1287/1483/1328
f 1300/1484/1329 1289/1468/1313 1288/1472/1317
f 1306/1485/1330 1300/1486/1329 1302/1487/1326
f 1301/1488/1331 1303/1489/1332 1299/1490/1327
f 1304/1491/1333 1301/1488/1331 1300/1486/1329
f 1309/1492/1334 1303/1489/1332 1305/1493/1335
f 1304/1491/1333 1309/1492/1334 1305/1493/1335
f 1312/1494/1336 1307/1495/1337 1309/1492/1334
f 1308/1496/1338 1312/1494/1336 1309/1492/1334
f 1315/1497/1339 1310/1498/1340 1312/1499/1336
f 1311/1500/1341 1315/1497/1339 1312/1499/1336
f 1315/1497/1339 1316/1501/1342 1313/1502/1343
f 1314/1503/1344 1318/1504/1345 1315/1497/1339
f 1318/1504/1345 1319/1505/1346 1316/1501/1342
f 1317/1506/1347 1321/1507/1348 1318/1504/1345
f 1306/1485/1330 1308/1496/1338 1304/1491/1333
f 1311/1508/1341 1322/1509/1349 1323/1510/1350
f 1324/1511/1351 1311/1500/1341 1323/1512/1350
f 1314/1503/1344 1325/1513/1352 1317/1506/1347
f 1320/1514/1353 1325/1513/1352 1326/1515/1354
f 1329/1516/1355 1306/1485/1330 1302/1487/1326
f 1328/1517/1356 1302/1481/1326 1290/1471/1316
f 1327/1518/1357 1290/1471/1316 1285/1466/1311
f 1333/1519/1358 1330/1520/1359 1329/1521/1355
f 1332/1522/1360 1329/1523/1355 1328/1517/1356
f 1331/1524/1361 1328/1517/1356 1327/1518/1357
f 1330/1525/1359 1322/1509/1349 1306/1485/1330
f 1323/1512/1350 1334/1526/1362 1324/1511/1351
f 1334/1526/1362 1325/1513/1352 1324/1511/1351
f 1333/1519/1358 1326/1515/1354 1334/1526/1362
f 1332/1522/1360 1335/1527/1363 1333/1528/1358
f 1335/1529/1363 1320/1514/1353 1326/1515/1354
f 1321/1507/1348 1336/1530/1364 1319/1505/1346
f 1320/1514/1353 1339/1531/1365 1321/1507/1348
f 1338/1532/1366 1343/1533/1367 1339/1534/1365
f 1339/1534/1365 1340/1535/1368 1336/1536/1364
f 1337/1537/1369 1338/1532/1366 1335/1538/1363
f 1296/1478/1323 1340/1535/1368 1297/1479/1324
f 1297/1479/1324 553/626/552 505/567/506
f 1336/1536/1364 1298/1480/1325 1341/1539/1370
f 1293/1475/1320 1341/1539/1370 1298/1480/1325
f 1286/1470/1315 1345/1540/1371 1293/1475/1320
f 1287/1483/1328 1344/1541/1372 1286/1470/1315
f 1285/1466/1311 1346/1542/1373 1327/1518/1357
f 1280/1462/1307 1347/1543/1374 1346/1542/1373
f 565/1544/558 1348/1545/1375 558/1546/1376
f 1354/1547/1377 1348/1545/1375 1352/1548/1378
f 1354/1547/1377 1350/1549/1379 1349/1550/1380
f 1356/1551/1381 1331/1552/1361 1350/1549/1379
f 1358/1553/1382 1351/1554/1383 1331/1552/1361
f 576/643/567 1351/1554/1383 1360/1555/1384
f 1623/645/569 1361/1556/1385 1627/1557/1386
f 564/1558/1387 567/660/584 1606/1559/1388
f 1632/649/573 1360/1555/1384 1636/647/571
f 1626/1560/1389 1361/1556/1385 1359/1561/1390
f 1636/647/571 1359/1561/1390 1361/1556/1385
f 1636/647/571 1358/1553/1382 1635/1562/1391
f 1626/1560/1389 1357/1563/1392 1625/1564/1393
f 1634/1565/1394 1359/1561/1390 1635/1562/1391
f 1634/1565/1394 1358/1553/1382 1356/1551/1381
f 1625/1564/1393 1355/1566/1395 1624/669/593
f 1631/650/574 577/648/572 575/644/568
f 1634/1565/1394 1354/1547/1377 1633/1567/1396
f 1624/669/593 1353/1568/1397 1600/667/591
f 1633/1567/1396 1353/1568/1397 1355/1566/1395
f 1610/1569/1398 1354/1547/1377 1352/1548/1378
f 1625/1564/1393 1365/1570/1399 1626/1560/1389
f 1624/669/593 1364/1571/1400 1625/1564/1393
f 1610/1569/1398 1606/1572/1388 1353/1568/1397
f 579/664/588 557/1573/1401 1603/661/585
f 1623/645/569 1366/1574/1402 584/1575/1403
f 1627/1557/1386 1365/1570/1399 1366/1574/1402
f 578/1576/596 1367/1577/1404 1362/1578/1405
f 1362/1578/1405 1368/1579/1406 1363/668/592
f 1363/668/592 1369/1580/1407 1364/1571/1400
f 1364/1571/1400 1370/1581/1408 1365/1570/1399
f 1366/1574/1402 591/676/600 584/1575/1403
f 1365/1570/1399 1371/1582/1409 1366/1574/1402
f 1331/1524/1361 1337/1583/1369 1332/1522/1360
f 1351/1584/1383 1342/1585/1410 1337/1537/1369
f 1343/1533/1367 563/680/602 592/1586/1411
f 553/626/552 1343/1533/1367 592/1586/1411
f 1372/1587/1412 1350/1588/1379 1331/1524/1361
f 1375/1589/1413 1349/1590/1380 1350/1588/1379
f 1374/1591/1414 1348/1592/1375 1349/1590/1380
f 1327/1518/1357 1372/1587/1412 1331/1524/1361
f 1348/1592/1375 597/1593/607 558/1594/1376
f 1376/1595/1415 1346/1542/1373 1347/1543/1374
f 1375/1589/1413 1376/1595/1415 1377/1596/1416
f 1374/1591/1414 1377/1596/1416 1378/1597/1417
f 603/1598/611 1369/1580/1407 601/1599/612
f 602/1600/613 1367/1577/1404 585/1601/614
f 603/1598/611 1371/1582/1409 1370/1581/1408
f 601/1599/612 1368/1579/1406 602/1600/613
f 1379/1602/1418 958/1070/980 954/1066/977
f 1381/1603/1419 962/1086/991 960/1074/984
f 605/1604/617 954/1066/977 135/1063/139
f 1384/1605/1420 1381/1603/1419 1380/1606/1421
f 1388/1607/1422 1385/1608/1423 1384/1605/1420
f 1383/1609/1424 1380/1606/1421 1379/1602/1418
f 1385/1608/1423 1382/1610/1425 1381/1603/1419
f 610/1611/624 1379/1602/1418 605/1604/617
f 1392/1612/1426 1389/1613/1427 1388/1607/1422
f 1387/1614/1428 1384/1605/1420 1383/1609/1424
f 1389/1613/1427 1386/1615/1429 1385/1608/1423
f 615/1616/629 1383/1609/1424 610/1611/624
f 1396/1617/1430 1393/1618/1431 1392/1612/1426
f 1391/1619/1432 1388/1607/1422 1387/1614/1428
f 1393/1618/1431 1390/1620/1433 1389/1613/1427
f 620/1621/634 1387/1614/1428 615/1616/629
f 1395/1622/1434 1392/1612/1426 1391/1619/1432
f 1393/1618/1431 1398/1623/1435 1394/1624/1436
f 625/1625/638 1391/1619/1432 620/1621/634
f 1382/1610/1425 967/1083/990 962/1086/991
f 1399/1626/1437 1122/1453/1126 1040/1627/1164
f 1400/1628/1438 1127/1629/1081 1092/1630/1169
f 1402/1631/1439 1040/1627/1164 1127/1629/1081
f 1403/1632/1440 1092/1630/1169 1213/1633/1250
f 1087/1301/1139 1404/1634/1441 1221/1635/1186
f 1404/1634/1441 1213/1633/1250 1221/1635/1186
f 1409/1636/1442 1400/1628/1438 1403/1632/1440
f 1410/1637/1443 1403/1632/1440 1404/1634/1441
f 1405/1638/1444 1401/1639/1445 1399/1626/1437
f 1408/1640/1446 1399/1626/1437 1402/1631/1439
f 1141/1303/1185 1410/1637/1443 1404/1634/1441
f 1406/1641/1447 1402/1631/1439 1400/1628/1438
f 1410/1637/1443 1390/1620/1433 1409/1636/1442
f 1411/1642/1448 1407/1643/1449 1405/1638/1444
f 1398/1623/1435 1405/1638/1444 1408/1640/1446
f 1142/1302/1184 1386/1615/1429 1410/1637/1443
f 1394/1624/1436 1408/1640/1446 1406/1641/1447
f 1390/1620/1433 1406/1641/1447 1409/1636/1442
f 958/1070/980 1380/1606/1421 959/1072/982
f 1380/1606/1421 960/1074/984 959/1072/982
f 1397/1644/1450 1411/1642/1448 1398/1623/1435
f 1412/1645/1451 1413/1646/1452 1414/1647/1453
f 1418/1648/1454 1412/1645/1451 1414/1647/1453
f 1412/1645/1451 1416/1649/1455 1407/1643/1449
f 1407/1643/1449 1415/1650/1456 1401/1639/1445
f 1418/1648/1454 1421/1651/1457 1417/1652/1458
f 1417/1652/1458 1420/1653/1459 1416/1649/1455
f 1416/1649/1455 1419/1654/1460 1415/1650/1456
f 1422/1655/1461 1425/1656/1462 1421/1651/1457
f 1421/1651/1457 1424/1657/1463 1420/1653/1459
f 1420/1653/1459 1423/1658/1464 1419/1654/1460
f 1430/1659/1465 1425/1656/1462 1426/1660/1466
f 1425/1656/1462 1428/1661/1467 1424/1657/1463
f 1424/1657/1463 1427/1662/1468 1423/1658/1464
f 1274/1455/1300 1401/1639/1445 1415/1650/1456
f 1274/1455/1300 1419/1654/1460 1271/1454/1299
f 1271/1454/1299 1423/1658/1464 1268/1456/1301
f 1275/1457/1302 1423/1658/1464 1427/1662/1468
f 1347/1543/1374 1428/1661/1467 1376/1595/1415
f 1376/1595/1415 1429/1663/1469 1377/1596/1416
f 1377/1596/1416 1430/1659/1465 1378/1597/1417
f 1373/1664/1470 662/1665/674 597/1593/607
f 1374/1591/1414 1431/1666/1471 1373/1664/1470
f 1432/1667/1472 662/1665/674 1431/1666/1471
f 1430/1659/1465 1431/1666/1471 1378/1597/1417
f 1275/1457/1302 1427/1662/1468 1347/1543/1374
f 667/1668/677 1395/1622/1434 625/1625/638
f 1434/1669/1473 1396/1617/1430 1395/1622/1434
f 668/1670/680 1434/1669/1473 667/1668/677
f 668/1670/680 1435/1671/1474 1433/1672/1475
f 670/1673/682 1436/1674/1476 1435/1671/1474
f 672/1675/684 1437/1676/1477 1436/1674/1476
f 674/1677/686 1438/1678/1478 1437/1676/1477
f 1433/1672/1475 1397/1644/1450 1396/1617/1430
f 1413/1646/1452 1435/1671/1474 1414/1647/1453
f 1418/1648/1454 1435/1671/1474 1436/1674/1476
f 1422/1655/1461 1436/1674/1476 1437/1676/1477
f 1426/1660/1466 1437/1676/1477 1438/1678/1478
f 1432/1667/1472 676/1679/688 664/1680/689
f 1426/1660/1466 1432/1667/1472 1430/1659/1465
f 1206/1375/1243 1442/1681/1479 1204/1373/1241
f 1443/1682/1480 1184/1350/1225 1205/1378/1245
f 1441/1683/1481 1206/1375/1243 1203/1684/1482
f 1184/1350/1225 1440/1685/1483 1185/1369/1239
f 1442/1681/1479 1205/1378/1245 1204/1373/1241
f 1185/1369/1239 1441/1686/1481 1203/1687/1482
f 1211/1389/1252 1445/1688/1484 1208/1380/1246
f 1227/1394/1257 1449/1689/1485 1225/1392/1255
f 1208/1380/1246 1446/1690/1486 1209/1381/1247
f 1448/1691/1487 1211/1389/1252 1223/1388/1251
f 1209/1381/1247 1450/1692/1488 1227/1438/1257
f 1225/1392/1255 1448/1691/1487 1223/1388/1251
f 1454/1693/1489 1248/1417/1276 1246/1419/1277
f 1244/1436/1286 1454/1694/1489 1246/1437/1277
f 1240/1411/1272 1453/1695/1490 1244/1436/1286
f 1456/1696/1491 1241/1422/1280 1250/1420/1278
f 1455/1697/1492 1250/1420/1278 1248/1417/1276
f 1452/1698/1493 1240/1411/1272 1241/1422/1280
f 1457/1699/1494 1138/1299/1182 1120/1300/1183
f 1152/1311/1193 1459/1700/1495 1136/1294/1177
f 1463/1701/1496 1189/1317/1199 1157/1314/1196
f 1458/1702/1497 1120/1300/1183 1121/1276/1161
f 1189/1317/1199 1461/1703/1498 1152/1311/1193
f 1462/1704/1499 1157/1314/1196 1153/1705/1194
f 1138/1299/1182 1462/1706/1499 1153/1312/1194
f 1136/1294/1177 1458/1702/1497 1121/1276/1161
f 1465/1707/1500 1440/1685/1501 1439/1708/1502
f 1441/1686/1503 1440/1685/1501 1465/1707/1500
f 1442/1681/1504 1444/1709/1505 1465/1707/1500
f 1443/1682/1506 1442/1681/1504 1465/1707/1500
f 1439/1708/1502 1443/1682/1506 1465/1707/1500
f 1444/1709/1505 1441/1683/1503 1465/1707/1500
f 1466/1710/1500 1449/1689/1507 1450/1711/1508
f 1448/1691/1509 1449/1689/1507 1466/1710/1500
f 1445/1688/1510 1447/1712/1511 1466/1710/1500
f 1446/1690/1512 1445/1688/1510 1466/1710/1500
f 1450/1692/1508 1446/1690/1512 1466/1710/1500
f 1447/1712/1511 1448/1691/1509 1466/1710/1500
f 1467/1713/1500 1452/1698/1513 1456/1696/1514
f 1451/1714/1515 1452/1698/1513 1467/1713/1500
f 1454/1694/1516 1453/1695/1517 1467/1713/1500
f 1455/1697/1518 1454/1693/1516 1467/1713/1500
f 1456/1696/1514 1455/1697/1518 1467/1713/1500
f 1453/1695/1517 1451/1714/1515 1467/1713/1500
f 1461/1703/1519 1464/1715/1520 1468/1716/1521
f 1463/1701/1522 1462/1704/1523 1468/1716/1521
f 1458/1702/1524 1459/1700/1525 1468/1716/1521
f 1458/1702/1524 1468/1716/1521 1457/1699/1526
f 1468/1716/1521 1462/1706/1523 1460/1717/1527
f 1464/1715/1520 1463/1701/1522 1468/1716/1521
f 1459/1700/1525 1461/1703/1519 1468/1716/1521
f 1460/1717/1527 1457/1699/1526 1468/1716/1521
f 1552/1718/1528 1517/1719/1529 1553/1720/1530
f 1513/1721/1531 1555/1722/1532 1554/1723/1533
f 1518/1724/1534 1557/1725/1535 1556/1726/1536
f 1511/1727/1537 1554/1723/1533 1558/1728/1538
f 1512/1729/1539 1558/1728/1538 1557/1725/1535
f 1559/1730/1540 1516/1731/1541 1552/1718/1528
f 1555/1722/1532 1515/1732/1542 1559/1730/1540
f 1553/1733/1530 1518/1724/1534 1556/1726/1536
f 1526/1734/1543 1512/1729/1539 1518/1724/1534
f 1515/1732/1542 1524/1735/1544 1516/1731/1541
f 1511/1727/1537 1521/1736/1545 1513/1721/1531
f 1525/1737/1546 1518/1724/1534 1517/1738/1529
f 1516/1731/1541 1525/1739/1546 1517/1719/1529
f 1514/1740/1547 1523/1741/1548 1515/1732/1542
f 1520/1742/1549 1511/1727/1537 1512/1729/1539
f 1521/1736/1545 1514/1740/1547 1513/1721/1531
f 1528/1743/1550 1519/1744/1551 1520/1742/1549
f 1521/1736/1545 1530/1745/1552 1522/1746/1553
f 1534/1747/1554 1520/1742/1549 1526/1734/1543
f 1523/1741/1548 1532/1748/1555 1524/1735/1544
f 1519/1744/1551 1529/1749/1556 1521/1736/1545
f 1533/1750/1557 1526/1734/1543 1525/1737/1546
f 1524/1735/1544 1533/1751/1557 1525/1739/1546
f 1522/1746/1553 1531/1752/1558 1523/1741/1548
f 1541/1753/1559 1534/1747/1554 1533/1750/1557
f 1532/1748/1555 1541/1754/1559 1533/1751/1557
f 1530/1745/1552 1539/1755/1560 1531/1752/1558
f 1536/1756/1561 1527/1757/1562 1528/1743/1550
f 1529/1749/1556 1538/1758/1563 1530/1745/1552
f 1542/1759/1564 1528/1743/1550 1534/1747/1554
f 1531/1752/1558 1540/1760/1565 1532/1748/1555
f 1527/1757/1562 1537/1761/1566 1529/1749/1556
f 1535/1762/1567 1545/1763/1568 1537/1761/1566
f 1549/1764/1569 1542/1759/1564 1541/1753/1559
f 1540/1760/1565 1549/1765/1569 1541/1754/1559
f 1538/1758/1563 1547/1766/1570 1539/1755/1560
f 1544/1767/1571 1535/1762/1567 1536/1756/1561
f 1537/1761/1566 1546/1768/1572 1538/1758/1563
f 1550/1769/1573 1536/1756/1561 1542/1759/1564
f 1539/1755/1560 1548/1770/1574 1540/1760/1565
f 1549/1764/1569 1551/1771/1575 1550/1769/1573
f 1548/1770/1574 1551/1771/1575 1549/1765/1569
f 1546/1768/1572 1551/1771/1575 1547/1766/1570
f 1544/1767/1571 1551/1771/1575 1543/1772/1576
f 1545/1763/1568 1551/1771/1575 1546/1768/1572
f 1550/1769/1573 1551/1771/1575 1544/1767/1571
f 1547/1766/1570 1551/1771/1575 1548/1770/1574
f 1543/1772/1576 1551/1771/1575 1545/1763/1568
f 904/1773/1577 1556/1726/1536 906/1774/1578
f 898/1775/1579 1559/1730/1540 900/1776/1580
f 900/1776/1580 1552/1718/1528 902/1777/1581
f 1557/1725/1535 895/1778/1582 896/1779/1583
f 1558/1728/1538 897/1780/1584 895/1778/1582
f 1556/1726/1536 896/1779/1583 906/1774/1578
f 1554/1723/1533 898/1775/1579 897/1780/1584
f 902/1777/1581 1553/1720/1530 904/1781/1577
f 1003/1127/1030 997/1126/1029 1004/1125/1028
f 1299/1490/1327 1560/1782/1585 1344/1783/1372
f 1303/1489/1332 1562/1784/1586 1299/1490/1327
f 1566/1785/1587 1319/1505/1346 1336/1530/1364
f 1565/1786/1588 1316/1501/1342 1319/1505/1346
f 1341/1787/1370 1566/1785/1587 1336/1530/1364
f 1345/1788/1371 1567/1789/1589 1341/1787/1370
f 1564/1790/1590 1313/1502/1343 1316/1501/1342
f 1568/1791/1591 1303/1489/1332 1307/1495/1337
f 1310/1498/1340 1569/1792/1592 1590/1793/1593
f 1313/1502/1343 1569/1792/1592 1310/1498/1340
f 1576/1794/1594 1574/1795/1595 1573/1796/1596
f 1571/1797/1597 1574/1795/1595 1576/1794/1594
f 1575/1798/1598 1572/1799/1599 1576/1794/1594
f 1579/1800/1600 1581/1801/1601 1582/1802/1602
f 1572/1799/1599 1571/1797/1597 1576/1794/1594
f 1582/1802/1602 1580/1803/1603 1579/1804/1600
f 1577/1805/1604 1580/1803/1603 1582/1802/1602
f 1581/1801/1601 1578/1806/1605 1582/1802/1602
f 1585/1807/1606 1587/1808/1607 1588/1809/1608
f 1578/1806/1605 1577/1805/1604 1582/1802/1602
f 1588/1809/1608 1586/1810/1609 1585/1807/1606
f 1583/1811/1610 1586/1810/1609 1588/1809/1608
f 1587/1812/1607 1584/1813/1611 1588/1809/1608
f 1584/1813/1611 1583/1811/1610 1588/1809/1608
f 1586/1810/1612 1560/1782/1585 1562/1784/1586
f 1585/1807/1613 1562/1784/1586 1563/1814/1614
f 1592/1815/1615 1344/1783/1372 1560/1782/1585
f 1566/1785/1587 1572/1799/1616 1565/1786/1588
f 1561/1816/1617 1591/1817/1618 1567/1789/1589
f 1568/1791/1591 1585/1807/1613 1563/1814/1614
f 1567/1789/1589 1571/1797/1619 1566/1785/1587
f 1581/1818/1620 1590/1793/1593 1569/1792/1592
f 1575/1798/1621 1570/1819/1622 1564/1790/1590
f 1573/1820/1623 1569/1792/1592 1570/1819/1622
f 1572/1799/1616 1564/1790/1590 1565/1786/1588
f 1573/1820/1596 1575/1798/1598 1576/1794/1594
f 1590/1821/1593 1307/1495/1337 1310/1822/1340
f 1579/1823/1624 1568/1791/1591 1590/1821/1593
f 1573/1796/1623 1578/1806/1625 1581/1801/1620
f 1579/1804/1624 1584/1813/1626 1587/1812/1627
f 1574/1795/1628 1591/1817/1618 1589/1824/1629
f 1577/1805/1630 1561/1816/1617 1592/1815/1615
f 1592/1815/1615 1345/1788/1371 1344/1783/1372
f 1578/1806/1625 1589/1824/1629 1577/1805/1630
f 1584/1813/1626 1560/1782/1585 1583/1811/1631
f 1580/1803/1632 1592/1815/1615 1584/1813/1626
f 949/1061/976 950/1060/975 997/1126/1029
f 1351/1825/1383 1337/1583/1369 1331/1524/1361
f 1595/1826/1633 845/934/864 843/932/862
f 845/934/864 1597/1827/1634 847/1169/1068
f 849/1828/1635 1599/1829/1636 851/940/868
f 851/940/868 1593/1830/1637 840/941/857
f 1594/1831/1638 843/932/862 841/930/860
f 847/1169/1068 1598/1832/1639 849/1828/1635
f 1593/1830/1637 841/930/860 840/927/857
f 1599/1829/1636 1594/1831/1638 1593/1830/1637
f 1594/1831/1638 1597/1827/1634 1595/1826/1633
f 1596/1833/1640 1595/1826/1633 1597/1827/1634
f 187/198/189 188/874/801 128/134/133
f 996/1116/1021 997/1126/1029 1003/1127/1030
f 1600/667/1641 1601/1834/1642 557/1835/1643
f 1603/661/1644 1604/1836/1645 567/660/1646
f 1603/661/1644 1601/1837/1642 1605/1838/1647
f 1606/1559/1648 1604/1836/1645 1607/1839/1649
f 1600/667/1641 1608/1840/1650 1602/1841/1651
f 1606/1572/1648 1608/1840/1650 1353/1568/1652
f 1609/1842/1653 1604/1836/1645 1605/1838/1647
f 1602/1841/1651 1608/1840/1650 1609/1843/1653
f 1607/1839/1649 1604/1836/1645 1609/1842/1653
f 1601/1834/1642 1602/1841/1651 1609/1843/1653
f 1608/1840/1650 1607/1844/1649 1609/1843/1653
f 1605/1838/1647 1601/1837/1642 1609/1842/1653
f 1610/1569/1654 1611/1845/1655 564/1846/1656
f 1613/662/1657 1614/1847/1658 566/635/1659
f 1613/662/1657 1611/1848/1655 1615/1849/1660
f 565/633/1661 1614/1847/1658 1616/1850/1662
f 1610/1569/1654 1617/1851/1663 1612/1852/1664
f 565/1544/1661 1617/1851/1663 1352/1548/1665
f 1618/1853/1666 1614/1847/1658 1615/1849/1660
f 1612/1852/1664 1617/1851/1663 1618/1854/1666
f 1616/1850/1662 1614/1847/1658 1618/1853/1666
f 1611/1845/1655 1612/1852/1664 1618/1854/1666
f 1617/1851/1663 1616/1855/1662 1618/1854/1666
f 1615/1849/1660 1611/1848/1655 1618/1853/1666
f 557/1835/1401 1362/1578/1405 1600/667/591
f 1633/1567/1396 1357/1563/1392 1634/1565/1394
f 1628/659/583 571/654/578 569/657/581
f 2/1/1 4/4/4 3/2/2
f 4/4/4 2/1/1 5/5/5
f 6/6/6 5/5/5 7/7/7
f 8/8/8 7/7/7 9/9/9
f 9/11/9 20/25/20 17/12/11
f 1/14/3 3/3390/2 14/15/13
f 11/17/12 13/16/14 14/15/13
f 13/19/14 16/23/18 15/20/16
f 13/19/14 11/13/12 18/22/17
f 11/13/12 17/12/11 19/24/19
f 20/25/20 23/27/22 21/26/21
f 23/27/22 26/30/25 24/28/23
f 17/12/11 21/26/21 22/29/24
f 26/30/25 78/94/91 80/31/26
f 21/26/21 24/28/23 25/32/27
f 15/20/16 30/38/31 27/33/28
f 2/34/1 28/37/30 29/35/29
f 1/21/3 27/33/28 28/37/30
f 30/38/31 33/41/34 31/39/32
f 27/33/28 31/39/32 32/40/33
f 33/41/34 36/3391/883 34/42/35
f 31/39/32 34/42/35 35/43/36
f 34/42/35 36/3391/883 39/44/37
f 35/43/36 34/42/35 37/45/38
f 28/37/30 32/40/33 40/47/40
f 32/40/33 35/43/36 41/48/41
f 41/48/41 35/43/36 38/46/39
f 48/50/43 54/118/116 53/51/44
f 45/53/46 46/59/52 52/54/47
f 43/56/49 49/60/53 50/57/50
f 47/52/45 53/51/44 52/54/47
f 45/53/46 51/55/48 49/60/53
f 53/51/44 54/118/116 101/61/54
f 51/55/48 52/54/47 58/63/56
f 49/60/53 55/66/59 56/65/58
f 52/54/47 53/51/44 59/62/55
f 51/55/48 57/64/57 55/66/59
f 115/67/60 122/75/68 63/68/61
f 112/69/62 117/72/65 58/63/56
f 57/64/57 116/129/128 114/70/63
f 106/71/64 112/69/62 59/62/55
f 117/72/65 116/129/128 57/64/57
f 44/58/51 50/57/50 62/73/66
f 56/65/58 63/68/61 62/73/66
f 122/75/68 123/101/98 67/76/69
f 63/68/61 67/76/69 66/77/70
f 124/78/71 125/135/134 85/79/72
f 62/73/66 66/77/70 65/81/74
f 7/82/7 60/83/75 20/25/20
f 60/83/75 64/85/118 23/27/22
f 68/84/76 69/93/88 26/30/77
f 68/84/76 23/27/78 64/85/79
f 65/81/81 72/98/3521 73/87/82
f 73/87/82 72/98/3521 74/89/84
f 75/90/85 74/89/84 76/91/86
f 69/93/88 79/95/90 78/94/89
f 76/91/86 78/94/89 79/95/90
f 78/94/91 86/105/102 87/96/92
f 24/28/23 80/31/26 81/97/93
f 66/77/70 82/99/95 72/98/94
f 82/99/95 66/77/70 67/76/69
f 74/89/96 72/98/94 82/99/95
f 83/80/73 85/79/72 84/100/97
f 123/101/98 124/78/71 83/80/73
f 85/79/72 125/135/134 126/102/99
f 80/31/26 87/96/92 88/104/101
f 86/105/102 136/147/140 132/106/103
f 86/105/102 78/94/91 76/91/104
f 90/108/106 89/107/105 76/91/104
f 98/109/107 103/122/121 102/110/108
f 85/79/72 92/103/100 91/112/110
f 84/100/97 91/112/110 90/108/106
f 37/45/38 39/44/37 95/113/111
f 38/46/39 37/45/38 93/114/112
f 93/114/112 95/113/111 98/109/107
f 93/114/112 96/111/109 97/116/114
f 48/50/43 42/49/42 99/117/115
f 42/49/42 38/46/39 94/115/113
f 54/118/116 99/117/115 100/119/117
f 99/117/115 94/115/113 97/116/114
f 70/86/80 64/85/79 65/81/81
f 61/74/67 65/81/74 64/85/118
f 7/82/7 44/58/51 61/74/67
f 40/47/40 41/48/41 47/52/45
f 5/36/5 43/56/49 44/58/51
f 5/36/5 29/35/29 45/53/46
f 29/35/29 40/47/40 46/59/52
f 41/48/41 42/49/42 48/50/43
f 96/111/109 102/110/108 104/120/119
f 104/120/119 105/121/120 100/119/117
f 105/121/120 106/71/64 101/61/54
f 103/122/121 108/258/243 107/123/122
f 102/110/108 107/123/122 109/124/123
f 106/71/64 105/121/120 110/125/124
f 105/121/120 104/120/119 109/124/123
f 112/69/62 106/71/64 111/126/125
f 117/72/65 112/69/62 113/127/126
f 116/129/128 120/131/130 118/130/129
f 116/129/128 117/72/65 121/128/127
f 114/70/63 118/130/129 119/132/131
f 123/101/98 122/75/68 127/133/132
f 125/135/134 130/138/137 131/136/135
f 125/135/134 124/78/71 129/137/136
f 124/78/71 123/101/98 128/134/133
f 119/132/131 127/133/132 122/75/68
f 55/66/59 114/70/63 115/67/60
f 87/96/92 132/106/103 133/139/138
f 132/140/103 134/144/141 135/141/139
f 136/143/140 139/149/145 134/144/141
f 90/108/106 91/112/110 145/145/142
f 89/107/105 137/155/144 136/147/140
f 137/148/144 140/151/146 139/149/145
f 138/150/143 141/152/147 140/151/146
f 141/152/147 138/150/143 142/153/148
f 90/108/106 138/146/143 137/155/144
f 138/146/143 145/145/142 144/156/150
f 144/156/150 91/112/110 92/103/100
f 126/102/99 131/136/135 147/158/151
f 92/103/100 126/102/99 146/159/152
f 147/160/151 149/333/193 148/161/153
f 146/162/152 148/161/153 143/154/149
f 110/125/124 109/124/123 152/163/154
f 113/127/126 150/169/160 157/165/156
f 111/126/125 110/125/124 153/164/155
f 121/128/127 157/165/156 156/167/158
f 107/123/122 151/171/162 152/163/154
f 120/131/130 156/167/158 155/168/159
f 113/127/126 111/126/125 154/166/157
f 154/166/157 153/164/155 160/170/161
f 151/171/162 158/173/164 159/172/163
f 152/163/154 159/172/163 160/170/161
f 158/173/164 161/176/167 162/174/165
f 160/170/161 159/172/163 162/174/165
f 161/176/167 164/1099/1004 165/177/168
f 163/175/166 162/174/165 165/177/168
f 165/177/168 164/1099/1004 167/179/170
f 165/177/168 168/180/171 169/181/172
f 150/169/160 160/170/161 163/175/166
f 156/167/158 157/165/156 163/175/166
f 155/168/159 156/167/158 166/178/169
f 168/180/171 167/179/170 170/182/173
f 169/181/172 168/180/171 171/183/174
f 171/183/174 170/182/173 173/185/176
f 172/184/175 171/183/174 174/186/177
f 173/185/176 176/190/181 177/188/179
f 175/187/178 174/186/177 177/188/179
f 176/190/181 179/1111/1016 180/191/182
f 178/189/180 177/188/179 180/191/182
f 180/191/182 179/1111/1016 182/193/184
f 180/191/182 183/194/185 184/195/186
f 118/130/129 155/168/159 185/196/187
f 155/168/159 169/181/172 172/184/175
f 127/133/132 119/132/131 185/196/187
f 128/134/133 127/133/132 186/197/188
f 185/196/187 172/184/175 175/187/178
f 187/198/189 186/197/188 175/187/178
f 131/136/135 190/200/191 191/199/190
f 130/138/137 189/201/192 190/200/191
f 129/137/136 188/874/801 189/201/192
f 149/202/193 147/3392/151 191/203/190
f 191/199/190 190/200/191 197/205/195
f 189/201/192 188/874/801 195/207/197
f 189/201/192 196/208/198 197/205/195
f 178/189/180 193/213/203 194/209/199
f 196/208/198 195/207/197 201/210/200
f 196/208/198 202/211/201 203/212/202
f 193/213/203 199/217/207 200/214/204
f 198/206/196 197/205/195 203/212/202
f 195/207/197 194/209/199 200/214/204
f 202/211/201 208/221/211 209/216/206
f 199/217/207 205/222/212 206/218/208
f 204/215/205 203/212/202 209/216/206
f 200/214/204 206/218/208 207/220/210
f 201/210/200 207/220/210 208/221/211
f 205/222/212 211/236/226 212/223/213
f 210/219/209 209/216/206 215/224/214
f 207/220/210 206/218/208 212/223/213
f 207/220/210 213/226/216 214/227/217
f 208/221/211 214/227/217 215/224/214
f 213/226/216 219/233/223 220/228/218
f 214/227/217 220/228/218 221/229/219
f 212/223/213 211/236/226 217/230/220
f 216/225/215 215/224/214 221/229/219
f 212/223/213 218/231/221 219/233/223
f 217/230/220 211/236/226 225/234/224
f 211/236/226 205/222/212 224/237/227
f 205/222/212 199/217/207 223/238/228
f 227/239/229 223/238/228 199/217/207
f 225/234/224 224/237/227 229/240/230
f 223/238/228 227/239/229 232/242/232
f 226/235/225 225/234/224 230/241/231
f 223/238/228 228/243/233 229/240/230
f 181/192/183 227/239/229 193/213/203
f 184/195/186 232/242/232 227/239/229
f 231/244/234 230/241/231 233/245/235
f 229/240/230 228/243/233 233/245/235
f 234/246/236 233/245/235 235/247/237
f 228/243/233 232/242/232 235/247/237
f 235/247/237 232/242/232 184/195/186
f 236/248/238 235/247/237 183/194/185
f 192/204/194 191/203/190 198/249/196
f 204/251/205 238/253/240 237/250/239
f 210/252/209 239/255/241 238/253/240
f 216/254/215 240/341/315 239/255/241
f 241/256/242 240/341/315 216/254/215
f 11/17/12 12/18/15 10/10/10
f 351/259/244 352/395/364 256/260/245
f 266/262/247 265/441/402 270/263/248
f 270/263/248 275/440/401 276/265/250
f 276/265/250 275/440/401 280/266/251
f 281/267/252 280/266/251 285/268/253
f 333/270/255 334/274/259 243/271/256
f 335/273/258 244/276/261 243/271/256
f 335/273/258 336/277/262 245/275/260
f 336/277/262 337/484/439 246/278/263
f 423/279/264 389/443/404 396/280/265
f 424/282/267 425/391/362 421/283/268
f 418/281/266 420/474/429 426/285/270
f 283/286/271 282/289/274 287/287/272
f 282/289/274 281/267/252 286/269/254
f 264/290/275 263/301/286 268/291/276
f 278/293/278 277/294/279 282/289/274
f 277/294/279 276/265/250 281/267/252
f 300/295/280 264/3393/275 297/296/281
f 272/298/283 277/294/279 278/293/278
f 271/264/249 276/265/250 277/294/279
f 267/300/285 272/298/283 273/299/284
f 266/262/247 271/264/249 272/298/283
f 263/301/286 262/303/288 267/300/285
f 261/302/287 266/262/247 267/300/285
f 260/304/289 265/441/402 266/262/247
f 258/305/290 262/303/288 263/301/286
f 257/261/246 261/302/287 262/303/288
f 256/260/245 260/304/289 261/302/287
f 349/307/292 350/308/293 258/305/290
f 350/308/293 351/259/244 257/261/246
f 250/309/294 255/394/298 302/310/295
f 249/312/297 254/316/300 255/313/298
f 249/312/297 248/376/303 253/315/299
f 329/317/301 249/321/297 250/318/294
f 329/317/301 330/322/304 248/320/303
f 330/322/304 331/368/341 247/323/305
f 297/296/281 264/3393/275 269/324/277
f 296/325/306 269/324/277 274/326/307
f 298/328/309 295/327/308 274/326/307
f 298/330/309 279/3394/310 284/331/311
f 149/333/193 298/330/309 299/332/312
f 149/202/193 192/204/194 295/327/308
f 237/250/239 296/325/306 295/327/308
f 238/253/240 297/296/281 296/325/306
f 274/334/307 269/292/277 268/291/276
f 273/299/284 278/293/278 279/335/310
f 279/335/310 278/293/278 283/286/271
f 263/301/286 264/290/275 300/337/280
f 259/306/291 300/337/280 353/338/313
f 288/288/273 289/393/360 284/336/311
f 300/295/280 303/297/282 354/339/314
f 238/253/240 304/345/319 303/297/282
f 240/341/315 241/256/242 308/342/316
f 240/341/315 307/343/317 306/344/318
f 239/255/241 306/344/318 304/345/319
f 307/343/317 308/342/316 317/346/320
f 315/348/322 314/347/321 317/346/320
f 316/350/324 315/348/322 318/349/323
f 307/343/317 314/347/321 311/352/326
f 312/353/327 311/352/326 314/347/321
f 313/354/328 312/353/327 315/348/322
f 306/344/318 311/352/326 305/355/329
f 309/356/330 305/355/329 311/352/326
f 310/357/331 309/356/330 312/353/327
f 383/358/332 320/361/335 321/359/333
f 320/361/335 322/385/337 323/362/336
f 322/363/337 324/366/339 325/364/338
f 324/366/339 326/388/359 327/367/340
f 246/278/263 332/375/348 331/368/341
f 244/276/261 245/275/260 331/368/341
f 243/271/256 244/276/261 330/322/304
f 242/272/257 243/271/256 329/317/301
f 290/369/342 337/484/439 336/277/262
f 292/371/344 291/370/343 336/277/262
f 293/372/345 292/371/344 335/273/258
f 294/373/346 293/372/345 334/274/259
f 338/374/347 247/323/305 331/368/341
f 248/376/303 247/431/305 252/377/349
f 382/360/334 321/359/333 339/378/350
f 340/380/352 339/378/350 321/359/333
f 341/381/353 340/399/352 323/365/336
f 342/382/354 341/381/353 325/364/338
f 383/358/332 385/417/382 343/383/355
f 320/361/335 343/383/355 345/384/356
f 322/363/337 345/411/356 346/386/357
f 324/366/339 346/386/357 344/387/358
f 289/389/360 347/728/644 299/332/312
f 299/332/312 347/728/644 348/390/361
f 286/269/254 285/268/253 423/279/264
f 287/287/272 286/269/254 426/285/270
f 288/288/273 287/287/272 425/391/362
f 288/288/273 424/282/267 427/392/363
f 255/394/298 353/340/313 354/339/314
f 349/307/292 353/338/313 255/313/298
f 253/315/299 252/377/349 351/259/244
f 254/316/300 253/315/299 350/308/293
f 252/377/349 251/430/393 352/395/364
f 386/396/365 384/379/351 339/378/350
f 356/397/366 339/378/350 340/380/352
f 340/399/352 341/381/353 355/400/368
f 358/402/369 355/400/368 341/381/353
f 346/386/357 362/412/372 359/403/370
f 363/404/371 359/804/370 362/405/372
f 355/400/368 394/409/376 392/407/374
f 355/400/368 358/402/369 395/408/375
f 362/405/372 364/3395/380 360/410/377
f 345/411/356 364/3396/380 362/412/372
f 386/396/365 356/397/366 365/413/378
f 364/415/380 345/384/356 343/383/355
f 385/417/382 260/304/289 256/260/245
f 378/419/384 368/434/395 367/416/381
f 367/416/381 368/434/395 366/420/385
f 364/415/380 366/420/385 369/421/386
f 356/397/366 357/398/367 370/423/387
f 370/423/387 357/398/367 372/424/388
f 392/426/374 393/3397/407 372/424/388
f 374/427/390 373/3398/406 371/425/389
f 376/428/391 375/442/403 365/413/378
f 352/395/364 251/430/393 377/429/392
f 251/430/393 252/377/349 247/431/305
f 378/419/384 377/429/392 379/433/394
f 465/435/396 377/429/392 251/430/393
f 368/434/395 379/433/394 380/436/397
f 377/429/392 465/435/396 464/437/398
f 366/420/385 380/436/397 381/438/399
f 449/439/400 448/504/456 381/438/399
f 352/395/364 378/419/384 388/418/383
f 367/416/381 343/383/355 385/417/382
f 280/266/251 386/396/365 387/414/379
f 275/440/401 384/379/351 386/396/365
f 265/441/402 260/304/289 385/417/382
f 270/263/248 382/360/334 384/379/351
f 265/441/402 383/358/332 382/360/334
f 387/414/379 365/413/378 375/442/403
f 374/444/390 391/459/419 390/445/405
f 392/407/374 394/409/376 361/406/373
f 394/409/376 395/408/375 363/404/371
f 393/447/407 392/3399/374 360/422/377
f 400/448/408 397/449/409 375/442/403
f 397/449/409 396/280/265 389/443/404
f 418/281/266 396/280/265 398/450/410
f 370/423/387 371/425/389 402/451/411
f 371/425/389 373/3398/406 406/452/412
f 396/280/265 397/449/409 399/453/413
f 397/449/409 400/448/408 403/454/414
f 400/448/408 404/456/416 401/455/415
f 404/456/416 407/476/431 408/457/417
f 372/424/388 393/3397/407 405/458/418
f 391/459/419 374/444/390 405/460/418
f 416/462/421 413/525/422 405/463/418
f 413/464/422 407/3400/431 410/465/423
f 369/421/386 381/438/399 416/462/421
f 410/465/423 407/3400/431 406/467/412
f 411/468/425 406/467/412 373/446/406
f 414/469/426 407/3401/431 413/470/422
f 408/472/417 407/3401/431 414/469/426
f 422/284/269 421/283/268 292/371/344
f 421/283/268 420/474/429 291/370/343
f 420/474/429 418/281/266 290/369/342
f 419/475/430 422/284/269 293/372/345
f 427/392/363 424/282/267 422/284/269
f 389/443/404 423/279/264 285/268/253
f 425/391/362 426/285/270 420/474/429
f 407/476/431 404/456/416 402/451/411
f 404/456/416 400/448/408 376/428/391
f 408/472/417 417/473/428 429/477/432
f 429/477/432 431/480/435 430/479/434
f 431/480/435 433/784/467 432/481/436
f 332/375/348 246/278/263 457/482/437
f 337/484/439 436/495/449 434/485/440
f 435/483/438 457/482/437 459/486/441
f 434/485/440 436/495/449 439/488/443
f 438/487/442 459/486/441 458/490/445
f 437/489/444 439/488/443 442/492/447
f 428/494/433 443/496/450 401/455/415
f 442/492/447 439/488/443 399/453/413
f 439/488/443 436/495/449 398/450/410
f 337/484/439 290/369/342 398/450/410
f 443/496/450 442/492/447 403/454/414
f 442/492/447 443/496/450 444/497/451
f 443/496/450 428/494/433 445/498/452
f 445/499/452 428/3402/433 446/500/453
f 446/500/453 428/3402/433 430/502/434
f 448/504/456 462/519/465 451/505/457
f 451/507/457 453/510/460 454/508/458
f 453/510/460 455/3403/462 456/511/461
f 456/511/461 455/3403/462 445/499/452
f 455/512/462 461/514/463 444/497/451
f 444/497/451 461/514/463 458/490/445
f 459/486/441 437/489/444 440/493/448
f 457/482/437 434/485/440 437/489/444
f 453/513/460 460/516/464 461/514/463
f 461/514/463 460/516/464 441/491/446
f 451/515/457 462/517/465 460/516/464
f 462/517/465 463/3404/466 441/491/446
f 448/504/456 449/439/400 463/518/466
f 379/433/394 464/437/398 463/518/466
f 441/491/446 463/3404/466 464/520/398
f 438/487/442 464/520/398 465/521/396
f 338/374/347 332/375/348 435/483/438
f 432/522/436 381/438/399 448/504/456
f 451/523/457 452/3405/459 450/503/455
f 413/470/422 432/3406/436 433/524/467
f 416/462/421 381/438/399 432/522/436
f 405/526/418 413/464/422 412/466/424
f 354/339/314 303/297/282 466/528/468
f 467/529/469 466/528/468 468/530/470
f 469/531/471 468/530/470 470/532/472
f 302/310/295 354/339/314 467/529/469
f 302/310/295 473/534/474 472/535/475
f 467/529/469 469/531/471 476/536/476
f 473/534/474 476/536/476 475/537/477
f 469/531/471 471/533/473 479/538/478
f 476/536/476 479/538/478 478/539/479
f 304/345/319 305/355/329 466/528/468
f 468/530/470 466/528/468 305/355/329
f 470/532/472 468/530/470 309/356/330
f 328/540/302 250/309/294 301/311/296
f 301/311/296 472/535/475 477/542/481
f 474/543/482 477/542/481 472/535/475
f 481/544/483 474/543/482 475/537/477
f 471/533/473 483/548/487 485/545/484
f 479/538/478 485/545/484 484/546/485
f 471/533/473 470/532/472 482/547/486
f 478/539/479 484/546/485 486/549/488
f 483/548/487 488/552/491 490/550/489
f 483/548/487 482/547/486 487/551/490
f 484/546/485 489/554/493 491/553/492
f 485/545/484 490/550/489 489/554/493
f 488/552/491 493/557/496 495/555/494
f 488/552/491 487/551/490 492/556/495
f 489/554/493 494/559/498 496/558/497
f 490/550/489 495/555/494 494/559/498
f 310/357/331 497/561/500 482/547/486
f 498/560/499 487/551/490 482/547/486
f 499/562/501 492/556/495 487/551/490
f 313/354/328 500/565/504 497/561/500
f 501/563/502 500/565/504 313/354/328
f 502/564/503 501/563/502 316/350/324
f 500/565/504 503/569/508 498/560/499
f 504/566/505 503/569/508 500/565/504
f 505/567/506 504/566/505 501/563/502
f 506/568/507 499/562/501 498/560/499
f 494/559/498 508/573/512 510/570/509
f 495/555/494 493/557/496 507/571/510
f 495/555/494 509/572/511 508/573/512
f 508/574/512 512/580/516 514/575/513
f 509/577/511 507/875/510 511/578/514
f 509/577/511 513/579/515 512/580/516
f 511/578/514 515/583/519 517/581/517
f 512/580/516 513/579/515 517/581/517
f 515/583/519 518/3407/522 520/584/520
f 516/582/518 517/581/517 520/584/520
f 518/586/522 521/885/809 523/587/523
f 519/589/521 520/588/520 523/587/523
f 523/587/523 521/885/809 524/591/525
f 522/590/524 523/587/523 526/592/526
f 526/592/526 524/591/525 527/594/528
f 525/593/527 526/592/526 529/595/529
f 514/575/513 512/580/516 516/582/518
f 519/585/521 531/3408/532 530/597/531
f 531/598/532 519/589/521 522/590/524
f 533/600/534 532/599/533 522/590/524
f 533/600/534 525/593/527 528/596/530
f 514/575/513 538/611/539 537/602/536
f 510/570/509 537/608/536 536/603/537
f 496/558/497 536/603/537 535/604/538
f 538/605/539 542/612/543 541/606/540
f 537/608/536 541/614/540 540/609/541
f 536/603/537 540/609/541 539/610/542
f 530/597/531 531/3408/532 538/611/539
f 542/612/543 538/605/539 531/598/532
f 533/600/534 534/601/535 542/612/543
f 534/601/535 543/615/544 541/606/540
f 543/613/544 545/678/551 540/609/541
f 528/596/530 546/618/547 543/615/544
f 529/595/529 527/594/528 544/616/545
f 528/596/530 529/595/529 547/617/546
f 546/619/547 547/622/546 551/620/548
f 547/622/546 544/627/545 548/623/550
f 546/619/547 550/621/549 545/624/551
f 503/569/508 504/566/505 548/623/550
f 504/566/505 505/567/506 553/626/552
f 544/627/545 549/628/553 506/568/507
f 499/562/501 506/568/507 549/628/553
f 492/556/495 499/562/501 554/629/554
f 552/630/555 507/571/510 493/557/496
f 491/553/492 535/604/538 555/631/556
f 486/549/488 555/631/556 556/632/557
f 565/633/558 558/3409/1376 559/634/559
f 559/634/559 560/3410/604 568/636/561
f 568/636/561 560/3410/604 561/637/562
f 570/638/563 561/637/562 539/639/542
f 572/640/564 539/639/542 562/641/565
f 562/641/565 563/3411/602 576/643/567
f 575/644/568 577/648/572 1623/645/569
f 1636/647/571 1361/1556/1385 577/648/572
f 574/642/566 576/643/567 1632/649/573
f 1621/651/575 573/652/576 575/644/568
f 1631/650/574 575/644/568 573/652/576
f 572/640/564 574/642/566 1631/650/574
f 571/654/578 573/652/576 1621/651/575
f 1629/656/580 1630/653/577 573/652/576
f 1629/656/580 570/638/563 572/640/564
f 569/657/581 571/654/578 1620/655/579
f 568/636/561 570/638/563 1629/656/580
f 567/660/584 569/657/581 1619/658/582
f 567/660/584 1613/662/586 1628/659/583
f 1613/662/586 566/635/560 568/636/561
f 1603/661/585 1619/658/582 580/663/587
f 1620/655/579 1621/651/575 582/665/589
f 1619/658/582 1620/655/579 581/666/590
f 1600/667/591 1362/1578/1405 1363/668/592
f 1623/645/569 584/1575/1403 583/670/594
f 1622/646/570 583/670/594 582/665/589
f 586/671/595 585/694/614 578/672/596
f 587/673/597 586/671/595 579/664/588
f 588/674/598 587/673/597 580/663/587
f 589/675/599 588/674/598 581/666/590
f 583/670/594 584/1575/1403 591/676/600
f 590/677/601 589/675/599 582/665/589
f 550/621/549 563/680/602 562/679/565
f 551/620/548 592/1586/1411 563/680/602
f 553/626/552 592/1586/1411 551/620/548
f 561/681/562 596/684/605 593/682/603
f 560/683/604 595/686/606 596/684/605
f 559/685/559 594/688/608 595/686/606
f 593/682/603 555/631/556 535/604/538
f 559/685/559 558/3412/1376 597/687/607
f 555/631/556 593/682/603 598/689/609
f 596/684/605 599/690/610 598/689/609
f 595/686/606 600/758/673 599/690/610
f 588/674/598 589/675/599 603/691/611
f 586/671/595 587/673/597 602/693/613
f 603/691/611 589/675/599 590/677/601
f 587/673/597 588/674/598 601/692/612
f 139/149/145 606/699/619 604/695/615
f 143/154/149 608/703/623 607/696/616
f 134/144/141 604/695/615 605/697/617
f 607/696/616 612/700/620 611/698/618
f 612/700/620 617/705/625 616/701/621
f 606/699/619 611/698/618 609/702/622
f 608/703/623 613/708/628 612/700/620
f 604/695/615 609/702/622 610/704/624
f 617/705/625 622/710/630 621/706/626
f 611/698/618 616/701/621 614/707/627
f 613/708/628 618/713/633 617/705/625
f 609/702/622 614/707/627 615/709/629
f 622/710/630 627/717/637 626/711/631
f 616/701/621 621/706/626 619/712/632
f 618/713/633 623/738/653 622/710/630
f 614/707/627 619/712/632 620/714/634
f 621/706/626 626/711/631 624/715/635
f 622/710/630 623/738/653 628/716/636
f 619/712/632 624/715/635 625/718/638
f 148/161/153 348/390/361 608/703/623
f 328/540/302 631/732/647 629/719/639
f 333/721/255 632/724/641 630/722/640
f 242/720/257 629/719/639 632/724/641
f 294/723/346 630/722/640 633/725/642
f 289/389/360 427/729/363 634/727/643
f 419/726/430 633/725/642 634/727/643
f 630/722/640 636/735/650 639/730/645
f 633/725/642 639/730/645 640/731/646
f 631/732/647 637/736/651 635/733/648
f 629/719/639 635/733/648 638/734/649
f 347/728/644 634/727/643 640/731/646
f 632/724/641 638/734/649 636/735/650
f 640/731/646 639/730/645 618/713/633
f 637/736/651 642/740/655 641/737/652
f 635/733/648 641/737/652 628/716/636
f 348/390/361 640/731/646 613/708/628
f 638/734/649 628/716/636 623/738/653
f 636/735/650 623/738/653 618/713/633
f 141/152/147 607/696/616 606/699/619
f 627/717/637 628/716/636 641/737/652
f 642/740/655 644/742/657 643/739/654
f 642/740/655 647/744/659 648/741/656
f 642/740/655 637/736/651 646/743/658
f 637/736/651 631/732/647 645/745/660
f 648/741/656 647/744/659 651/746/661
f 647/744/659 646/743/658 650/748/663
f 646/743/658 645/745/660 649/749/664
f 652/747/662 651/746/661 655/750/665
f 651/746/661 650/748/663 654/752/667
f 650/748/663 649/749/664 653/753/668
f 655/750/665 659/756/671 660/754/669
f 655/750/665 654/752/667 658/755/670
f 654/752/667 653/753/668 657/757/672
f 480/541/480 645/745/660 631/732/647
f 649/749/664 645/745/660 480/541/480
f 653/753/668 649/749/664 477/542/481
f 481/544/483 657/757/672 653/753/668
f 658/755/670 657/757/672 556/632/557
f 659/756/671 658/755/670 598/689/609
f 600/758/673 660/754/669 659/756/671
f 594/688/608 597/687/607 662/759/674
f 595/686/606 594/688/608 661/760/675
f 662/759/674 664/774/689 663/761/676
f 661/760/675 663/761/676 660/754/669
f 624/715/635 666/763/678 667/762/677
f 666/763/678 624/715/635 626/711/631
f 666/763/678 665/764/679 668/765/680
f 668/765/680 665/764/679 669/766/681
f 670/767/682 669/766/681 671/768/683
f 672/769/684 671/768/683 673/770/685
f 674/771/686 673/770/685 675/772/687
f 627/717/637 643/739/654 665/764/679
f 669/766/681 665/764/679 643/739/654
f 648/741/656 671/768/683 669/766/681
f 652/747/662 673/770/685 671/768/683
f 656/751/666 675/772/687 673/770/685
f 676/773/688 675/772/687 663/761/676
f 656/751/666 660/754/669 663/761/676
f 412/466/424 410/465/423 680/775/690
f 390/445/405 677/780/695 681/777/692
f 412/466/424 682/776/691 679/778/693
f 390/445/405 391/459/419 678/779/694
f 411/468/425 681/777/692 680/775/690
f 391/459/419 409/461/420 679/781/693
f 417/473/428 414/469/426 683/782/696
f 433/784/467 431/480/435 687/785/698
f 414/469/426 415/471/427 684/787/700
f 417/473/428 685/783/697 686/788/701
f 415/471/427 433/524/467 688/789/699
f 431/480/435 429/477/432 686/788/701
f 454/508/458 693/795/706 692/790/702
f 450/503/455 452/3405/459 692/791/702
f 446/500/453 450/503/455 691/792/703
f 447/501/454 690/796/707 694/794/705
f 456/511/461 694/794/705 693/795/706
f 446/500/453 689/793/704 690/796/707
f 344/387/358 698/806/715 695/797/708
f 358/402/369 342/382/354 697/798/709
f 395/408/375 702/802/713 701/800/711
f 326/388/359 695/797/708 696/801/712
f 395/408/375 358/402/369 699/799/710
f 363/404/371 701/800/711 700/803/714
f 344/387/358 359/403/370 700/805/714
f 342/382/354 327/367/340 696/801/712
f 790/811/744 791/873/759 755/812/745
f 793/814/747 752/825/758 751/815/748
f 795/817/750 750/822/755 756/818/751
f 792/816/749 751/815/748 749/820/753
f 796/821/754 749/820/753 750/822/755
f 797/823/756 790/811/744 754/813/746
f 793/814/747 797/823/756 753/824/757
f 791/826/759 794/819/752 756/818/751
f 750/822/755 758/836/767 764/828/760
f 753/824/757 754/813/746 762/829/761
f 749/820/753 751/815/748 759/831/763
f 756/818/751 764/828/760 763/833/765
f 754/813/746 755/812/745 763/834/765
f 752/825/758 753/824/757 761/830/762
f 749/820/753 757/832/764 758/836/767
f 752/825/758 760/835/766 759/831/763
f 757/832/764 765/843/774 766/837/768
f 759/831/763 760/835/766 768/838/769
f 758/836/767 766/837/768 772/840/771
f 761/830/762 762/829/761 770/841/772
f 757/832/764 759/831/763 767/839/770
f 764/828/760 772/840/771 771/844/775
f 762/829/761 763/834/765 771/845/775
f 760/835/766 761/830/762 769/842/773
f 772/840/771 780/853/782 779/846/776
f 770/841/772 771/845/775 779/847/776
f 768/838/769 769/842/773 777/849/778
f 765/843/774 773/854/783 774/851/780
f 767/839/770 768/838/769 776/850/779
f 766/837/768 774/851/780 780/853/782
f 769/842/773 770/841/772 778/848/777
f 765/843/774 767/839/770 775/852/781
f 773/854/783 775/852/781 783/855/784
f 780/853/782 788/863/791 787/857/786
f 778/848/777 779/847/776 787/858/786
f 776/850/779 777/849/778 785/860/788
f 773/854/783 781/856/785 782/862/790
f 775/852/781 776/850/779 784/861/789
f 774/851/780 782/862/790 788/863/791
f 777/849/778 778/848/777 786/859/787
f 77/865/793 79/871/799 794/819/752
f 71/866/794 73/867/795 797/823/756
f 73/867/795 75/872/800 790/811/744
f 68/868/796 796/821/754 795/817/750
f 70/870/798 792/816/749 796/821/754
f 69/869/797 795/817/750 794/819/752
f 71/866/794 793/814/747 792/816/749
f 75/872/800 77/3413/793 791/873/759
f 507/875/510 552/912/555 798/876/802
f 511/578/514 507/875/510 800/877/803
f 527/594/528 803/880/806 804/879/805
f 524/591/525 802/886/810 803/880/806
f 549/881/553 544/616/545 804/879/805
f 554/883/554 549/881/553 805/882/807
f 521/885/809 808/890/814 802/886/810
f 511/578/514 801/878/804 806/887/811
f 521/885/809 518/586/522 807/889/813
f 798/876/802 821/908/3522 824/907/833
f 800/877/803 824/907/833 823/904/834
f 804/879/805 803/880/806 810/896/836
f 799/884/808 805/882/807 829/913/838
f 806/887/811 801/878/804 823/904/834
f 805/882/807 804/879/805 809/894/837
f 828/888/812 817/3414/844 819/915/841
f 808/890/814 811/916/843 813/895/842
f 807/889/813 819/915/841 811/916/843
f 802/886/810 813/895/842 810/896/836
f 828/917/812 518/3407/522 515/583/519
f 828/917/812 806/887/811 825/906/840
f 819/899/841 816/903/849 812/893/845
f 817/900/844 825/909/840 822/910/846
f 812/893/845 827/914/839 829/913/838
f 815/902/848 830/911/835 799/884/808
f 830/911/835 552/912/555 554/883/554
f 827/914/839 812/893/845 816/903/849
f 822/910/846 821/908/3522 798/876/802
f 818/901/847 822/910/846 830/911/835
f 8/8/8 834/922/852 833/920/850
f 8/8/8 10/10/10 835/921/851
f 12/18/15 14/15/13 837/923/853
f 14/15/13 3/3390/2 831/925/855
f 6/6/6 833/920/850 832/926/856
f 10/10/10 12/18/15 836/924/854
f 4/4/4 832/926/856 831/925/855
f 832/926/856 836/924/854 837/923/853
f 835/921/851 836/924/854 832/926/856
f 840/927/857 841/930/860 839/928/858
f 841/930/860 843/932/862 842/931/861
f 843/932/862 845/934/864 844/933/863
f 845/934/864 847/1169/1068 846/935/865
f 846/936/865 848/950/869 852/937/866
f 838/939/859 850/943/870 851/940/868
f 848/942/869 849/1828/1635 851/940/868
f 15/944/16 16/948/18 850/945/870
f 18/947/17 848/950/869 850/945/870
f 19/949/19 852/937/866 848/950/869
f 853/938/867 852/937/866 854/951/871
f 855/952/872 854/951/871 856/953/873
f 22/955/24 854/951/871 852/937/866
f 907/956/875 905/1019/938 857/954/874
f 25/957/27 856/953/873 854/951/871
f 858/958/876 30/964/31 15/944/16
f 860/959/877 859/962/878 839/960/858
f 859/962/878 858/958/876 838/946/859
f 861/963/879 33/967/34 30/964/31
f 862/965/880 861/963/879 858/958/876
f 863/966/881 36/970/883 33/967/34
f 864/968/882 863/966/881 861/963/879
f 863/966/881 865/971/884 39/969/37
f 864/968/882 866/974/887 865/971/884
f 867/972/885 862/965/880 859/962/878
f 868/973/886 864/968/882 862/965/880
f 868/973/886 869/1044/958 866/974/887
f 880/975/888 881/986/899 875/976/889
f 872/978/891 878/987/900 879/979/892
f 877/981/894 876/984/897 870/982/895
f 879/979/892 880/975/888 874/977/890
f 876/984/897 878/987/900 872/978/891
f 880/975/888 886/990/903 924/985/898
f 878/987/900 884/995/908 885/988/901
f 883/989/902 882/991/904 876/984/897
f 879/979/892 885/988/901 886/990/903
f 882/991/904 884/995/908 878/987/900
f 890/992/905 943/1002/915 936/993/906
f 885/988/901 938/999/912 933/994/907
f 884/995/908 882/991/904 935/996/909
f 886/990/903 933/994/907 928/998/911
f 884/995/908 937/997/910 938/999/912
f 871/983/896 888/1008/921 889/1000/913
f 889/1000/913 890/992/905 883/989/902
f 894/1001/914 944/1028/945 943/1002/915
f 893/1003/916 894/1001/914 890/992/905
f 911/1004/917 946/1030/947 945/1005/918
f 892/1007/920 893/1003/916 889/1000/913
f 853/938/867 887/1010/922 844/1009/863
f 855/952/872 891/1012/961 887/1010/922
f 857/954/923 896/1020/935 895/1011/924
f 895/1011/924 897/1046/960 891/1012/926
f 900/1013/927 899/1016/931 892/1007/928
f 900/1013/927 902/1017/932 901/1015/930
f 902/1017/932 904/1022/937 903/1018/933
f 905/1019/934 906/1021/936 896/1020/935
f 906/1021/936 905/1019/934 903/1018/933
f 905/1019/938 907/956/875 913/1023/939
f 81/1025/93 907/956/875 856/953/873
f 893/1003/916 892/1007/920 899/1016/941
f 894/1001/914 893/1003/916 908/1026/942
f 901/1015/943 910/1027/944 908/1026/942
f 909/1006/919 908/1026/942 910/1027/944
f 909/1006/919 945/1005/918 944/1028/945
f 911/1004/917 917/1079/987 947/1029/946
f 88/1031/101 913/1023/939 907/956/875
f 953/1032/948 955/1069/978 912/1024/940
f 903/1018/949 905/1019/938 912/1024/940
f 915/1034/951 901/1015/943 903/1018/949
f 98/1035/107 920/1047/962 925/1036/952
f 916/1038/953 917/1079/987 911/1004/917
f 915/1034/951 916/1038/953 910/1027/944
f 865/971/884 918/1040/954 95/1039/111
f 866/974/887 919/1042/956 918/1040/954
f 918/1040/954 920/1047/962 98/1035/107
f 921/1041/955 920/1047/962 918/1040/954
f 875/976/889 881/986/899 922/1043/957
f 869/1044/958 922/1043/957 919/1042/956
f 881/986/899 924/985/898 923/1045/959
f 922/1043/957 923/1045/959 921/1041/955
f 897/1046/960 898/1014/929 892/1007/928
f 891/1012/961 892/1007/920 888/1008/921
f 844/1009/863 887/1010/922 888/1008/921
f 867/972/885 873/980/893 874/977/890
f 871/983/896 870/982/895 842/961/861
f 842/961/861 870/982/895 872/978/891
f 860/959/877 872/978/891 873/980/893
f 868/973/886 874/977/890 875/976/889
f 920/1047/962 921/1041/955 926/1048/963
f 923/1045/959 927/1049/964 926/1048/963
f 924/985/898 928/998/911 927/1049/964
f 929/1050/965 108/1170/243 103/1037/121
f 930/1051/966 929/1050/965 925/1036/952
f 928/998/911 932/1053/968 931/1052/967
f 927/1049/964 931/1052/967 930/1051/966
f 933/994/907 934/1054/969 932/1053/968
f 938/999/912 942/1056/971 934/1054/969
f 939/1055/970 941/1091/996 937/997/910
f 937/997/910 941/1091/996 942/1056/971
f 940/1057/972 939/1055/970 935/996/909
f 944/1028/945 949/1061/976 948/1058/973
f 952/1059/974 951/1119/1024 946/1030/947
f 946/1030/947 951/1119/1024 950/1060/975
f 945/1005/918 950/1060/975 949/1061/976
f 940/1057/972 936/993/906 943/1002/915
f 882/991/904 883/989/902 936/993/906
f 133/1062/138 953/1032/948 913/1023/939
f 135/1063/139 954/1066/977 953/1064/948
f 954/1066/977 958/1070/980 955/1067/978
f 915/1034/951 957/1077/983 964/1068/979
f 955/1069/978 956/1076/981 914/1033/950
f 958/1070/980 959/1072/982 956/1071/981
f 959/1072/982 960/1074/984 957/1073/983
f 960/1074/984 962/1086/991 961/1075/985
f 915/1034/951 914/1033/950 956/1076/981
f 957/1077/983 961/1080/985 963/1078/986
f 917/1079/987 916/1038/953 963/1078/986
f 947/1029/946 965/1082/989 966/1081/988
f 917/1079/987 961/1080/985 965/1082/989
f 967/1083/990 968/1245/1026 966/1084/988
f 962/1086/991 967/1083/990 965/1085/989
f 931/1052/967 971/1089/994 970/1087/992
f 975/1088/993 969/1102/1007 934/1054/969
f 932/1053/968 972/1093/998 971/1089/994
f 974/1090/995 975/1088/993 942/1056/971
f 970/1087/992 151/171/162 929/1050/965
f 973/1092/997 974/1090/995 941/1091/996
f 934/1054/969 969/1102/1007 972/1093/998
f 972/1093/998 969/1102/1007 977/1094/999
f 976/1095/1000 158/173/164 151/171/162
f 977/1094/999 976/1095/1000 970/1087/992
f 978/1096/1001 161/176/167 158/173/164
f 977/1094/999 979/1098/1003 978/1096/1001
f 980/1097/1002 164/1099/1004 161/176/167
f 979/1098/1003 981/1101/1006 980/1097/1002
f 980/1097/1002 982/1103/1008 167/179/170
f 983/1100/1005 982/1103/1008 980/1097/1002
f 969/1102/1007 975/1088/993 979/1098/1003
f 979/1098/1003 975/1088/993 974/1090/995
f 973/1092/997 983/1100/1005 981/1101/1006
f 982/1103/1008 984/1104/1009 170/182/173
f 983/1100/1005 985/1105/1010 984/1104/1009
f 984/1104/1009 986/1106/1011 173/185/176
f 985/1105/1010 987/1108/1013 986/1106/1011
f 988/1107/1012 176/190/181 173/185/176
f 987/1108/1013 989/1110/1015 988/1107/1012
f 990/1109/1014 179/1111/1016 176/190/181
f 989/1110/1015 991/1113/1018 990/1109/1014
f 990/1109/1014 992/1159/1062 182/193/184
f 993/1112/1017 992/1159/1062 990/1109/1014
f 994/1114/1019 973/1092/997 939/1055/970
f 973/1092/997 994/1114/1019 985/1105/1010
f 948/1058/973 995/1115/1020 994/1114/1019
f 949/1061/976 996/1116/1021 995/1115/1020
f 987/1108/1013 985/1105/1010 994/1114/1019
f 996/1116/1021 989/1110/1015 987/1108/1013
f 1000/1117/1022 999/1118/1023 952/1059/974
f 999/1118/1023 998/1120/1025 951/1119/1024
f 998/1120/1025 997/1126/1029 950/1060/975
f 968/1121/1026 1001/1160/1063 1000/1122/1022
f 1000/1117/1022 1007/1133/1036 1006/1124/1027
f 998/1120/1025 1005/1128/1031 1004/1125/1028
f 1006/1124/1027 1005/1128/1031 998/1120/1025
f 1003/1127/1030 1002/1132/1035 989/1110/1015
f 1005/1128/1031 1011/1135/1038 1010/1129/1032
f 1012/1130/1033 1011/1135/1038 1005/1128/1031
f 1009/1131/1034 1008/1137/1040 1002/1132/1035
f 1007/1133/1036 1013/1138/1041 1012/1130/1033
f 1004/1125/1028 1010/1129/1032 1009/1131/1034
f 1018/1134/1037 1017/1140/1043 1011/1135/1038
f 1015/1136/1039 1014/1142/1045 1008/1137/1040
f 1013/1138/1041 1019/1143/1046 1018/1134/1037
f 1016/1139/1042 1015/1136/1039 1009/1131/1034
f 1017/1140/1043 1016/1139/1042 1010/1129/1032
f 1021/1141/1044 1020/1147/1050 1014/1142/1045
f 1019/1143/1046 1025/1148/1051 1024/1144/1047
f 1016/1139/1042 1022/1146/1049 1021/1141/1044
f 1023/1145/1048 1022/1146/1049 1016/1139/1042
f 1024/1144/1047 1023/1145/1048 1017/1140/1043
f 220/228/218 219/233/223 1022/1146/1049
f 221/229/219 220/228/218 1023/1145/1048
f 1021/1141/1044 218/231/221 217/230/220
f 1025/1148/1051 222/232/222 221/229/219
f 219/233/223 218/231/221 1021/1141/1044
f 217/230/220 226/235/225 1028/1149/1052
f 1020/1147/1050 1028/1149/1052 1027/1150/1053
f 1014/1142/1045 1027/1150/1053 1026/1151/1054
f 1029/1152/1055 1002/1132/1035 1008/1137/1040
f 1028/1149/1052 1032/1155/1058 1031/1153/1056
f 1026/1151/1054 1030/1158/1061 1033/1154/1057
f 226/235/225 231/244/234 1032/1155/1058
f 1031/1153/1056 1030/1158/1061 1026/1151/1054
f 991/1113/1018 989/1110/1015 1002/1132/1035
f 993/1112/1017 991/1113/1018 1029/1152/1055
f 231/244/234 234/246/236 1034/1156/1059
f 1034/1156/1059 1030/1158/1061 1031/1153/1056
f 234/246/236 236/248/238 1035/1157/1060
f 1035/1157/1060 1033/1154/1057 1030/1158/1061
f 993/1112/1017 1033/1154/1057 1035/1157/1060
f 992/1159/1062 1035/1157/1060 236/248/238
f 1001/1160/1063 1036/1163/1064 1007/1161/1036
f 1013/1162/1041 1007/1161/1036 1036/1163/1064
f 1019/1165/1046 1013/1162/1041 1037/1164/1065
f 1025/1167/1051 1019/1165/1046 1038/1166/1066
f 241/256/242 222/257/222 1025/1167/1051
f 847/1169/1068 849/1828/1635 848/942/869
f 1145/1171/1069 1055/1219/1116 1054/1172/1070
f 1064/1174/1072 1069/1178/1076 1068/1175/1073
f 1074/1177/1075 1073/1180/1078 1068/1175/1073
f 1074/1177/1075 1079/1181/1079 1078/1179/1077
f 1079/1181/1079 1084/1201/1099 1083/1182/1080
f 1127/1183/1081 1040/1279/1164 1041/1184/1082
f 1041/1184/1082 1042/1278/1163 1129/1186/1084
f 1129/1186/1084 1042/1278/1163 1043/1187/1085
f 1130/1188/1086 1043/1187/1085 1044/1189/1087
f 1190/1191/1089 1183/1349/1224 1217/1192/1090
f 1218/1194/1092 1216/1384/1248 1215/1195/1093
f 1220/1197/1095 1214/1385/1249 1212/1193/1091
f 1081/1198/1096 1086/1251/1138 1085/1199/1097
f 1080/1200/1098 1085/1199/1097 1084/1201/1099
f 1066/1202/1100 1061/1214/1111 1062/1203/1101
f 1076/1205/1103 1081/1198/1096 1080/1200/1098
f 1075/1206/1104 1080/1200/1098 1079/1181/1079
f 1098/1207/1105 1101/1255/1141 1095/1208/1106
f 1076/1205/1103 1075/1206/1104 1070/1210/1107
f 1075/1206/1104 1074/1177/1075 1069/1178/1076
f 1071/1211/1108 1070/1210/1107 1065/1212/1109
f 1070/1210/1107 1069/1178/1076 1064/1174/1072
f 1066/1202/1100 1065/1212/1109 1060/1213/1110
f 1065/1212/1109 1064/1174/1072 1059/1215/1112
f 1064/1174/1072 1063/1176/1074 1058/1216/1113
f 1061/1214/1111 1060/1213/1110 1056/1217/1114
f 1060/1213/1110 1059/1215/1112 1055/1219/1116
f 1059/1215/1112 1058/1216/1113 1054/1172/1070
f 1143/1220/1117 1057/1218/1115 1056/1217/1114
f 1144/1221/1118 1056/1217/1114 1055/1219/1116
f 1048/1222/1119 1099/1447/1293 1100/1223/1120
f 1053/1225/1121 1052/1305/1187 1047/1226/1122
f 1047/1226/1122 1052/1305/1187 1051/1228/1123
f 1048/1230/1119 1047/3415/1122 1123/1231/1125
f 1123/1231/1125 1047/3415/1122 1046/1233/1124
f 1124/1234/1127 1046/1233/1124 1045/1235/1128
f 1067/1237/1102 1062/1209/1101 1095/1208/1106
f 1072/1239/1131 1067/1237/1102 1094/1238/1130
f 1096/1241/1133 1077/3416/1136 1072/1239/1131
f 1082/1242/1134 1077/3417/1136 1096/1243/1133
f 1097/1244/1135 1096/1243/1133 968/1245/1026
f 968/1121/1026 1096/1241/1133 1093/1240/1132
f 1093/1240/1132 1094/1238/1130 1036/1163/1064
f 1094/1238/1130 1095/1208/1106 1037/1164/1065
f 1066/1202/1100 1067/1204/1102 1072/1246/1131
f 1071/1211/1108 1072/1246/1131 1077/1247/1136
f 1081/1198/1096 1076/1205/1103 1077/1247/1136
f 1061/1214/1111 1057/1218/1115 1098/1249/1105
f 1147/1250/1137 1098/1249/1105 1057/1218/1115
f 1086/1251/1138 1081/1198/1096 1082/1248/1134
f 1148/1253/1140 1101/1255/1141 1098/1207/1105
f 1101/1255/1141 1102/1257/1143 1037/1164/1065
f 1039/1168/1067 1105/1258/1144 308/342/316
f 1104/1256/1142 1105/1258/1144 1039/1168/1067
f 1102/1257/1143 1104/1256/1142 1038/1166/1066
f 1105/1258/1144 1111/1260/1146 317/346/320
f 1112/1259/1145 318/349/323 317/346/320
f 1113/1261/1147 319/351/325 318/349/323
f 1108/1262/1148 1111/1260/1146 1105/1258/1144
f 1109/1263/1149 1112/1259/1145 1111/1260/1146
f 1110/1264/1150 1113/1261/1147 1112/1259/1145
f 1104/1256/1142 1102/1257/1143 1103/1265/1151
f 1106/1266/1152 1109/1263/1149 1108/1262/1148
f 1107/1267/1153 1110/1264/1150 1109/1263/1149
f 1115/1268/1154 1114/1272/1158 1177/1269/1155
f 1117/1271/1157 1116/3418/1160 1114/1272/1158
f 1119/1273/1159 1118/1277/1162 1116/1274/1160
f 1121/1276/1161 1120/1300/1183 1118/1277/1162
f 1125/1236/1129 1126/1286/1171 1044/1189/1087
f 1042/1278/1163 1124/1234/1127 1125/1236/1129
f 1041/1184/1082 1123/1231/1125 1124/1234/1127
f 1040/1279/1164 1122/1232/1126 1123/1231/1125
f 1130/1188/1086 1131/1190/1088 1088/1280/1165
f 1090/1282/1167 1129/1186/1084 1130/1188/1086
f 1091/1283/1168 1128/1185/1083 1129/1186/1084
f 1092/1284/1169 1127/1183/1081 1128/1185/1083
f 1125/1236/1129 1045/1235/1128 1132/1285/1170
f 1046/1229/1124 1051/1228/1123 1050/1287/1172
f 1133/1289/1173 1115/1268/1154 1176/1270/1156
f 1115/1268/1154 1133/1289/1173 1134/1291/1175
f 1135/1292/1176 1119/1273/1159 1117/1275/1157
f 1136/1294/1177 1121/1276/1161 1119/1273/1159
f 1177/1269/1155 1114/1272/1158 1137/1295/1178
f 1114/1272/1158 1116/3418/1160 1139/1297/1180
f 1140/1298/1181 1139/1320/1180 1116/1274/1160
f 1138/1299/1182 1140/1298/1181 1118/1277/1162
f 1097/1244/1135 1141/1303/1185 1087/1301/1139
f 1097/1244/1135 967/1083/990 1142/1302/1184
f 1084/1201/1099 1220/1197/1095 1217/1192/1090
f 1085/1199/1097 1219/1196/1094 1220/1197/1095
f 1086/1251/1138 1218/1194/1092 1219/1196/1094
f 1221/1304/1186 1218/1194/1092 1086/1251/1138
f 1053/1224/1121 1100/1223/1120 1148/1253/1140
f 1053/1225/1121 1147/1250/1137 1143/1220/1117
f 1051/1228/1123 1144/1221/1118 1145/1171/1069
f 1052/1305/1187 1143/1220/1117 1144/1221/1118
f 1050/1287/1172 1145/1171/1069 1146/1173/1071
f 1180/1307/1189 1150/1308/1190 1133/1289/1173
f 1150/1308/1190 1151/1334/1192 1134/1291/1175
f 1149/1309/1191 1135/1292/1176 1134/1293/1175
f 1135/1292/1176 1149/1309/1191 1152/1311/1193
f 1153/1312/1194 1156/1321/1195 1140/1298/1181
f 1156/1313/1195 1153/1705/1194 1157/1314/1196
f 1186/1316/1198 1188/1353/1226 1149/1309/1191
f 1149/1309/1191 1188/1353/1226 1189/1317/1199
f 1156/1313/1195 1155/1315/1197 1154/1318/1200
f 1139/1320/1180 1140/1298/1181 1156/1321/1195
f 1159/1323/1202 1150/1308/1190 1180/1307/1189
f 1158/1325/1201 1161/1327/1205 1137/1295/1178
f 1054/1172/1070 1058/1216/1113 1179/1296/1179
f 1161/1327/1205 1162/1330/1208 1172/1328/1206
f 1161/1327/1205 1158/1325/1201 1160/1329/1207
f 1158/1325/1201 1154/1355/1200 1163/1331/1209
f 1164/1332/1210 1151/1334/1192 1150/1308/1190
f 1164/1332/1210 1165/1337/1213 1166/1333/1211
f 1166/1333/1211 1187/1368/1227 1186/1335/1198
f 1168/1336/1212 1166/1333/1211 1165/1337/1213
f 1170/1339/1215 1164/1332/1210 1159/1323/1202
f 1146/1173/1071 1172/1328/1206 1171/1341/1217
f 1045/1288/1128 1050/1287/1172 1049/1306/1188
f 1172/1328/1206 1162/1330/1208 1173/1343/1218
f 1049/1306/1188 1171/1341/1217 1259/1344/1219
f 1162/1330/1208 1160/1329/1207 1174/1345/1220
f 1171/1341/1217 1173/1343/1218 1258/1346/1221
f 1160/1329/1207 1163/1331/1209 1175/1347/1222
f 1175/1347/1222 1242/1414/1273 1243/1348/1223
f 1182/1326/1204 1172/1328/1206 1146/1173/1071
f 1161/1327/1205 1182/1326/1204 1179/1296/1179
f 1181/1324/1203 1180/1307/1189 1078/1179/1077
f 1180/1307/1189 1178/1290/1174 1073/1180/1078
f 1063/1176/1074 1177/1269/1155 1179/1296/1179
f 1178/1290/1174 1176/1270/1156 1068/1175/1073
f 1176/1270/1156 1177/1269/1155 1063/1176/1074
f 1169/1340/1216 1159/1323/1202 1181/1324/1203
f 1184/1350/1225 1185/1369/1239 1168/1351/1212
f 1186/1316/1198 1154/1318/1200 1155/1315/1197
f 1188/1353/1226 1155/1315/1197 1157/1314/1196
f 1187/1354/1227 1163/1331/1209 1154/1355/1200
f 1194/1357/1228 1170/1339/1215 1169/1340/1216
f 1183/1349/1224 1190/1191/1089 1191/1358/1229
f 1192/1359/1230 1190/1191/1089 1212/1193/1091
f 1196/1360/1231 1165/1337/1213 1164/1332/1210
f 1200/1361/1232 1167/1338/1214 1165/1337/1213
f 1193/1362/1233 1191/1358/1229 1190/1191/1089
f 1197/1363/1234 1194/1357/1228 1191/1358/1229
f 1195/1364/1235 1198/1366/1237 1194/1357/1228
f 1202/1365/1236 1201/1387/1244 1198/1366/1237
f 1166/1333/1211 1168/1336/1212 1199/1367/1238
f 1185/1369/1239 1203/1687/1482 1199/1370/1238
f 1199/1371/1238 1207/1439/1242 1210/1372/1240
f 1204/1373/1241 1201/1377/1244 1207/1374/1242
f 1163/1331/1209 1187/1354/1227 1210/1372/1240
f 1204/1373/1241 1205/1378/1245 1200/1376/1232
f 1205/1378/1245 1184/1350/1225 1167/1352/1214
f 1207/1379/1242 1201/1383/1244 1208/1380/1246
f 1202/1382/1236 1211/1389/1252 1208/1380/1246
f 1216/1384/1248 1091/1283/1168 1090/1282/1167
f 1215/1195/1093 1090/1282/1167 1089/1281/1166
f 1214/1385/1249 1089/1281/1166 1088/1280/1165
f 1213/1386/1250 1092/1284/1169 1091/1283/1168
f 1221/1304/1186 1213/1386/1250 1216/1384/1248
f 1183/1349/1224 1181/1324/1203 1083/1182/1080
f 1219/1196/1094 1215/1195/1093 1214/1385/1249
f 1201/1387/1244 1200/1361/1232 1196/1360/1231
f 1198/1366/1237 1196/1360/1231 1170/1339/1215
f 1202/1382/1236 1222/1391/1254 1223/1388/1251
f 1224/1390/1253 1225/1392/1255 1223/1388/1251
f 1225/1392/1255 1224/1390/1253 1226/1393/1256
f 1126/1286/1171 1229/1397/1260 1251/1395/1258
f 1228/1396/1259 1230/1400/1263 1131/1190/1088
f 1229/1397/1260 1232/1401/1264 1253/1398/1261
f 1228/1396/1259 1231/1403/1266 1233/1399/1262
f 1232/1401/1264 1235/1426/1283 1252/1402/1265
f 1231/1403/1266 1234/1408/1270 1236/1404/1267
f 1195/1364/1235 1237/1406/1268 1222/1405/1254
f 1236/1404/1267 1197/1363/1234 1193/1362/1233
f 1233/1399/1262 1193/1362/1233 1192/1359/1230
f 1192/1359/1230 1088/1280/1165 1131/1190/1088
f 1197/1363/1234 1236/1404/1267 1237/1406/1268
f 1238/1407/1269 1237/1406/1268 1236/1404/1267
f 1239/1409/1271 1222/1405/1254 1237/1406/1268
f 1239/1410/1271 1241/1422/1280 1240/1411/1272
f 1240/1411/1272 1244/1436/1286 1224/1413/1253
f 1242/1414/1273 1224/1434/1253 1245/1415/1274
f 1248/1417/1276 1247/1421/1279 1245/1418/1274
f 1250/1420/1278 1249/3419/1281 1247/1421/1279
f 1239/1410/1271 1249/3419/1281 1250/1420/1278
f 1238/1407/1269 1255/1424/1282 1249/1423/1281
f 1238/1407/1269 1234/1408/1270 1252/1402/1265
f 1234/1408/1270 1231/1403/1266 1253/1398/1261
f 1231/1403/1266 1228/1396/1259 1251/1395/1258
f 1255/1424/1282 1254/1427/1284 1247/1425/1279
f 1235/1426/1283 1254/1427/1284 1255/1424/1282
f 1254/1427/1284 1256/1429/1275 1245/1428/1274
f 1235/1426/1283 1257/3420/1285 1256/1429/1275
f 1242/1414/1273 1256/1416/1275 1257/1430/1285
f 1173/1343/1218 1243/1348/1223 1257/1430/1285
f 1258/1431/1221 1257/3420/1285 1235/1426/1283
f 1259/1432/1219 1258/1431/1221 1232/1401/1264
f 1132/1285/1170 1259/1432/1219 1229/1397/1260
f 1242/1414/1273 1175/1347/1222 1226/1433/1256
f 1245/1435/1274 1224/1413/1253 1244/1436/1286
f 1227/1438/1257 1226/3421/1256 1207/1379/1242
f 1226/1433/1256 1175/1347/1222 1210/1372/1240
f 1199/1440/1238 1203/1684/1482 1206/1375/1243
f 1148/1253/1140 1261/1442/1288 1260/1441/1287
f 1261/1442/1288 1263/1444/1290 1262/1443/1289
f 1263/1444/1290 1265/1459/1304 1264/1445/1291
f 1100/1223/1120 1267/1449/1295 1261/1442/1288
f 1266/1446/1292 1267/1449/1295 1100/1223/1120
f 1270/1448/1294 1263/1444/1290 1261/1442/1288
f 1269/1450/1296 1270/1448/1294 1267/1449/1295
f 1273/1451/1297 1265/1459/1304 1263/1444/1290
f 1272/1452/1298 1273/1451/1297 1270/1448/1294
f 1260/1441/1287 1103/1265/1151 1102/1257/1143
f 1103/1265/1151 1260/1441/1287 1262/1443/1289
f 1106/1266/1152 1262/1443/1289 1264/1445/1291
f 1122/1453/1126 1274/1455/1300 1099/1447/1293
f 1271/1454/1299 1266/1446/1292 1099/1447/1293
f 1266/1446/1292 1271/1454/1299 1268/1456/1301
f 1275/1457/1302 1272/1452/1298 1269/1450/1296
f 1279/1458/1303 1277/1464/1309 1265/1459/1304
f 1278/1460/1305 1279/1458/1303 1273/1451/1297
f 1265/1459/1304 1277/1464/1309 1276/1461/1306
f 1280/1462/1307 1278/1460/1305 1272/1452/1298
f 1284/1463/1308 1282/1469/1314 1277/1464/1309
f 1277/1464/1309 1282/1469/1314 1281/1465/1310
f 1285/1466/1311 1283/1467/1312 1278/1460/1305
f 1283/1467/1312 1284/1463/1308 1279/1458/1303
f 1289/1468/1313 1287/1483/1328 1282/1469/1314
f 1282/1469/1314 1287/1483/1328 1286/1470/1315
f 1290/1471/1316 1288/1472/1317 1283/1467/1312
f 1288/1472/1317 1289/1468/1313 1284/1463/1308
f 1107/1267/1153 1264/1445/1291 1276/1461/1306
f 1276/1461/1306 1281/1465/1310 1292/1474/1319
f 1281/1465/1310 1286/1470/1315 1293/1475/1320
f 1110/1264/1150 1107/1267/1153 1291/1473/1318
f 1110/1264/1150 1294/1476/1321 1295/1477/1322
f 1113/1261/1147 1295/1477/1322 502/564/503
f 1294/1476/1321 1291/1473/1318 1292/1474/1319
f 1294/1476/1321 1296/1478/1323 1297/1479/1324
f 1295/1477/1322 1297/1479/1324 505/567/506
f 1292/1474/1319 1293/1475/1320 1298/1480/1325
f 1302/1481/1326 1300/1484/1329 1288/1472/1317
f 1289/1468/1313 1301/3422/1331 1299/1482/1327
f 1300/1484/1329 1301/3422/1331 1289/1468/1313
f 1306/1485/1330 1304/1491/1333 1300/1486/1329
f 1301/1488/1331 1305/1493/1335 1303/1489/1332
f 1304/1491/1333 1305/1493/1335 1301/1488/1331
f 1309/1492/1334 1307/1495/1337 1303/1489/1332
f 1304/1491/1333 1308/1496/1338 1309/1492/1334
f 1312/1494/1336 1310/1822/1340 1307/1495/1337
f 1308/1496/1338 1311/1508/1341 1312/1494/1336
f 1315/1497/1339 1313/1502/1343 1310/1498/1340
f 1311/1500/1341 1314/1503/1344 1315/1497/1339
f 1315/1497/1339 1318/1504/1345 1316/1501/1342
f 1314/1503/1344 1317/1506/1347 1318/1504/1345
f 1318/1504/1345 1321/1507/1348 1319/1505/1346
f 1317/1506/1347 1320/1514/1353 1321/1507/1348
f 1306/1485/1330 1322/1509/1349 1308/1496/1338
f 1311/1508/1341 1308/1496/1338 1322/1509/1349
f 1324/1511/1351 1314/1503/1344 1311/1500/1341
f 1314/1503/1344 1324/1511/1351 1325/1513/1352
f 1320/1514/1353 1317/1506/1347 1325/1513/1352
f 1329/1516/1355 1330/1525/1359 1306/1485/1330
f 1328/1517/1356 1329/1523/1355 1302/1481/1326
f 1327/1518/1357 1328/1517/1356 1290/1471/1316
f 1333/1519/1358 1334/1526/1362 1330/1520/1359
f 1332/1522/1360 1333/1528/1358 1329/1523/1355
f 1331/1524/1361 1332/1522/1360 1328/1517/1356
f 1330/1525/1359 1323/1510/1350 1322/1509/1349
f 1323/1512/1350 1330/1520/1359 1334/1526/1362
f 1334/1526/1362 1326/1515/1354 1325/1513/1352
f 1333/1519/1358 1335/1529/1363 1326/1515/1354
f 1332/1522/1360 1337/1583/1369 1335/1527/1363
f 1335/1529/1363 1338/3423/1366 1320/1514/1353
f 1321/1507/1348 1339/1531/1365 1336/1530/1364
f 1320/1514/1353 1338/3423/1366 1339/1531/1365
f 1338/1532/1366 1342/1585/1410 1343/1533/1367
f 1339/1534/1365 1343/1533/1367 1340/1535/1368
f 1337/1537/1369 1342/1585/1410 1338/1532/1366
f 1296/1478/1323 1298/1480/1325 1340/1535/1368
f 1297/1479/1324 1340/1535/1368 553/626/552
f 1336/1536/1364 1340/1535/1368 1298/1480/1325
f 1293/1475/1320 1345/1540/1371 1341/1539/1370
f 1286/1470/1315 1344/1541/1372 1345/1540/1371
f 1287/1483/1328 1299/1482/1327 1344/1541/1372
f 1285/1466/1311 1280/1462/1307 1346/1542/1373
f 1280/1462/1307 1275/1457/1302 1347/1543/1374
f 565/1544/558 1352/1548/1378 1348/1545/1375
f 1354/1547/1377 1349/1550/1380 1348/1545/1375
f 1354/1547/1377 1356/1551/1381 1350/1549/1379
f 1356/1551/1381 1358/1553/1382 1331/1552/1361
f 1358/1553/1382 1360/1555/1384 1351/1554/1383
f 576/643/567 563/3411/602 1351/1554/1383
f 1623/645/569 577/648/572 1361/1556/1385
f 564/1558/1387 1613/662/586 567/660/584
f 1632/649/573 576/643/567 1360/1555/1384
f 1626/1560/1389 1627/1557/1386 1361/1556/1385
f 1636/647/571 1635/1562/1391 1359/1561/1390
f 1636/647/571 1360/1555/1384 1358/1553/1382
f 1626/1560/1389 1359/1561/1390 1357/1563/1392
f 1634/1565/1394 1357/1563/1392 1359/1561/1390
f 1634/1565/1394 1635/1562/1391 1358/1553/1382
f 1625/1564/1393 1357/1563/1392 1355/1566/1395
f 1631/650/574 1632/649/573 577/648/572
f 1634/1565/1394 1356/1551/1381 1354/1547/1377
f 1624/669/593 1355/1566/1395 1353/1568/1397
f 1633/1567/1396 1610/1569/1398 1353/1568/1397
f 1610/1569/1398 1633/1567/1396 1354/1547/1377
f 1625/1564/1393 1364/1571/1400 1365/1570/1399
f 1624/669/593 1363/668/592 1364/1571/1400
f 1610/1569/1398 564/1846/1387 1606/1572/1388
f 579/664/588 578/672/596 557/1573/1401
f 1623/645/569 1627/1557/1386 1366/1574/1402
f 1627/1557/1386 1626/1560/1389 1365/1570/1399
f 578/1576/596 585/1601/614 1367/1577/1404
f 1362/1578/1405 1367/1577/1404 1368/1579/1406
f 1363/668/592 1368/1579/1406 1369/1580/1407
f 1364/1571/1400 1369/1580/1407 1370/1581/1408
f 1366/1574/1402 1371/1582/1409 591/676/600
f 1365/1570/1399 1370/1581/1408 1371/1582/1409
f 1351/1584/1383 563/680/602 1342/1585/1410
f 1343/1533/1367 1342/1585/1410 563/680/602
f 553/626/552 1340/1535/1368 1343/1533/1367
f 1372/1587/1412 1375/1589/1413 1350/1588/1379
f 1375/1589/1413 1374/1591/1414 1349/1590/1380
f 1374/1591/1414 1373/1664/1470 1348/1592/1375
f 1327/1518/1357 1346/1542/1373 1372/1587/1412
f 1348/1592/1375 1373/1664/1470 597/1593/607
f 1376/1595/1415 1372/1587/1412 1346/1542/1373
f 1375/1589/1413 1372/1587/1412 1376/1595/1415
f 1374/1591/1414 1375/1589/1413 1377/1596/1416
f 603/1598/611 1370/1581/1408 1369/1580/1407
f 602/1600/613 1368/1579/1406 1367/1577/1404
f 603/1598/611 591/676/600 1371/1582/1409
f 601/1599/612 1369/1580/1407 1368/1579/1406
f 1379/1602/1418 1380/1606/1421 958/1070/980
f 1381/1603/1419 1382/1610/1425 962/1086/991
f 605/1604/617 1379/1602/1418 954/1066/977
f 1384/1605/1420 1385/1608/1423 1381/1603/1419
f 1388/1607/1422 1389/1613/1427 1385/1608/1423
f 1383/1609/1424 1384/1605/1420 1380/1606/1421
f 1385/1608/1423 1386/1615/1429 1382/1610/1425
f 610/1611/624 1383/1609/1424 1379/1602/1418
f 1392/1612/1426 1393/1618/1431 1389/1613/1427
f 1387/1614/1428 1388/1607/1422 1384/1605/1420
f 1389/1613/1427 1390/1620/1433 1386/1615/1429
f 615/1616/629 1387/1614/1428 1383/1609/1424
f 1396/1617/1430 1397/1644/1450 1393/1618/1431
f 1391/1619/1432 1392/1612/1426 1388/1607/1422
f 1393/1618/1431 1394/1624/1436 1390/1620/1433
f 620/1621/634 1391/1619/1432 1387/1614/1428
f 1395/1622/1434 1396/1617/1430 1392/1612/1426
f 1393/1618/1431 1397/1644/1450 1398/1623/1435
f 625/1625/638 1395/1622/1434 1391/1619/1432
f 1382/1610/1425 1142/1302/1184 967/1083/990
f 1399/1626/1437 1401/1639/1445 1122/1453/1126
f 1400/1628/1438 1402/1631/1439 1127/1629/1081
f 1402/1631/1439 1399/1626/1437 1040/1627/1164
f 1403/1632/1440 1400/1628/1438 1092/1630/1169
f 1087/1301/1139 1141/1303/1185 1404/1634/1441
f 1404/1634/1441 1403/1632/1440 1213/1633/1250
f 1409/1636/1442 1406/1641/1447 1400/1628/1438
f 1410/1637/1443 1409/1636/1442 1403/1632/1440
f 1405/1638/1444 1407/1643/1449 1401/1639/1445
f 1408/1640/1446 1405/1638/1444 1399/1626/1437
f 1141/1303/1185 1142/1302/1184 1410/1637/1443
f 1406/1641/1447 1408/1640/1446 1402/1631/1439
f 1410/1637/1443 1386/1615/1429 1390/1620/1433
f 1411/1642/1448 1412/1645/1451 1407/1643/1449
f 1398/1623/1435 1411/1642/1448 1405/1638/1444
f 1142/1302/1184 1382/1610/1425 1386/1615/1429
f 1394/1624/1436 1398/1623/1435 1408/1640/1446
f 1390/1620/1433 1394/1624/1436 1406/1641/1447
f 1380/1606/1421 1381/1603/1419 960/1074/984
f 1397/1644/1450 1413/1646/1452 1411/1642/1448
f 1412/1645/1451 1411/1642/1448 1413/1646/1452
f 1418/1648/1454 1417/1652/1458 1412/1645/1451
f 1412/1645/1451 1417/1652/1458 1416/1649/1455
f 1407/1643/1449 1416/1649/1455 1415/1650/1456
f 1418/1648/1454 1422/1655/1461 1421/1651/1457
f 1417/1652/1458 1421/1651/1457 1420/1653/1459
f 1416/1649/1455 1420/1653/1459 1419/1654/1460
f 1422/1655/1461 1426/1660/1466 1425/1656/1462
f 1421/1651/1457 1425/1656/1462 1424/1657/1463
f 1420/1653/1459 1424/1657/1463 1423/1658/1464
f 1430/1659/1465 1429/1663/1469 1425/1656/1462
f 1425/1656/1462 1429/1663/1469 1428/1661/1467
f 1424/1657/1463 1428/1661/1467 1427/1662/1468
f 1274/1455/1300 1122/1453/1126 1401/1639/1445
f 1274/1455/1300 1415/1650/1456 1419/1654/1460
f 1271/1454/1299 1419/1654/1460 1423/1658/1464
f 1275/1457/1302 1268/1456/1301 1423/1658/1464
f 1347/1543/1374 1427/1662/1468 1428/1661/1467
f 1376/1595/1415 1428/1661/1467 1429/1663/1469
f 1377/1596/1416 1429/1663/1469 1430/1659/1465
f 1373/1664/1470 1431/1666/1471 662/1665/674
f 1374/1591/1414 1378/1597/1417 1431/1666/1471
f 1432/1667/1472 664/1680/689 662/1665/674
f 1430/1659/1465 1432/1667/1472 1431/1666/1471
f 667/1668/677 1434/1669/1473 1395/1622/1434
f 1434/1669/1473 1433/1672/1475 1396/1617/1430
f 668/1670/680 1433/1672/1475 1434/1669/1473
f 668/1670/680 670/1673/682 1435/1671/1474
f 670/1673/682 672/1675/684 1436/1674/1476
f 672/1675/684 674/1677/686 1437/1676/1477
f 674/1677/686 676/1679/688 1438/1678/1478
f 1433/1672/1475 1413/1646/1452 1397/1644/1450
f 1413/1646/1452 1433/1672/1475 1435/1671/1474
f 1418/1648/1454 1414/1647/1453 1435/1671/1474
f 1422/1655/1461 1418/1648/1454 1436/1674/1476
f 1426/1660/1466 1422/1655/1461 1437/1676/1477
f 1432/1667/1472 1438/1678/1478 676/1679/688
f 1426/1660/1466 1438/1678/1478 1432/1667/1472
f 1206/1375/1243 1444/1709/3523 1442/1681/1479
f 1443/1682/1480 1439/1708/3524 1184/1350/1225
f 1441/1683/1481 1444/1709/3523 1206/1375/1243
f 1184/1350/1225 1439/1708/3524 1440/1685/1483
f 1442/1681/1479 1443/1682/1480 1205/1378/1245
f 1185/1369/1239 1440/1685/1483 1441/1686/1481
f 1211/1389/1252 1447/1712/3525 1445/1688/1484
f 1227/1394/1257 1450/1711/1488 1449/1689/1485
f 1208/1380/1246 1445/1688/1484 1446/1690/1486
f 1448/1691/1487 1447/1712/3525 1211/1389/1252
f 1209/1381/1247 1446/1690/1486 1450/1692/1488
f 1225/1392/1255 1449/1689/1485 1448/1691/1487
f 1454/1693/1489 1455/1697/1492 1248/1417/1276
f 1244/1436/1286 1453/1695/1490 1454/1694/1489
f 1240/1411/1272 1451/1714/3526 1453/1695/1490
f 1456/1696/1491 1452/1698/1493 1241/1422/1280
f 1455/1697/1492 1456/1696/1491 1250/1420/1278
f 1452/1698/1493 1451/1714/3526 1240/1411/1272
f 1457/1699/1494 1460/1717/3527 1138/1299/1182
f 1152/1311/1193 1461/1703/1498 1459/1700/1495
f 1463/1701/1496 1464/1715/3528 1189/1317/1199
f 1458/1702/1497 1457/1699/1494 1120/1300/1183
f 1189/1317/1199 1464/1715/3528 1461/1703/1498
f 1462/1704/1499 1463/1701/1496 1157/1314/1196
f 1138/1299/1182 1460/1717/3527 1462/1706/1499
f 1136/1294/1177 1459/1700/1495 1458/1702/1497
f 1552/1718/1528 1516/1731/1541 1517/1719/1529
f 1513/1721/1531 1514/1740/1547 1555/1722/1532
f 1518/1724/1534 1512/1729/1539 1557/1725/1535
f 1511/1727/1537 1513/1721/1531 1554/1723/1533
f 1512/1729/1539 1511/1727/1537 1558/1728/1538
f 1559/1730/1540 1515/1732/1542 1516/1731/1541
f 1555/1722/1532 1514/1740/1547 1515/1732/1542
f 1553/1733/1530 1517/1738/1529 1518/1724/1534
f 1526/1734/1543 1520/1742/1549 1512/1729/1539
f 1515/1732/1542 1523/1741/1548 1524/1735/1544
f 1511/1727/1537 1519/1744/1551 1521/1736/1545
f 1525/1737/1546 1526/1734/1543 1518/1724/1534
f 1516/1731/1541 1524/1735/1544 1525/1739/1546
f 1514/1740/1547 1522/1746/1553 1523/1741/1548
f 1520/1742/1549 1519/1744/1551 1511/1727/1537
f 1521/1736/1545 1522/1746/1553 1514/1740/1547
f 1528/1743/1550 1527/1757/1562 1519/1744/1551
f 1521/1736/1545 1529/1749/1556 1530/1745/1552
f 1534/1747/1554 1528/1743/1550 1520/1742/1549
f 1523/1741/1548 1531/1752/1558 1532/1748/1555
f 1519/1744/1551 1527/1757/1562 1529/1749/1556
f 1533/1750/1557 1534/1747/1554 1526/1734/1543
f 1524/1735/1544 1532/1748/1555 1533/1751/1557
f 1522/1746/1553 1530/1745/1552 1531/1752/1558
f 1541/1753/1559 1542/1759/1564 1534/1747/1554
f 1532/1748/1555 1540/1760/1565 1541/1754/1559
f 1530/1745/1552 1538/1758/1563 1539/1755/1560
f 1536/1756/1561 1535/1762/1567 1527/1757/1562
f 1529/1749/1556 1537/1761/1566 1538/1758/1563
f 1542/1759/1564 1536/1756/1561 1528/1743/1550
f 1531/1752/1558 1539/1755/1560 1540/1760/1565
f 1527/1757/1562 1535/1762/1567 1537/1761/1566
f 1535/1762/1567 1543/1772/1576 1545/1763/1568
f 1549/1764/1569 1550/1769/1573 1542/1759/1564
f 1540/1760/1565 1548/1770/1574 1549/1765/1569
f 1538/1758/1563 1546/1768/1572 1547/1766/1570
f 1544/1767/1571 1543/1772/1576 1535/1762/1567
f 1537/1761/1566 1545/1763/1568 1546/1768/1572
f 1550/1769/1573 1544/1767/1571 1536/1756/1561
f 1539/1755/1560 1547/1766/1570 1548/1770/1574
f 904/1773/1577 1553/1733/1530 1556/1726/1536
f 898/1775/1579 1555/1722/1532 1559/1730/1540
f 900/1776/1580 1559/1730/1540 1552/1718/1528
f 1557/1725/1535 1558/1728/1538 895/1778/1582
f 1558/1728/1538 1554/1723/1533 897/1780/1584
f 1556/1726/1536 1557/1725/1535 896/1779/1583
f 1554/1723/1533 1555/1722/1532 898/1775/1579
f 902/1777/1581 1552/1718/1528 1553/1720/1530
f 1299/1490/1327 1562/1784/1586 1560/1782/1585
f 1303/1489/1332 1563/1814/1614 1562/1784/1586
f 1566/1785/1587 1565/1786/1588 1319/1505/1346
f 1565/1786/1588 1564/1790/1590 1316/1501/1342
f 1341/1787/1370 1567/1789/1589 1566/1785/1587
f 1345/1788/1371 1561/1816/1617 1567/1789/1589
f 1564/1790/1590 1570/1819/1622 1313/1502/1343
f 1568/1791/1591 1563/1814/1614 1303/1489/1332
f 1313/1502/1343 1570/1819/1622 1569/1792/1592
f 1586/1810/1612 1583/1811/1631 1560/1782/1585
f 1585/1807/1613 1586/1810/1612 1562/1784/1586
f 1566/1785/1587 1571/1797/1619 1572/1799/1616
f 1561/1816/1617 1589/1824/1629 1591/1817/1618
f 1568/1791/1591 1587/1808/1627 1585/1807/1613
f 1567/1789/1589 1591/1817/1618 1571/1797/1619
f 1581/1818/1620 1579/3424/1624 1590/1793/1593
f 1575/1798/1621 1573/1820/1623 1570/1819/1622
f 1573/1820/1623 1581/1818/1620 1569/1792/1592
f 1572/1799/1616 1575/1798/1621 1564/1790/1590
f 1590/1821/1593 1568/1791/1591 1307/1495/1337
f 1579/1823/1624 1587/1808/1627 1568/1791/1591
f 1573/1796/1623 1574/1795/1628 1578/1806/1625
f 1579/1804/1624 1580/1803/1632 1584/1813/1626
f 1574/1795/1628 1571/1797/1619 1591/1817/1618
f 1577/1805/1630 1589/1824/1629 1561/1816/1617
f 1592/1815/1615 1561/1816/1617 1345/1788/1371
f 1578/1806/1625 1574/1795/1628 1589/1824/1629
f 1584/1813/1626 1592/1815/1615 1560/1782/1585
f 1580/1803/1632 1577/1805/1630 1592/1815/1615
f 1595/1826/1633 1596/1833/1640 845/934/864
f 845/934/864 1596/1833/1640 1597/1827/1634
f 849/1828/1635 1598/1832/1639 1599/1829/1636
f 851/940/868 1599/1829/1636 1593/1830/1637
f 1594/1831/1638 1595/1826/1633 843/932/862
f 847/1169/1068 1597/1827/1634 1598/1832/1639
f 1593/1830/1637 1594/1831/1638 841/930/860
f 1599/1829/1636 1598/1832/1639 1594/1831/1638
f 1594/1831/1638 1598/1832/1639 1597/1827/1634
f 187/198/189 194/209/199 188/874/801
f 996/1116/1021 949/1061/976 997/1126/1029
f 1600/667/1641 1602/1841/1651 1601/1834/1642
f 1603/661/1644 1605/1838/1647 1604/1836/1645
f 1603/661/1644 557/1573/1643 1601/1837/1642
f 1606/1559/1648 567/660/1646 1604/1836/1645
f 1600/667/1641 1353/1568/1652 1608/1840/1650
f 1606/1572/1648 1607/1844/1649 1608/1840/1650
f 1610/1569/1654 1612/1852/1664 1611/1845/1655
f 1613/662/1657 1615/1849/1660 1614/1847/1658
f 1613/662/1657 564/1558/1656 1611/1848/1655
f 565/633/1661 566/635/1659 1614/1847/1658
f 1610/1569/1654 1352/1548/1665 1617/1851/1663
f 565/1544/1661 1616/1855/1662 1617/1851/1663
f 557/1835/1401 578/1576/596 1362/1578/1405
f 1633/1567/1396 1355/1566/1395 1357/1563/1392
f 1628/659/583 1629/656/580 571/654/578
usemtl Teeth_Mat.001
f 713/1856/1667 709/1857/1668 710/1858/1669
f 707/1859/1670 713/1856/1667 710/1858/1669
f 712/1860/1671 713/1856/1667 708/1861/1672
f 711/1862/1673 713/1856/1667 712/1860/1671
f 709/1857/1668 713/1856/1667 711/1862/1673
f 708/1861/1672 713/1856/1667 707/1863/1670
f 720/1864/1674 716/1865/1675 717/1866/1676
f 714/1867/1677 720/1864/1674 717/1866/1676
f 719/1868/1678 720/1864/1674 715/1869/1679
f 718/1870/1680 720/1864/1674 719/1868/1678
f 716/1865/1675 720/1864/1674 718/1870/1680
f 715/1869/1679 720/1864/1674 714/1871/1677
f 727/1872/1681 723/1873/1682 724/1874/1683
f 721/1875/1684 727/1872/1681 724/1874/1683
f 726/1876/1685 727/1872/1681 722/1877/1686
f 725/1878/1687 727/1872/1681 726/1876/1685
f 723/1873/1682 727/1872/1681 725/1878/1687
f 722/1877/1686 727/1872/1681 721/1879/1684
f 734/1880/1688 730/1881/1689 731/1882/1690
f 728/1883/1691 734/1880/1688 731/1882/1690
f 733/1884/1692 734/1880/1688 729/1885/1693
f 732/1886/1694 734/1880/1688 733/1884/1692
f 730/1881/1689 734/1880/1688 732/1887/1694
f 729/1885/1693 734/1880/1688 728/1883/1691
f 741/1888/1695 737/1889/1696 738/1890/1697
f 735/1891/1698 741/1888/1695 738/1890/1697
f 740/1892/1699 741/1888/1695 736/1893/1700
f 739/1894/1701 741/1888/1695 740/1892/1699
f 737/1889/1696 741/1888/1695 739/1895/1701
f 736/1893/1700 741/1888/1695 735/1891/1698
f 748/1896/1702 744/1897/1703 745/1898/1704
f 742/1899/1705 748/1896/1702 745/1898/1704
f 747/1900/1706 748/1896/1702 743/1901/1707
f 746/1902/1708 748/1896/1702 747/1900/1706
f 744/1897/1703 748/1896/1702 746/1903/1708
f 743/1901/1707 748/1896/1702 742/1899/1705
f 1475/1904/1667 1472/1905/1672 1471/1906/1671
f 1469/1907/1670 1472/1905/1672 1475/1904/1667
f 1474/1908/1668 1470/1909/1669 1475/1904/1667
f 1473/1910/1673 1474/1908/1668 1475/1904/1667
f 1471/1906/1671 1473/1910/1673 1475/1904/1667
f 1470/1909/1669 1469/1911/1670 1475/1904/1667
f 1482/1912/1674 1479/1913/1679 1478/1914/1709
f 1476/1915/1710 1479/1913/1679 1482/1912/1674
f 1481/1916/1675 1477/1917/1676 1482/1912/1674
f 1480/1918/1680 1481/1916/1675 1482/1912/1674
f 1478/1914/1709 1480/1918/1680 1482/1912/1674
f 1477/1917/1676 1476/1919/1710 1482/1912/1674
f 1489/1920/1711 1486/1921/1686 1485/1922/1712
f 1483/1923/1684 1486/1921/1686 1489/1920/1711
f 1488/1924/1682 1484/1925/1683 1489/1920/1711
f 1487/1926/1687 1488/1924/1682 1489/1920/1711
f 1485/1922/1712 1487/1926/1687 1489/1920/1711
f 1484/1925/1683 1483/1927/1684 1489/1920/1711
f 1496/1928/1713 1493/1929/1693 1492/1930/1692
f 1490/1931/1691 1493/1929/1693 1496/1928/1713
f 1495/1932/1689 1491/1933/1690 1496/1928/1713
f 1494/1934/1694 1495/1932/1689 1496/1928/1713
f 1492/1930/1692 1494/1935/1694 1496/1928/1713
f 1491/1933/1690 1490/1931/1691 1496/1928/1713
f 1503/1936/1714 1500/1937/1715 1499/1938/1716
f 1497/1939/1717 1500/1937/1715 1503/1936/1714
f 1502/1940/1718 1498/1941/1719 1503/1936/1714
f 1501/1942/1720 1502/1940/1718 1503/1936/1714
f 1499/1938/1716 1501/1943/1720 1503/1936/1714
f 1498/1941/1719 1497/1939/1717 1503/1936/1714
f 1510/1944/1721 1507/1945/1722 1506/1946/1723
f 1504/1947/1724 1507/1945/1722 1510/1944/1721
f 1509/1948/1725 1505/1949/1726 1510/1944/1721
f 1508/1950/1727 1509/1948/1725 1510/1944/1721
f 1506/1946/1723 1508/1951/1727 1510/1944/1721
f 1505/1949/1726 1504/1947/1724 1510/1944/1721
usemtl Armband_Mat.001
f 1642/1952/1728 1656/1953/1729 1641/1954/1730
f 1655/1955/1731 1656/1953/1731 1658/1956/1731
f 1643/1957/1732 1655/1955/1733 1652/1958/1734
f 1669/1959/1735 1649/1960/1735 1647/1961/1735
f 1641/1954/1730 1646/1962/1736 1642/1952/1728
f 1657/1963/1737 1640/1964/1738 1654/1965/1739
f 1645/1966/1740 1644/1967/1741 1643/1957/1732
f 1669/1959/1742 1645/1966/1740 1667/1968/1743
f 1676/1969/1744 1663/1970/1745 1666/1971/1746
f 1652/1958/1734 1654/1972/1739 1650/1973/1747
f 1637/1974/1748 1651/1975/1749 1638/1976/1750
f 1653/1977/1751 1657/1963/1737 1656/1953/1729
f 1650/1973/1747 1640/1978/1738 1639/1979/1752
f 1656/1953/1729 1644/1967/1741 1641/1954/1730
f 1649/1960/1753 1670/1980/1753 1648/1981/1753
f 1675/1982/1754 1659/1983/1755 1678/1984/1756
f 1674/1985/1757 1678/1984/1756 1672/1986/1758
f 1662/1987/1759 1671/1988/1760 1661/1989/1761
f 1695/1990/1762 1697/1991/1763 1696/1992/1764
f 1697/1991/1763 1695/1990/1762 1694/1993/1765
f 1663/1970/1745 1669/1994/1742 1666/1971/1746
f 1654/1972/1766 1655/1955/1766 1658/1956/1766
f 1664/1995/1767 1677/1996/1768 1674/1985/1757
f 1678/1984/1769 1679/1997/1769 1675/1982/1769
f 1665/1998/1770 1676/1999/1744 1666/2000/1746
f 1679/1997/1771 1676/1969/1771 1675/2001/1771
f 1668/2002/1772 1663/1970/1745 1664/1995/1767
f 1669/1994/1773 1670/1980/1773 1649/1960/1773
f 1666/2000/1746 1667/1968/1743 1665/1998/1770
f 1694/1993/1774 1680/2003/1775 1683/2004/1776
f 1675/2005/1754 1673/2006/1777 1671/1988/1760
f 1672/1986/1758 1659/1983/1755 1660/2007/1778
f 1649/1960/1779 1648/1981/1779 1647/1961/1779
f 1640/1978/1738 1689/2008/1780 1639/1979/1752
f 1705/2009/1781 1685/2010/1782 1703/2011/1783
f 1680/2003/1775 1686/2012/1784 1683/2004/1776
f 1670/1980/1785 1646/1962/1736 1648/1981/1786
f 1710/2013/1787 1711/2014/1788 1714/2015/1789
f 1698/2016/1790 1711/2017/1791 1701/2018/1792
f 1696/1992/1764 1697/1991/1763 1693/2019/1793
f 1682/2020/1794 1694/2021/1774 1683/2022/1776
f 1690/2023/1795 1637/1974/1748 1638/1976/1750
f 1697/1991/1763 1694/2024/1765 1693/2019/1793
f 1685/2010/1782 1680/2003/1775 1681/2025/1796
f 1693/2019/1797 1637/1974/1748 1696/1992/1798
f 1683/2022/1776 1684/2026/1799 1682/2020/1794
f 1704/2027/1800 1684/2026/1799 1686/2028/1784
f 1693/2029/1797 1691/2030/1801 1689/2008/1780
f 1681/2025/1796 1695/1990/1802 1692/2031/1803
f 1692/2031/1803 1696/1992/1798 1690/2023/1795
f 1711/2017/1788 1712/2032/1804 1714/2015/1789
f 1704/2033/1805 1686/2012/1806 1688/2034/1807
f 1706/2035/1808 1662/1987/1759 1661/1989/1761
f 1658/1956/1809 1656/1953/1809 1657/1963/1809
f 1657/1963/1810 1654/1965/1810 1658/1956/1810
f 1705/2009/1781 1701/2018/1792 1704/2036/1800
f 1709/2037/1811 1713/2038/1812 1712/2032/1813
f 1713/2038/1814 1710/2013/1787 1714/2015/1789
f 1700/2039/1815 1711/2040/1791 1708/2041/1816
f 1659/1983/1755 1707/2042/1817 1660/2007/1778
f 1714/2015/1789 1712/2032/1804 1713/2038/1814
f 1698/2016/1790 1703/2011/1783 1699/2043/1818
f 1688/2034/1807 1705/2009/1819 1704/2036/1805
f 1702/2044/1820 1701/2045/1792 1700/2039/1815
f 1708/2041/1816 1710/2046/1821 1706/2035/1808
f 1699/2043/1818 1712/2032/1813 1698/2016/1790
f 1710/2013/1821 1659/1983/1755 1662/2047/1759
f 1687/2048/1822 1705/2009/1819 1688/2034/1807
f 1686/2012/1806 1687/2048/1822 1688/2034/1807
f 1679/1997/1823 1677/1996/1823 1676/1969/1823
f 1677/1996/1824 1679/1997/1824 1678/1984/1824
f 1648/1981/1786 1644/1967/1741 1647/1961/1825
f 1734/2049/1826 1720/2050/1827 1719/2051/1828
f 1733/2052/1829 1736/2053/1830 1734/2049/1831
f 1721/2054/1832 1733/2052/1833 1722/2055/1834
f 1747/2056/1835 1725/2057/1836 1727/2058/1837
f 1719/2051/1828 1724/2059/1838 1726/2060/1839
f 1718/2061/1840 1735/2062/1841 1732/2063/1842
f 1722/2055/1834 1723/2064/1843 1721/2054/1832
f 1745/2065/1844 1725/2057/1845 1747/2056/1846
f 1754/2066/1847 1741/2067/1848 1755/2068/1849
f 1730/2069/1850 1732/2070/1842 1733/2052/1833
f 1729/2071/1851 1715/2072/1852 1716/2073/1853
f 1735/2062/1841 1731/2074/1854 1734/2049/1826
f 1718/2075/1840 1728/2076/1855 1717/2077/1856
f 1719/2051/1828 1733/2052/1833 1734/2049/1826
f 1727/2058/1837 1726/2060/1857 1748/2078/1858
f 1756/2079/1859 1740/2080/1860 1753/2081/1861
f 1752/2082/1862 1756/2079/1859 1755/2068/1849
f 1740/2083/1860 1749/2084/1863 1753/2085/1861
f 1773/2086/1864 1774/2087/1865 1775/2088/1866
f 1775/2088/1866 1772/2089/1867 1773/2086/1864
f 1741/2067/1848 1747/2090/1846 1748/2078/1868
f 1732/2070/1869 1736/2053/1830 1733/2052/1829
f 1755/2068/1849 1742/2091/1870 1752/2082/1862
f 1756/2079/1871 1753/2081/1872 1757/2092/1873
f 1754/2093/1847 1743/2094/1874 1744/2095/1875
f 1757/2092/1873 1753/2096/1872 1754/2066/1876
f 1741/2067/1848 1746/2097/1877 1742/2091/1870
f 1747/2090/1835 1727/2058/1837 1748/2078/1858
f 1744/2095/1875 1745/2065/1844 1747/2056/1846
f 1761/2098/1878 1773/2086/1879 1772/2089/1880
f 1753/2085/1861 1751/2099/1881 1754/2093/1847
f 1737/2100/1882 1750/2101/1883 1738/2102/1884
f 1727/2058/1837 1725/2057/1836 1726/2060/1857
f 1718/2075/1840 1767/2103/1885 1771/2104/1886
f 1781/2105/1887 1765/2106/1888 1783/2107/1889
f 1758/2108/1890 1764/2109/1891 1765/2106/1888
f 1726/2060/1839 1746/2097/1877 1748/2078/1868
f 1788/2110/1892 1792/2111/1893 1789/2112/1894
f 1779/2113/1895 1790/2114/1896 1776/2115/1897
f 1774/2087/1865 1771/2116/1898 1775/2088/1866
f 1772/2117/1880 1760/2118/1899 1761/2119/1878
f 1715/2072/1852 1768/2120/1900 1716/2073/1853
f 1775/2088/1866 1771/2116/1898 1772/2121/1867
f 1758/2108/1890 1763/2122/1901 1759/2123/1902
f 1771/2116/1886 1715/2072/1852 1718/2061/1840
f 1761/2119/1878 1762/2124/1903 1764/2125/1891
f 1762/2124/1903 1782/2126/1904 1764/2125/1891
f 1771/2104/1886 1769/2127/1905 1772/2117/1880
f 1773/2086/1879 1759/2123/1902 1770/2128/1906
f 1770/2128/1906 1774/2087/1907 1773/2086/1879
f 1789/2129/1894 1792/2111/1893 1790/2114/1908
f 1782/2130/1909 1766/2131/1910 1764/2109/1911
f 1740/2083/1860 1784/2132/1912 1739/2133/1913
f 1736/2053/1830 1735/2062/1914 1734/2049/1831
f 1735/2062/1914 1736/2053/1830 1732/2063/1869
f 1782/2134/1904 1776/2115/1897 1783/2107/1889
f 1791/2135/1915 1787/2136/1916 1790/2114/1896
f 1791/2135/1917 1792/2111/1893 1788/2110/1892
f 1778/2137/1918 1789/2138/1919 1779/2139/1895
f 1737/2100/1882 1785/2140/1920 1791/2135/1915
f 1792/2111/1893 1791/2135/1917 1790/2114/1908
f 1776/2115/1897 1781/2105/1887 1783/2107/1889
f 1766/2131/1910 1782/2134/1909 1783/2107/1921
f 1779/2139/1895 1780/2141/1922 1778/2137/1918
f 1786/2142/1923 1788/2143/1924 1789/2138/1919
f 1790/2114/1896 1777/2144/1925 1776/2115/1897
f 1737/2100/1882 1788/2110/1924 1740/2080/1860
f 1765/2106/1926 1766/2131/1910 1783/2107/1921
f 1764/2109/1911 1766/2131/1910 1765/2106/1926
f 1757/2092/1873 1754/2066/1876 1755/2068/1927
f 1755/2068/1927 1756/2079/1871 1757/2092/1873
f 1725/2057/1845 1719/2051/1828 1726/2060/1839
f 3033/1952/1928 3047/1953/1929 3032/1954/1930
f 3046/1955/1931 3047/1953/1932 3049/1956/1933
f 3034/1957/1934 3046/1955/1935 3043/1958/1936
f 3060/1959/1937 3040/1960/1938 3038/1961/1939
f 3032/1954/1930 3037/1962/1940 3033/1952/1928
f 3048/1963/1941 3031/1964/1942 3045/1965/1943
f 3036/1966/1944 3035/1967/1945 3034/1957/1934
f 3058/1968/1946 3038/1961/1947 3036/1966/1944
f 3068/1996/1948 3057/1971/1949 3067/1969/1950
f 3043/1958/1936 3045/1972/1943 3041/1973/1951
f 3028/1974/1952 3042/1975/1953 3029/1976/1954
f 3044/1977/1955 3048/1963/1941 3047/1953/1929
f 3041/1973/1951 3031/1978/1942 3030/1979/1956
f 3047/1953/1929 3035/1967/1945 3032/1954/1930
f 3040/1960/1938 3061/1980/1957 3039/1981/1958
f 3066/1982/1959 3050/1983/1960 3069/1984/1961
f 3065/1985/1962 3069/1984/1961 3063/1986/1963
f 3053/1987/1964 3062/1988/1965 3052/1989/1966
f 3086/1990/1967 3088/1991/1968 3087/1992/1969
f 3088/1991/1968 3086/1990/1967 3085/1993/1970
f 3054/1970/1971 3060/1994/1972 3057/1971/1949
f 3045/1972/1973 3046/1955/1931 3049/1956/1933
f 3055/1995/1974 3068/1996/1948 3065/1985/1962
f 3069/1984/1975 3070/1997/1976 3066/1982/1977
f 3056/1998/1978 3067/1999/1950 3057/2000/1949
f 3070/1997/1976 3067/1969/1979 3066/2001/1977
f 3059/2002/1980 3054/1970/1971 3055/1995/1974
f 3060/1994/1937 3061/1980/1957 3040/1960/1938
f 3057/2000/1949 3058/1968/1946 3056/1998/1978
f 3086/1990/1981 3074/2004/1982 3085/1993/1983
f 3066/2005/1959 3064/2006/1984 3062/1988/1965
f 3063/1986/1963 3050/1983/1960 3051/2007/1985
f 3040/1960/1938 3039/1981/1958 3038/1961/1939
f 3031/1978/1942 3080/2008/1986 3030/1979/1956
f 3094/2011/1987 3078/2048/1988 3076/2010/1989
f 3078/2048/1988 3074/2004/1982 3071/2003/1990
f 3039/1981/1991 3059/2002/1980 3037/1962/1940
f 3101/2013/1992 3102/2014/1993 3105/2015/1994
f 3103/2032/1995 3092/2018/1996 3089/2016/1997
f 3087/1992/1969 3088/1991/1968 3084/2019/1998
f 3073/2020/1999 3085/2021/1983 3074/2022/1982
f 3081/2023/2000 3028/1974/1952 3029/1976/1954
f 3088/1991/1968 3085/2024/1970 3084/2019/1998
f 3076/2010/1989 3071/2003/1990 3072/2025/2001
f 3084/2019/2002 3028/1974/1952 3087/1992/2003
f 3074/2022/1982 3075/2026/2004 3073/2020/1999
f 3077/2028/2005 3093/2044/2006 3075/2026/2004
f 3084/2029/2002 3082/2030/2007 3080/2008/1986
f 3072/2025/2001 3086/1990/1981 3083/2031/2008
f 3083/2031/2008 3087/1992/2003 3081/2023/2000
f 3102/2017/1993 3103/2032/2009 3105/2015/1994
f 3095/2033/2010 3077/2012/2011 3079/2034/2012
f 3097/2035/2013 3053/1987/1964 3052/1989/1966
f 3049/1956/1933 3047/1953/1932 3048/1963/2014
f 3048/1963/2014 3045/1965/1973 3049/1956/1933
f 3095/2036/2015 3089/2016/1997 3092/2018/1996
f 3100/2037/2016 3104/2038/2017 3103/2032/1995
f 3104/2038/2018 3101/2013/1992 3105/2015/1994
f 3091/2039/2019 3102/2040/2020 3099/2041/2021
f 3050/1983/1960 3098/2042/2022 3051/2007/1985
f 3105/2015/1994 3103/2032/2009 3104/2038/2018
f 3089/2016/1997 3094/2011/1987 3090/2043/2023
f 3079/2034/2012 3096/2009/2024 3095/2036/2010
f 3093/2044/2006 3092/2045/1996 3091/2039/2019
f 3099/2041/2021 3101/2046/2025 3097/2035/2013
f 3090/2043/2023 3103/2032/1995 3089/2016/1997
f 3053/2047/1964 3104/2038/2017 3050/1983/1960
f 3078/2048/2026 3096/2009/2024 3079/2034/2012
f 3077/2012/2011 3078/2048/2026 3079/2034/2012
f 3070/1997/1976 3068/1996/2027 3067/1969/1979
f 3068/1996/2027 3070/1997/1976 3069/1984/1975
f 3038/1961/1947 3032/1954/1930 3035/1967/1945
f 3125/2049/2028 3111/2050/2029 3110/2051/2030
f 3124/2052/2031 3127/2053/2032 3125/2049/2033
f 3112/2054/2034 3124/2052/2035 3113/2055/2036
f 3138/2056/2037 3116/2057/2038 3118/2058/2039
f 3110/2051/2030 3115/2059/2040 3117/2060/2041
f 3109/2061/2042 3126/2062/2043 3123/2063/2044
f 3113/2055/2036 3114/2064/2045 3112/2054/2034
f 3136/2065/2046 3116/2057/2047 3138/2056/2048
f 3135/2145/2049 3146/2068/2050 3145/2066/2051
f 3121/2069/2052 3123/2070/2044 3124/2052/2035
f 3120/2071/2053 3106/2072/2054 3107/2073/2055
f 3126/2062/2043 3122/2074/2056 3125/2049/2028
f 3109/2075/2042 3119/2076/2057 3108/2077/2058
f 3113/2055/2036 3125/2049/2028 3110/2051/2030
f 3118/2058/2039 3117/2060/2059 3139/2078/2060
f 3144/2081/2061 3128/2100/2062 3131/2080/2063
f 3143/2082/2064 3147/2079/2065 3146/2068/2050
f 3131/2083/2063 3140/2084/2066 3144/2085/2061
f 3164/2086/2067 3165/2087/2068 3166/2088/2069
f 3166/2088/2069 3163/2089/2070 3164/2086/2067
f 3132/2067/2071 3138/2090/2048 3139/2078/2072
f 3123/2070/2073 3127/2053/2032 3124/2052/2031
f 3146/2068/2050 3133/2091/2074 3143/2082/2064
f 3147/2079/2075 3144/2081/2076 3148/2092/2077
f 3145/2093/2051 3134/2094/2078 3135/2095/2049
f 3148/2092/2077 3144/2096/2076 3145/2066/2079
f 3132/2067/2071 3137/2097/2080 3133/2091/2074
f 3138/2090/2037 3118/2058/2039 3139/2078/2060
f 3135/2095/2049 3136/2065/2046 3138/2056/2048
f 3152/2098/2081 3164/2086/2082 3163/2089/2083
f 3144/2085/2061 3142/2099/2084 3145/2093/2051
f 3128/2100/2062 3141/2101/2085 3129/2102/2086
f 3118/2058/2039 3116/2057/2038 3117/2060/2059
f 3109/2075/2042 3158/2103/2087 3162/2104/2088
f 3172/2105/2089 3156/2106/2090 3174/2107/2091
f 3152/2098/2081 3156/2106/2090 3149/2108/2092
f 3117/2060/2041 3137/2097/2080 3139/2078/2072
f 3179/2110/2093 3183/2111/2094 3180/2112/2095
f 3170/2113/2096 3181/2114/2097 3167/2115/2098
f 3165/2087/2068 3162/2116/2099 3166/2088/2069
f 3163/2117/2083 3151/2118/2100 3152/2119/2081
f 3106/2072/2054 3159/2120/2101 3107/2073/2055
f 3166/2088/2069 3162/2116/2099 3163/2121/2070
f 3149/2108/2092 3154/2122/2102 3150/2123/2103
f 3162/2116/2088 3106/2072/2054 3109/2061/2042
f 3152/2119/2081 3153/2124/2104 3155/2125/2105
f 3155/2125/2105 3171/2141/2106 3173/2126/2107
f 3162/2104/2088 3160/2127/2108 3163/2117/2083
f 3164/2086/2082 3150/2123/2103 3161/2128/2109
f 3161/2128/2109 3165/2087/2110 3164/2086/2082
f 3180/2129/2095 3183/2111/2094 3181/2114/2111
f 3173/2130/2112 3157/2131/2113 3155/2109/2114
f 3131/2083/2063 3175/2132/2115 3130/2133/2116
f 3127/2053/2032 3126/2062/2117 3125/2049/2033
f 3126/2062/2117 3127/2053/2032 3123/2063/2073
f 3173/2134/2107 3167/2115/2098 3174/2107/2091
f 3182/2135/2118 3178/2136/2119 3181/2114/2097
f 3182/2135/2120 3183/2111/2094 3179/2110/2093
f 3169/2137/2121 3180/2138/2122 3170/2139/2096
f 3128/2100/2062 3176/2140/2123 3182/2135/2118
f 3183/2111/2094 3182/2135/2120 3181/2114/2111
f 3167/2115/2098 3172/2105/2089 3174/2107/2091
f 3157/2131/2113 3173/2134/2112 3174/2107/2124
f 3170/2139/2096 3171/2141/2106 3169/2137/2121
f 3177/2142/2125 3179/2143/2126 3180/2138/2122
f 3181/2114/2097 3168/2144/2127 3167/2115/2098
f 3131/2080/2063 3182/2135/2118 3179/2110/2126
f 3156/2106/2128 3157/2131/2113 3174/2107/2124
f 3155/2109/2114 3157/2131/2113 3156/2106/2128
f 3148/2092/2077 3145/2066/2079 3146/2068/2129
f 3146/2068/2129 3147/2079/2075 3148/2092/2077
f 3116/2057/2047 3110/2051/2030 3117/2060/2041
f 1642/1952/1728 1653/1977/1751 1656/1953/1729
f 1643/1957/1732 1644/1967/1741 1655/1955/1733
f 1641/1954/1730 1648/1981/1786 1646/1962/1736
f 1657/1963/1737 1637/1974/1748 1640/1964/1738
f 1645/1966/1740 1647/1961/1825 1644/1967/1741
f 1669/1959/1742 1647/1961/1825 1645/1966/1740
f 1676/1969/1744 1677/1996/1768 1663/1970/1745
f 1652/1958/1734 1655/1955/1733 1654/1972/1739
f 1637/1974/1748 1657/1963/1737 1651/1975/1749
f 1653/1977/1751 1651/1975/1749 1657/1963/1737
f 1650/1973/1747 1654/1972/1739 1640/1978/1738
f 1656/1953/1729 1655/1955/1733 1644/1967/1741
f 1675/1982/1754 1662/2047/1759 1659/1983/1755
f 1674/1985/1757 1677/1996/1768 1678/1984/1756
f 1662/1987/1759 1675/2005/1754 1671/1988/1760
f 1663/1970/1745 1670/1980/1785 1669/1994/1742
f 1664/1995/1767 1663/1970/1745 1677/1996/1768
f 1665/1998/1770 1673/2006/1777 1676/1999/1744
f 1668/2002/1772 1670/1980/1785 1663/1970/1745
f 1666/2000/1746 1669/1959/1742 1667/1968/1743
f 1694/1993/1774 1695/1990/1802 1680/2003/1775
f 1675/2005/1754 1676/1999/1744 1673/2006/1777
f 1672/1986/1758 1678/1984/1756 1659/1983/1755
f 1640/1978/1738 1693/2029/1797 1689/2008/1780
f 1705/2009/1781 1687/2048/3529 1685/2010/1782
f 1680/2003/1775 1687/2048/3529 1686/2012/1784
f 1670/1980/1785 1668/2002/1772 1646/1962/1736
f 1698/2016/1790 1712/2032/1813 1711/2017/1791
f 1682/2020/1794 1691/2030/1801 1694/2021/1774
f 1690/2023/1795 1696/1992/1798 1637/1974/1748
f 1685/2010/1782 1687/2048/3529 1680/2003/1775
f 1693/2019/1797 1640/1964/1738 1637/1974/1748
f 1683/2022/1776 1686/2028/1784 1684/2026/1799
f 1704/2027/1800 1702/2044/1820 1684/2026/1799
f 1693/2029/1797 1694/2021/1774 1691/2030/1801
f 1681/2025/1796 1680/2003/1775 1695/1990/1802
f 1692/2031/1803 1695/1990/1802 1696/1992/1798
f 1706/2035/1808 1710/2046/1821 1662/1987/1759
f 1705/2009/1781 1698/2016/1790 1701/2018/1792
f 1709/2037/1811 1707/2042/1817 1713/2038/1812
f 1700/2039/1815 1701/2045/1792 1711/2040/1791
f 1659/1983/1755 1713/2038/1812 1707/2042/1817
f 1698/2016/1790 1705/2009/1781 1703/2011/1783
f 1702/2044/1820 1704/2027/1800 1701/2045/1792
f 1708/2041/1816 1711/2040/1791 1710/2046/1821
f 1699/2043/1818 1709/2037/1811 1712/2032/1813
f 1710/2013/1821 1713/2038/1812 1659/1983/1755
f 1648/1981/1786 1641/1954/1730 1644/1967/1741
f 1734/2049/1826 1731/2074/1854 1720/2050/1827
f 1721/2054/1832 1730/2069/1850 1733/2052/1833
f 1719/2051/1828 1720/2050/1827 1724/2059/1838
f 1718/2061/1840 1715/2072/1852 1735/2062/1841
f 1722/2055/1834 1725/2057/1845 1723/2064/1843
f 1745/2065/1844 1723/2064/1843 1725/2057/1845
f 1754/2066/1847 1744/2145/1875 1741/2067/1848
f 1730/2069/1850 1728/2076/1855 1732/2070/1842
f 1729/2071/1851 1735/2062/1841 1715/2072/1852
f 1735/2062/1841 1729/2071/1851 1731/2074/1854
f 1718/2075/1840 1732/2070/1842 1728/2076/1855
f 1719/2051/1828 1722/2055/1834 1733/2052/1833
f 1756/2079/1859 1737/2100/1882 1740/2080/1860
f 1752/2082/1862 1750/2101/1883 1756/2079/1859
f 1740/2083/1860 1739/2133/1913 1749/2084/1863
f 1741/2067/1848 1744/2145/1875 1747/2090/1846
f 1755/2068/1849 1741/2067/1848 1742/2091/1870
f 1754/2093/1847 1751/2099/1881 1743/2094/1874
f 1741/2067/1848 1748/2078/1868 1746/2097/1877
f 1744/2095/1875 1743/2094/1874 1745/2065/1844
f 1761/2098/1878 1758/2108/1890 1773/2086/1879
f 1753/2085/1861 1749/2084/1863 1751/2099/1881
f 1737/2100/1882 1756/2079/1859 1750/2101/1883
f 1718/2075/1840 1717/2077/1856 1767/2103/1885
f 1781/2105/1887 1763/2122/1901 1765/2106/1888
f 1758/2108/1890 1761/2098/1878 1764/2109/1891
f 1726/2060/1839 1724/2059/1838 1746/2097/1877
f 1779/2113/1895 1789/2129/1919 1790/2114/1896
f 1772/2117/1880 1769/2127/1905 1760/2118/1899
f 1715/2072/1852 1774/2087/1907 1768/2120/1900
f 1758/2108/1890 1765/2106/1888 1763/2122/1901
f 1771/2116/1886 1774/2087/1907 1715/2072/1852
f 1761/2119/1878 1760/2118/1899 1762/2124/1903
f 1762/2124/1903 1780/2141/1922 1782/2126/1904
f 1771/2104/1886 1767/2103/1885 1769/2127/1905
f 1773/2086/1879 1758/2108/1890 1759/2123/1902
f 1770/2128/1906 1768/2120/1900 1774/2087/1907
f 1740/2083/1860 1788/2143/1924 1784/2132/1912
f 1782/2134/1904 1779/2113/1895 1776/2115/1897
f 1791/2135/1915 1785/2140/1920 1787/2136/1916
f 1778/2137/1918 1786/2142/1923 1789/2138/1919
f 1737/2100/1882 1738/2102/1884 1785/2140/1920
f 1776/2115/1897 1777/2144/1925 1781/2105/1887
f 1779/2139/1895 1782/2126/1904 1780/2141/1922
f 1786/2142/1923 1784/2132/1912 1788/2143/1924
f 1790/2114/1896 1787/2136/1916 1777/2144/1925
f 1737/2100/1882 1791/2135/1915 1788/2110/1924
f 1725/2057/1845 1722/2055/1834 1719/2051/1828
f 3033/1952/1928 3044/1977/1955 3047/1953/1929
f 3034/1957/1934 3035/1967/1945 3046/1955/1935
f 3032/1954/1930 3039/1981/1991 3037/1962/1940
f 3048/1963/1941 3028/1974/1952 3031/1964/1942
f 3036/1966/1944 3038/1961/1947 3035/1967/1945
f 3058/1968/1946 3060/1959/1972 3038/1961/1947
f 3068/1996/1948 3054/1970/1971 3057/1971/1949
f 3043/1958/1936 3046/1955/1935 3045/1972/1943
f 3028/1974/1952 3048/1963/1941 3042/1975/1953
f 3044/1977/1955 3042/1975/1953 3048/1963/1941
f 3041/1973/1951 3045/1972/1943 3031/1978/1942
f 3047/1953/1929 3046/1955/1935 3035/1967/1945
f 3066/1982/1959 3053/2047/1964 3050/1983/1960
f 3065/1985/1962 3068/1996/1948 3069/1984/1961
f 3053/1987/1964 3066/2005/1959 3062/1988/1965
f 3054/1970/1971 3061/1980/3530 3060/1994/1972
f 3055/1995/1974 3054/1970/1971 3068/1996/1948
f 3056/1998/1978 3064/2006/1984 3067/1999/1950
f 3059/2002/1980 3061/1980/3530 3054/1970/1971
f 3057/2000/1949 3060/1959/1972 3058/1968/1946
f 3086/1990/1981 3071/2003/1990 3074/2004/1982
f 3066/2005/1959 3067/1999/1950 3064/2006/1984
f 3063/1986/1963 3069/1984/1961 3050/1983/1960
f 3031/1978/1942 3084/2029/2002 3080/2008/1986
f 3094/2011/1987 3096/2009/3531 3078/2048/1988
f 3078/2048/1988 3077/2012/2005 3074/2004/1982
f 3039/1981/1991 3061/1980/3530 3059/2002/1980
f 3103/2032/1995 3102/2017/2020 3092/2018/1996
f 3073/2020/1999 3082/2030/2007 3085/2021/1983
f 3081/2023/2000 3087/1992/2003 3028/1974/1952
f 3076/2010/1989 3078/2048/1988 3071/2003/1990
f 3084/2019/2002 3031/1964/1942 3028/1974/1952
f 3074/2022/1982 3077/2028/2005 3075/2026/2004
f 3077/2028/2005 3095/2027/2015 3093/2044/2006
f 3084/2029/2002 3085/2021/1983 3082/2030/2007
f 3072/2025/2001 3071/2003/1990 3086/1990/1981
f 3083/2031/2008 3086/1990/1981 3087/1992/2003
f 3097/2035/2013 3101/2046/2025 3053/1987/1964
f 3095/2036/2015 3096/2009/3531 3089/2016/1997
f 3100/2037/2016 3098/2042/2022 3104/2038/2017
f 3091/2039/2019 3092/2045/1996 3102/2040/2020
f 3050/1983/1960 3104/2038/2017 3098/2042/2022
f 3089/2016/1997 3096/2009/3531 3094/2011/1987
f 3093/2044/2006 3095/2027/2015 3092/2045/1996
f 3099/2041/2021 3102/2040/2020 3101/2046/2025
f 3090/2043/2023 3100/2037/2016 3103/2032/1995
f 3053/2047/1964 3101/2013/2025 3104/2038/2017
f 3038/1961/1947 3039/1981/1991 3032/1954/1930
f 3125/2049/2028 3122/2074/2056 3111/2050/2029
f 3112/2054/2034 3121/2069/2052 3124/2052/2035
f 3110/2051/2030 3111/2050/2029 3115/2059/2040
f 3109/2061/2042 3106/2072/2054 3126/2062/2043
f 3113/2055/2036 3116/2057/2047 3114/2064/2045
f 3136/2065/2046 3114/2064/2045 3116/2057/2047
f 3135/2145/2049 3132/2067/2071 3146/2068/2050
f 3121/2069/2052 3119/2076/2057 3123/2070/2044
f 3120/2071/2053 3126/2062/2043 3106/2072/2054
f 3126/2062/2043 3120/2071/2053 3122/2074/2056
f 3109/2075/2042 3123/2070/2044 3119/2076/2057
f 3113/2055/2036 3124/2052/2035 3125/2049/2028
f 3144/2081/2061 3147/2079/2065 3128/2100/2062
f 3143/2082/2064 3141/2101/2085 3147/2079/2065
f 3131/2083/2063 3130/2133/2116 3140/2084/2066
f 3132/2067/2071 3135/2145/2049 3138/2090/2048
f 3146/2068/2050 3132/2067/2071 3133/2091/2074
f 3145/2093/2051 3142/2099/2084 3134/2094/2078
f 3132/2067/2071 3139/2078/2072 3137/2097/2080
f 3135/2095/2049 3134/2094/2078 3136/2065/2046
f 3152/2098/2081 3149/2108/2092 3164/2086/2082
f 3144/2085/2061 3140/2084/2066 3142/2099/2084
f 3128/2100/2062 3147/2079/2065 3141/2101/2085
f 3109/2075/2042 3108/2077/2058 3158/2103/2087
f 3172/2105/2089 3154/2122/2102 3156/2106/2090
f 3152/2098/2081 3155/2109/2105 3156/2106/2090
f 3117/2060/2041 3115/2059/2040 3137/2097/2080
f 3170/2113/2096 3180/2129/2122 3181/2114/2097
f 3163/2117/2083 3160/2127/2108 3151/2118/2100
f 3106/2072/2054 3165/2087/2110 3159/2120/2101
f 3149/2108/2092 3156/2106/2090 3154/2122/2102
f 3162/2116/2088 3165/2087/2110 3106/2072/2054
f 3152/2119/2081 3151/2118/2100 3153/2124/2104
f 3155/2125/2105 3153/2124/2104 3171/2141/2106
f 3162/2104/2088 3158/2103/2087 3160/2127/2108
f 3164/2086/2082 3149/2108/2092 3150/2123/2103
f 3161/2128/2109 3159/2120/2101 3165/2087/2110
f 3131/2083/2063 3179/2143/2126 3175/2132/2115
f 3173/2134/2107 3170/2113/2096 3167/2115/2098
f 3182/2135/2118 3176/2140/2123 3178/2136/2119
f 3169/2137/2121 3177/2142/2125 3180/2138/2122
f 3128/2100/2062 3129/2102/2086 3176/2140/2123
f 3167/2115/2098 3168/2144/2127 3172/2105/2089
f 3170/2139/2096 3173/2126/2107 3171/2141/2106
f 3177/2142/2125 3175/2132/2115 3179/2143/2126
f 3181/2114/2097 3178/2136/2119 3168/2144/2127
f 3131/2080/2063 3128/2100/2062 3182/2135/2118
f 3116/2057/2047 3113/2055/2036 3110/2051/2030
usemtl Eyebrows_Mat.001
f 1838/2146/2130 1793/2147/2131 1799/2148/2132
f 1793/2147/2131 1796/2149/2133 1795/2150/2134
f 1795/2150/2134 1903/2151/2135 1906/2152/2136
f 1795/2150/2134 1904/2153/2137 1800/2154/2138
f 1795/2150/2134 1799/2148/2132 1793/2147/2131
f 1870/2155/2139 1802/2156/2140 1842/2157/2141
f 1800/2154/2138 1932/2158/2142 1803/2159/2143
f 1800/2154/2138 1802/2156/2140 1799/2148/2132
f 1844/2160/2144 1842/2157/2141 1802/2156/2140
f 1932/2158/2142 1807/2161/2145 1803/2159/2143
f 1803/2159/2143 1805/2162/2146 1802/2156/2140
f 1818/2163/2147 1809/2164/2148 1794/2165/2149
f 1903/2151/2135 1811/2166/2150 1798/2167/2151
f 1796/2149/2133 1809/2164/2148 1810/2168/2152
f 1827/2169/2153 1837/2170/2154 1806/2171/2155
f 1811/2166/2150 1896/2172/2156 1813/2173/2157
f 1808/2174/2158 1901/2175/2159 1905/2176/2160
f 1810/2168/2152 1815/2177/2161 1812/2178/2162
f 1898/2179/2163 1827/2180/2153 1816/2181/2164
f 1809/2164/2148 1826/2182/2165 1815/2177/2161
f 1832/2183/2166 1815/2177/2161 1833/2184/2167
f 1805/2162/2146 1814/2185/2168 1816/2186/2164
f 1818/2163/2147 1822/2187/2169 1819/2188/2170
f 1818/2163/2147 1820/2189/2171 1821/2190/2172
f 1821/2190/2172 1825/2191/2173 1822/2187/2169
f 1820/2189/2171 1824/2192/2174 1821/2190/2172
f 1819/2188/2170 1828/2193/2175 1826/2182/2165
f 1822/2187/2169 1829/2194/2176 1828/2193/2175
f 1899/2195/2177 1833/2184/2167 1834/2196/2178
f 1826/2182/2165 1835/2197/2179 1834/2196/2178
f 1835/2197/2179 1829/2194/2176 1836/2198/2180
f 1830/2199/2181 1895/2200/2182 1831/2201/2183
f 1899/2195/2177 1830/2199/2181 1827/2180/2153
f 1834/2196/2178 1815/2177/2161 1826/2182/2165
f 1814/2202/2168 1898/2179/2163 1816/2181/2164
f 1827/2169/2153 1839/2203/2184 1837/2170/2154
f 1860/2204/2185 1852/2205/2186 1839/2203/2184
f 1799/2148/2132 1870/2155/2139 1838/2146/2130
f 1838/2146/2130 1820/2189/2171 1817/2206/2187
f 1838/2146/2130 1867/2207/2188 1843/2208/2189
f 1843/2208/2189 1823/2209/2190 1820/2189/2171
f 1843/2208/2189 1869/2210/2191 1846/2211/2192
f 1844/2160/2144 1845/2212/2193 1842/2157/2141
f 1840/2213/2194 1848/2214/2195 1845/2212/2193
f 1844/2160/2144 1837/2170/2154 1849/2215/2196
f 1849/2215/2196 1840/2213/2194 1844/2160/2144
f 1847/2216/2197 1850/2217/2198 1840/2213/2194
f 1839/2203/2184 1849/2215/2196 1837/2170/2154
f 1852/2205/2186 1847/2216/2197 1849/2215/2196
f 1853/2218/2199 1851/2219/2200 1847/2216/2197
f 1823/2209/2190 1856/2220/2201 1824/2192/2174
f 1850/2217/2198 1858/2221/2202 1848/2214/2195
f 1823/2209/2190 1884/2222/2203 1855/2223/2204
f 1846/2211/2192 1868/2224/2205 1857/2225/2206
f 1854/2226/2207 1861/2227/2208 1862/2228/2209
f 1853/2218/2199 1841/2229/2210 1861/2227/2208
f 1897/2230/2211 1901/2231/2159 1896/2172/2156
f 1851/2219/2200 1859/2232/2212 1850/2217/2198
f 1854/2226/2207 1863/2233/2213 1851/2219/2200
f 1859/2232/2212 1864/2234/2214 1858/2221/2202
f 1862/2228/2209 1864/2234/2214 1863/2233/2213
f 1861/2227/2208 1865/2235/2215 1862/2228/2209
f 1881/2236/2216 1868/2224/2205 1858/2221/2202
f 1867/2207/2188 1842/2157/2141 1845/2212/2193
f 1869/2210/2191 1858/2221/2202 1868/2224/2205
f 1867/2207/2188 1848/2214/2195 1869/2210/2191
f 1857/2225/2206 1886/2237/2217 1884/2222/2203
f 1866/2238/2218 1871/2239/2219 1865/2235/2215
f 1860/2204/2185 1874/2240/2220 1875/2241/2221
f 1841/2229/2210 1866/2238/2218 1861/2227/2208
f 1874/2240/2220 1827/2169/2153 1830/2242/2181
f 1875/2241/2221 1830/2242/2181 1831/2243/2183
f 1829/2194/2176 1878/2244/2222 1836/2198/2180
f 1825/2191/2173 1877/2245/2223 1829/2194/2176
f 1824/2192/2174 1876/2246/2224 1825/2191/2173
f 1912/2247/2225 1910/2248/2226 1917/2249/2227
f 1913/2250/2228 1921/2251/2229 1912/2247/2225
f 1916/2252/2230 1918/2253/2231 1915/2254/2232
f 1915/2254/2232 1855/2223/2204 1916/2252/2230
f 1886/2237/2217 1885/2255/2233 1884/2222/2203
f 1884/2222/2203 1846/2211/2192 1857/2225/2206
f 1885/2255/2233 1911/2256/2234 1916/2252/2230
f 1884/2222/2203 1885/2255/2233 1855/2223/2204
f 1888/2257/2235 1889/2258/2236 1890/2259/2237
f 1883/2260/2238 1889/2258/2236 1886/2237/2217
f 1887/2261/2239 1892/2262/2240 1889/2258/2236
f 1890/2259/2237 1892/2262/2240 1893/2263/2241
f 1883/2260/2238 1882/2264/2242 1887/2261/2239
f 1881/2236/2216 1887/2261/2239 1882/2264/2242
f 1881/2236/2216 1879/2265/2243 1891/2266/2244
f 1892/2262/2240 1879/2265/2243 1880/2267/2245
f 1893/2263/2241 1880/2267/2245 1872/2268/2246
f 1875/2241/2221 1894/2269/2247 1873/2270/2248
f 1813/2173/2157 1896/2172/2156 1901/2231/2159
f 1895/2200/2182 1835/2197/2179 1836/2198/2180
f 1897/2230/2211 1812/2178/2162 1832/2183/2166
f 1899/2195/2177 1835/2197/2179 1900/2271/2249
f 1898/2179/2163 1832/2183/2166 1833/2184/2167
f 1903/2151/2135 1810/2168/2152 1902/2272/2250
f 1906/2152/2136 1798/2167/2151 1797/2273/2251
f 1904/2153/2137 1797/2273/2251 1801/2274/2252
f 1905/2176/2160 1814/2185/2168 1807/2161/2145
f 1902/2272/2250 1812/2178/2162 1896/2172/2156
f 1895/2200/2182 1878/2244/2222 1907/2275/2253
f 1831/2201/2183 1907/2275/2253 1894/2276/2247
f 1871/2277/2219 1893/2263/2241 1872/2268/2246
f 1893/2263/2241 1909/2278/2254 1890/2259/2237
f 1890/2259/2237 1910/2279/2226 1888/2257/2235
f 1873/2280/2248 1908/2281/2255 1871/2277/2219
f 1907/2275/2253 1912/2247/2225 1917/2249/2227
f 1914/2282/2256 1922/2283/2257 1913/2250/2228
f 1856/2220/2201 1914/2282/2256 1876/2246/2224
f 1876/2246/2224 1913/2250/2228 1877/2245/2223
f 1877/2245/2223 1912/2247/2225 1878/2244/2222
f 1916/2252/2230 1855/2223/2204 1885/2255/2233
f 1908/2281/2255 1920/2284/2258 1909/2278/2254
f 1917/2249/2227 1920/2285/2258 1907/2275/2253
f 1894/2276/2247 1907/2275/2253 1920/2285/2258
f 1909/2286/2254 1917/2249/2227 1910/2248/2226
f 1928/2287/2259 1888/2257/2235 1910/2279/2226
f 1922/2283/2257 1925/2288/2260 1921/2251/2229
f 1919/2289/2261 1926/2290/2262 1922/2283/2257
f 1927/2291/2263 1911/2256/2234 1888/2257/2235
f 1911/2256/2234 1923/2292/2264 1918/2253/2231
f 1921/2251/2229 1928/2293/2259 1910/2248/2226
f 1927/2291/2263 1931/2294/2265 1929/2295/2266
f 1923/2292/2264 1931/2294/2265 1924/2296/2267
f 1927/2297/2263 1925/2288/2260 1930/2298/2268
f 1931/2294/2265 1926/2290/2262 1924/2296/2267
f 1926/2290/2262 1930/2298/2268 1925/2288/2260
f 1932/2158/2142 1808/2174/2158 1905/2176/2160
f 1904/2153/2137 1804/2299/2269 1932/2158/2142
f 1813/2300/2157 1808/2174/2158 1933/2301/2270
f 1801/2274/2252 1797/2273/2251 1933/2301/2270
f 1804/2299/2269 1801/2274/2252 1933/2301/2270
f 1811/2166/2150 1813/2173/2157 1933/2301/2270
f 1808/2174/2158 1804/2299/2269 1933/2301/2270
f 1798/2167/2151 1811/2166/2150 1933/2301/2270
f 1797/2273/2251 1798/2167/2151 1933/2301/2270
f 1817/2206/2187 1794/2165/2149 1793/2147/2131
f 1923/2292/2264 1919/2289/2261 1918/2253/2231
f 1806/2171/2155 1802/2156/2140 1805/2162/2146
f 1868/2224/2205 1883/2260/2238 1857/2225/2206
f 1915/2254/2232 1919/2289/2261 1914/2282/2256
f 1858/2221/2202 1879/2265/2243 1881/2236/2216
f 1864/2234/2214 1871/2239/2219 1872/2302/2246
f 1880/2267/2245 1879/2265/2243 1864/2234/2214
f 1872/2302/2246 1880/2267/2245 1864/2234/2214
f 1873/2270/2248 1860/2204/2185 1875/2241/2221
f 1934/2303/2271 1979/2304/2272 1940/2305/2273
f 1934/2303/2271 1937/2306/2274 1935/2307/2275
f 1936/2308/2276 2044/2309/2277 1937/2306/2274
f 1936/2308/2276 2045/2310/2278 2047/2311/2279
f 1940/2305/2273 1936/2308/2276 1934/2303/2271
f 2011/2312/2280 1943/2313/2281 1940/2305/2273
f 1941/2314/2282 2073/2315/2283 2045/2310/2278
f 1943/2313/2281 1941/2314/2282 1940/2305/2273
f 1985/2316/2284 1943/2313/2281 1983/2317/2285
f 1948/2318/2286 2073/2315/2283 1944/2319/2287
f 1946/2320/2288 1944/2319/2287 1943/2313/2281
f 1950/2321/2289 1959/2322/2290 1935/2307/2275
f 1952/2323/2291 2044/2309/2277 1939/2324/2292
f 1937/2306/2274 1950/2321/2289 1935/2307/2275
f 1947/2325/2293 1978/2326/2294 1968/2327/2295
f 1952/2323/2291 2037/2328/2296 2043/2329/2297
f 1949/2330/2298 2042/2331/2299 1954/2332/2300
f 1951/2333/2301 1956/2334/2302 1950/2321/2289
f 2039/2335/2303 1968/2336/2295 2040/2337/2304
f 1950/2321/2289 1967/2338/2305 1960/2339/2306
f 1973/2340/2307 1956/2334/2302 1953/2341/2308
f 1946/2320/2288 1955/2342/2309 1948/2318/2286
f 1963/2343/2310 1959/2322/2290 1960/2339/2306
f 1959/2322/2290 1961/2344/2311 1958/2345/2312
f 1966/2346/2313 1962/2347/2314 1963/2343/2310
f 1965/2348/2315 1961/2344/2311 1962/2347/2314
f 1969/2349/2316 1960/2339/2306 1967/2338/2305
f 1970/2350/2317 1963/2343/2310 1969/2349/2316
f 2040/2337/2304 1974/2351/2318 2039/2335/2303
f 1976/2352/2319 1967/2338/2305 1975/2353/2320
f 1976/2352/2319 1970/2350/2317 1969/2349/2316
f 1971/2354/2321 2036/2355/2322 2041/2356/2323
f 1971/2354/2321 2040/2337/2304 1968/2336/2295
f 1975/2353/2320 1956/2334/2302 1974/2351/2318
f 1955/2357/2309 2039/2335/2303 2038/2358/2324
f 1980/2359/2325 1968/2327/2295 1978/2326/2294
f 1993/2360/2326 2001/2361/2327 1980/2359/2325
f 1940/2305/2273 1979/2304/2272 2011/2312/2280
f 1961/2344/2311 1979/2304/2272 1958/2345/2312
f 1979/2304/2272 2008/2362/2328 2011/2312/2280
f 1964/2363/2329 1984/2364/2330 1961/2344/2311
f 1984/2364/2330 2010/2365/2331 2008/2362/2328
f 1986/2366/2332 1985/2316/2284 1983/2317/2285
f 1989/2367/2333 1981/2368/2334 1986/2366/2332
f 1985/2316/2284 1978/2326/2294 1947/2325/2293
f 1981/2368/2334 1990/2369/2335 1985/2316/2284
f 1991/2370/2336 1988/2371/2337 1981/2368/2334
f 1990/2369/2335 1980/2359/2325 1978/2326/2294
f 1988/2371/2337 1993/2360/2326 1990/2369/2335
f 1992/2372/2338 1994/2373/2339 1988/2371/2337
f 1997/2374/2340 1964/2363/2329 1965/2348/2315
f 1999/2375/2341 1991/2370/2336 1989/2367/2333
f 1964/2363/2329 1996/2376/2342 2025/2377/2343
f 1987/2378/2344 2009/2379/2345 2010/2365/2331
f 1995/2380/2346 2002/2381/2347 1994/2373/2339
f 1994/2373/2339 1982/2382/2348 1993/2360/2326
f 2042/2383/2299 2038/2358/2324 2037/2328/2296
f 2000/2384/2349 1992/2372/2338 1991/2370/2336
f 2004/2385/2350 1995/2380/2346 1992/2372/2338
f 2000/2384/2349 2005/2386/2351 2004/2385/2350
f 2005/2386/2351 2003/2387/2352 2004/2385/2350
f 2006/2388/2353 2002/2381/2347 2003/2387/2352
f 2009/2379/2345 2022/2389/2354 1999/2375/2341
f 2008/2362/2328 1983/2317/2285 2011/2312/2280
f 1999/2375/2341 2010/2365/2331 2009/2379/2345
f 1989/2367/2333 2008/2362/2328 2010/2365/2331
f 1998/2390/2355 2027/2391/2356 2024/2392/2357
f 2012/2393/2358 2007/2394/2359 2006/2388/2353
f 2001/2361/2327 2015/2395/2360 1980/2359/2325
f 1982/2382/2348 2007/2394/2359 2001/2361/2327
f 2015/2395/2360 1971/2396/2321 1968/2327/2295
f 2016/2397/2361 1971/2396/2321 2015/2395/2360
f 2019/2398/2362 1970/2350/2317 1977/2399/2363
f 2018/2400/2364 1966/2346/2313 1970/2350/2317
f 2017/2401/2365 1965/2348/2315 1966/2346/2313
f 2053/2402/2366 2051/2403/2367 2062/2404/2368
f 2054/2405/2369 2062/2404/2368 2063/2406/2370
f 2057/2407/2371 2059/2408/2372 2052/2409/2373
f 2056/2410/2374 1996/2376/2342 1997/2374/2340
f 2027/2391/2356 2026/2411/2375 2029/2412/2376
f 2025/2377/2343 1987/2378/2344 1964/2363/2329
f 2052/2409/2373 2026/2411/2375 2057/2407/2371
f 2025/2377/2343 1996/2376/2342 2026/2411/2375
f 2029/2412/2376 2030/2413/2377 2027/2391/2356
f 2030/2413/2377 2024/2392/2357 2027/2391/2356
f 2033/2414/2378 2028/2415/2379 2030/2413/2377
f 2031/2416/2380 2033/2414/2378 2030/2413/2377
f 2024/2392/2357 2028/2415/2379 2023/2417/2381
f 2022/2389/2354 2028/2415/2379 2032/2418/2382
f 2022/2389/2354 2032/2418/2382 2020/2419/2383
f 2020/2419/2383 2033/2414/2378 2021/2420/2384
f 2021/2420/2384 2034/2421/2385 2013/2422/2386
f 2035/2423/2387 2016/2397/2361 2014/2424/2388
f 1954/2425/2300 2042/2383/2299 2037/2328/2296
f 2036/2355/2322 1976/2352/2319 2041/2356/2323
f 2038/2358/2324 1953/2341/2308 2037/2328/2296
f 1976/2352/2319 2040/2337/2304 2041/2356/2323
f 2039/2335/2303 1973/2340/2307 2038/2358/2324
f 1951/2333/2301 2044/2309/2277 2043/2329/2297
f 2047/2311/2279 1939/2324/2292 2044/2309/2277
f 2045/2310/2278 1938/2426/2389 2047/2311/2279
f 2046/2427/2390 1955/2342/2309 2042/2331/2299
f 1953/2341/2308 2043/2329/2297 2037/2328/2296
f 2036/2355/2322 2019/2398/2362 1977/2399/2363
f 1972/2428/2391 2048/2429/2392 2036/2355/2322
f 2034/2421/2385 2012/2430/2358 2013/2422/2386
f 2034/2421/2385 2050/2431/2393 2049/2432/2394
f 2031/2416/2380 2051/2433/2367 2050/2431/2393
f 2049/2432/2394 2014/2434/2388 2012/2430/2358
f 2048/2429/2392 2053/2402/2366 2019/2398/2362
f 2055/2435/2395 2063/2406/2370 2060/2436/2396
f 2055/2435/2395 1997/2374/2340 2017/2401/2365
f 2054/2405/2369 2017/2401/2365 2018/2400/2364
f 2053/2402/2366 2018/2400/2364 2019/2398/2362
f 2057/2407/2371 2026/2411/2375 1996/2376/2342
f 2049/2432/2394 2061/2437/2397 2035/2438/2387
f 2058/2439/2398 2061/2440/2397 2050/2441/2393
f 2035/2442/2387 2061/2440/2397 2048/2429/2392
f 2050/2441/2393 2051/2403/2367 2058/2439/2398
f 2029/2412/2376 2069/2443/2399 2051/2433/2367
f 2063/2406/2370 2066/2444/2400 2067/2445/2401
f 2060/2436/2396 2067/2445/2401 2065/2446/2402
f 2052/2409/2373 2068/2447/2403 2029/2412/2376
f 2052/2409/2373 2064/2448/2404 2070/2449/2405
f 2062/2404/2368 2069/2450/2399 2066/2444/2400
f 2072/2451/2406 2068/2447/2403 2070/2449/2405
f 2064/2448/2404 2072/2451/2406 2070/2449/2405
f 2068/2452/2403 2066/2444/2400 2069/2450/2399
f 2067/2445/2401 2072/2451/2406 2065/2446/2402
f 2067/2445/2401 2066/2444/2400 2071/2453/2407
f 1949/2330/2298 2073/2315/2283 2046/2427/2390
f 1945/2454/2408 2045/2310/2278 2073/2315/2283
f 1954/2332/2300 2074/2455/2409 1949/2330/2298
f 1942/2456/2410 2074/2455/2409 1938/2426/2389
f 1945/2454/2408 2074/2455/2409 1942/2456/2410
f 1952/2323/2291 2074/2455/2409 1954/2425/2300
f 1949/2330/2298 2074/2455/2409 1945/2454/2408
f 1939/2324/2292 2074/2455/2409 1952/2323/2291
f 1938/2426/2389 2074/2455/2409 1939/2324/2292
f 1935/2307/2275 1958/2345/2312 1934/2303/2271
f 2060/2436/2396 2064/2448/2404 2059/2408/2372
f 1947/2325/2293 1943/2313/2281 1985/2316/2284
f 2009/2379/2345 2024/2392/2357 2023/2417/2381
f 2056/2410/2374 2060/2436/2396 2059/2408/2372
f 1999/2375/2341 2020/2419/2383 2005/2386/2351
f 2005/2386/2351 2012/2393/2358 2006/2388/2353
f 2021/2420/2384 2005/2386/2351 2020/2419/2383
f 2013/2457/2386 2005/2386/2351 2021/2420/2384
f 2001/2361/2327 2014/2424/2388 2016/2397/2361
f 1838/2146/2130 1817/2206/2187 1793/2147/2131
f 1793/2147/2131 1794/2165/2149 1796/2149/2133
f 1795/2150/2134 1796/2149/2133 1903/2151/2135
f 1795/2150/2134 1906/2152/2136 1904/2153/2137
f 1795/2150/2134 1800/2154/2138 1799/2148/2132
f 1870/2155/2139 1799/2148/2132 1802/2156/2140
f 1800/2154/2138 1904/2153/2137 1932/2158/2142
f 1800/2154/2138 1803/2159/2143 1802/2156/2140
f 1932/2158/2142 1905/2176/2160 1807/2161/2145
f 1803/2159/2143 1807/2161/2145 1805/2162/2146
f 1818/2163/2147 1819/2188/2170 1809/2164/2148
f 1903/2151/2135 1902/2272/2250 1811/2166/2150
f 1796/2149/2133 1794/2165/2149 1809/2164/2148
f 1805/2162/2146 1816/2186/2164 1806/2171/2155
f 1816/2186/2164 1827/2169/2153 1806/2171/2155
f 1811/2166/2150 1902/2272/2250 1896/2172/2156
f 1808/2174/2158 1813/2300/2157 1901/2175/2159
f 1810/2168/2152 1809/2164/2148 1815/2177/2161
f 1898/2179/2163 1899/2195/2177 1827/2180/2153
f 1809/2164/2148 1819/2188/2170 1826/2182/2165
f 1832/2183/2166 1812/2178/2162 1815/2177/2161
f 1805/2162/2146 1807/2161/2145 1814/2185/2168
f 1818/2163/2147 1821/2190/2172 1822/2187/2169
f 1818/2163/2147 1817/2206/2187 1820/2189/2171
f 1821/2190/2172 1824/2192/2174 1825/2191/2173
f 1820/2189/2171 1823/2209/2190 1824/2192/2174
f 1819/2188/2170 1822/2187/2169 1828/2193/2175
f 1822/2187/2169 1825/2191/2173 1829/2194/2176
f 1899/2195/2177 1898/2179/2163 1833/2184/2167
f 1826/2182/2165 1828/2193/2175 1835/2197/2179
f 1835/2197/2179 1828/2193/2175 1829/2194/2176
f 1830/2199/2181 1900/2271/2249 1895/2200/2182
f 1899/2195/2177 1900/2271/2249 1830/2199/2181
f 1834/2196/2178 1833/2184/2167 1815/2177/2161
f 1814/2202/2168 1897/2230/2211 1898/2179/2163
f 1827/2169/2153 1874/2240/2220 1839/2203/2184
f 1860/2204/2185 1841/2229/2210 1852/2205/2186
f 1838/2146/2130 1843/2208/2189 1820/2189/2171
f 1838/2146/2130 1870/2155/2139 1867/2207/2188
f 1843/2208/2189 1846/2211/2192 1823/2209/2190
f 1843/2208/2189 1867/2207/2188 1869/2210/2191
f 1844/2160/2144 1840/2213/2194 1845/2212/2193
f 1840/2213/2194 1850/2217/2198 1848/2214/2195
f 1844/2160/2144 1806/2171/2155 1837/2170/2154
f 1849/2215/2196 1847/2216/2197 1840/2213/2194
f 1847/2216/2197 1851/2219/2200 1850/2217/2198
f 1839/2203/2184 1852/2205/2186 1849/2215/2196
f 1852/2205/2186 1853/2218/2199 1847/2216/2197
f 1853/2218/2199 1854/2226/2207 1851/2219/2200
f 1823/2209/2190 1855/2223/2204 1856/2220/2201
f 1850/2217/2198 1859/2232/2212 1858/2221/2202
f 1846/2211/2192 1869/2210/2191 1868/2224/2205
f 1854/2226/2207 1853/2218/2199 1861/2227/2208
f 1853/2218/2199 1852/2205/2186 1841/2229/2210
f 1897/2230/2211 1814/2202/2168 1901/2231/2159
f 1851/2219/2200 1863/2233/2213 1859/2232/2212
f 1854/2226/2207 1862/2228/2209 1863/2233/2213
f 1859/2232/2212 1863/2233/2213 1864/2234/2214
f 1862/2228/2209 1865/2235/2215 1864/2234/2214
f 1861/2227/2208 1866/2238/2218 1865/2235/2215
f 1881/2236/2216 1882/2264/2242 1868/2224/2205
f 1867/2207/2188 1870/2155/2139 1842/2157/2141
f 1869/2210/2191 1848/2214/2195 1858/2221/2202
f 1867/2207/2188 1845/2212/2193 1848/2214/2195
f 1857/2225/2206 1883/2260/2238 1886/2237/2217
f 1866/2238/2218 1873/2270/2248 1871/2239/2219
f 1860/2204/2185 1839/2203/2184 1874/2240/2220
f 1841/2229/2210 1860/2204/2185 1866/2238/2218
f 1875/2241/2221 1874/2240/2220 1830/2242/2181
f 1829/2194/2176 1877/2245/2223 1878/2244/2222
f 1825/2191/2173 1876/2246/2224 1877/2245/2223
f 1824/2192/2174 1856/2220/2201 1876/2246/2224
f 1912/2247/2225 1921/2251/2229 1910/2248/2226
f 1913/2250/2228 1922/2283/2257 1921/2251/2229
f 1916/2252/2230 1911/2256/2234 1918/2253/2231
f 1915/2254/2232 1856/2220/2201 1855/2223/2204
f 1886/2237/2217 1888/2257/2235 1885/2255/2233
f 1884/2222/2203 1823/2209/2190 1846/2211/2192
f 1885/2255/2233 1888/2257/2235 1911/2256/2234
f 1888/2257/2235 1886/2237/2217 1889/2258/2236
f 1883/2260/2238 1887/2261/2239 1889/2258/2236
f 1887/2261/2239 1891/2266/2244 1892/2262/2240
f 1890/2259/2237 1889/2258/2236 1892/2262/2240
f 1881/2236/2216 1891/2266/2244 1887/2261/2239
f 1892/2262/2240 1891/2266/2244 1879/2265/2243
f 1893/2263/2241 1892/2262/2240 1880/2267/2245
f 1875/2241/2221 1831/2243/2183 1894/2269/2247
f 1895/2200/2182 1900/2271/2249 1835/2197/2179
f 1897/2230/2211 1896/2172/2156 1812/2178/2162
f 1899/2195/2177 1834/2196/2178 1835/2197/2179
f 1898/2179/2163 1897/2230/2211 1832/2183/2166
f 1903/2151/2135 1796/2149/2133 1810/2168/2152
f 1906/2152/2136 1903/2151/2135 1798/2167/2151
f 1904/2153/2137 1906/2152/2136 1797/2273/2251
f 1905/2176/2160 1901/2175/2159 1814/2185/2168
f 1902/2272/2250 1810/2168/2152 1812/2178/2162
f 1895/2200/2182 1836/2198/2180 1878/2244/2222
f 1831/2201/2183 1895/2200/2182 1907/2275/2253
f 1871/2277/2219 1908/2281/2255 1893/2263/2241
f 1893/2263/2241 1908/2281/2255 1909/2278/2254
f 1890/2259/2237 1909/2278/2254 1910/2279/2226
f 1873/2280/2248 1894/3425/2247 1908/2281/2255
f 1907/2275/2253 1878/2244/2222 1912/2247/2225
f 1914/2282/2256 1919/2289/2261 1922/2283/2257
f 1856/2220/2201 1915/2254/2232 1914/2282/2256
f 1876/2246/2224 1914/2282/2256 1913/2250/2228
f 1877/2245/2223 1913/2250/2228 1912/2247/2225
f 1908/2281/2255 1894/3425/2247 1920/2284/2258
f 1917/2249/2227 1909/2286/2254 1920/2285/2258
f 1928/2287/2259 1927/2291/2263 1888/2257/2235
f 1922/2283/2257 1926/2290/2262 1925/2288/2260
f 1919/2289/2261 1924/2296/2267 1926/2290/2262
f 1927/2291/2263 1929/2295/2266 1911/2256/2234
f 1911/2256/2234 1929/2295/2266 1923/2292/2264
f 1921/2251/2229 1925/2288/2260 1928/2293/2259
f 1927/2291/2263 1930/2298/2268 1931/2294/2265
f 1923/2292/2264 1929/2295/2266 1931/2294/2265
f 1927/2297/2263 1928/2293/2259 1925/2288/2260
f 1931/2294/2265 1930/2298/2268 1926/2290/2262
f 1932/2158/2142 1804/2299/2269 1808/2174/2158
f 1904/2153/2137 1801/2274/2252 1804/2299/2269
f 1817/2206/2187 1818/2163/2147 1794/2165/2149
f 1923/2292/2264 1924/2296/2267 1919/2289/2261
f 1806/2171/2155 1844/2160/2144 1802/2156/2140
f 1868/2224/2205 1882/2264/2242 1883/2260/2238
f 1915/2254/2232 1918/2253/2231 1919/2289/2261
f 1858/2221/2202 1864/2234/2214 1879/2265/2243
f 1864/2234/2214 1865/2235/2215 1871/2239/2219
f 1873/2270/2248 1866/2238/2218 1860/2204/2185
f 1934/2303/2271 1958/2345/2312 1979/2304/2272
f 1934/2303/2271 1936/2308/2276 1937/2306/2274
f 1936/2308/2276 2047/2311/2279 2044/2309/2277
f 1936/2308/2276 1941/2314/2282 2045/2310/2278
f 1940/2305/2273 1941/2314/2282 1936/2308/2276
f 2011/2312/2280 1983/2317/2285 1943/2313/2281
f 1941/2314/2282 1944/2319/2287 2073/2315/2283
f 1943/2313/2281 1944/2319/2287 1941/2314/2282
f 1948/2318/2286 2046/2427/2390 2073/2315/2283
f 1946/2320/2288 1948/2318/2286 1944/2319/2287
f 1950/2321/2289 1960/2339/2306 1959/2322/2290
f 1952/2323/2291 2043/2329/2297 2044/2309/2277
f 1937/2306/2274 1951/2333/2301 1950/2321/2289
f 1968/2327/2295 1957/3426/3532 1947/2325/2293
f 1957/3426/3532 1946/2320/2288 1947/2325/2293
f 1952/2323/2291 1954/2425/2300 2037/2328/2296
f 1949/2330/2298 2046/2427/2390 2042/2331/2299
f 1951/2333/2301 1953/2341/2308 1956/2334/2302
f 2039/2335/2303 1957/3427/3532 1968/2336/2295
f 1950/2321/2289 1956/2334/2302 1967/2338/2305
f 1973/2340/2307 1974/2351/2318 1956/2334/2302
f 1946/2320/2288 1957/3426/3532 1955/2342/2309
f 1963/2343/2310 1962/2347/2314 1959/2322/2290
f 1959/2322/2290 1962/2347/2314 1961/2344/2311
f 1966/2346/2313 1965/2348/2315 1962/2347/2314
f 1965/2348/2315 1964/2363/2329 1961/2344/2311
f 1969/2349/2316 1963/2343/2310 1960/2339/2306
f 1970/2350/2317 1966/2346/2313 1963/2343/2310
f 2040/2337/2304 1975/2353/2320 1974/2351/2318
f 1976/2352/2319 1969/2349/2316 1967/2338/2305
f 1976/2352/2319 1977/2399/2363 1970/2350/2317
f 1971/2354/2321 1972/2428/2391 2036/2355/2322
f 1971/2354/2321 2041/2356/2323 2040/2337/2304
f 1975/2353/2320 1967/2338/2305 1956/2334/2302
f 1955/2357/2309 1957/3427/3532 2039/2335/2303
f 1980/2359/2325 2015/2395/2360 1968/2327/2295
f 1993/2360/2326 1982/2382/2348 2001/2361/2327
f 1961/2344/2311 1984/2364/2330 1979/2304/2272
f 1979/2304/2272 1984/2364/2330 2008/2362/2328
f 1964/2363/2329 1987/2378/2344 1984/2364/2330
f 1984/2364/2330 1987/2378/2344 2010/2365/2331
f 1986/2366/2332 1981/2368/2334 1985/2316/2284
f 1989/2367/2333 1991/2370/2336 1981/2368/2334
f 1985/2316/2284 1990/2369/2335 1978/2326/2294
f 1981/2368/2334 1988/2371/2337 1990/2369/2335
f 1991/2370/2336 1992/2372/2338 1988/2371/2337
f 1990/2369/2335 1993/2360/2326 1980/2359/2325
f 1988/2371/2337 1994/2373/2339 1993/2360/2326
f 1992/2372/2338 1995/2380/2346 1994/2373/2339
f 1997/2374/2340 1996/2376/2342 1964/2363/2329
f 1999/2375/2341 2000/2384/2349 1991/2370/2336
f 1987/2378/2344 1998/2390/2355 2009/2379/2345
f 1995/2380/2346 2003/2387/2352 2002/2381/2347
f 1994/2373/2339 2002/2381/2347 1982/2382/2348
f 2042/2383/2299 1955/2357/2309 2038/2358/2324
f 2000/2384/2349 2004/2385/2350 1992/2372/2338
f 2004/2385/2350 2003/2387/2352 1995/2380/2346
f 2000/2384/2349 1999/2375/2341 2005/2386/2351
f 2005/2386/2351 2006/2388/2353 2003/2387/2352
f 2006/2388/2353 2007/2394/2359 2002/2381/2347
f 2009/2379/2345 2023/2417/2381 2022/2389/2354
f 2008/2362/2328 1986/2366/2332 1983/2317/2285
f 1999/2375/2341 1989/2367/2333 2010/2365/2331
f 1989/2367/2333 1986/2366/2332 2008/2362/2328
f 1998/2390/2355 2025/2377/2343 2027/2391/2356
f 2012/2393/2358 2014/2424/2388 2007/2394/2359
f 2001/2361/2327 2016/2397/2361 2015/2395/2360
f 1982/2382/2348 2002/2381/2347 2007/2394/2359
f 2016/2397/2361 1972/3428/2391 1971/2396/2321
f 2019/2398/2362 2018/2400/2364 1970/2350/2317
f 2018/2400/2364 2017/2401/2365 1966/2346/2313
f 2017/2401/2365 1997/2374/2340 1965/2348/2315
f 2053/2402/2366 2058/2439/2398 2051/2403/2367
f 2054/2405/2369 2053/2402/2366 2062/2404/2368
f 2057/2407/2371 2056/2410/2374 2059/2408/2372
f 2056/2410/2374 2057/2407/2371 1996/2376/2342
f 2027/2391/2356 2025/2377/2343 2026/2411/2375
f 2025/2377/2343 1998/2390/2355 1987/2378/2344
f 2052/2409/2373 2029/2412/2376 2026/2411/2375
f 2029/2412/2376 2031/2416/2380 2030/2413/2377
f 2030/2413/2377 2028/2415/2379 2024/2392/2357
f 2033/2414/2378 2032/2418/2382 2028/2415/2379
f 2031/2416/2380 2034/2421/2385 2033/2414/2378
f 2022/2389/2354 2023/2417/2381 2028/2415/2379
f 2020/2419/2383 2032/2418/2382 2033/2414/2378
f 2021/2420/2384 2033/2414/2378 2034/2421/2385
f 2035/2423/2387 1972/3428/2391 2016/2397/2361
f 2036/2355/2322 1977/2399/2363 1976/2352/2319
f 2038/2358/2324 1973/2340/2307 1953/2341/2308
f 1976/2352/2319 1975/2353/2320 2040/2337/2304
f 2039/2335/2303 1974/2351/2318 1973/2340/2307
f 1951/2333/2301 1937/2306/2274 2044/2309/2277
f 2047/2311/2279 1938/2426/2389 1939/2324/2292
f 2045/2310/2278 1942/2456/2410 1938/2426/2389
f 2046/2427/2390 1948/2318/2286 1955/2342/2309
f 1953/2341/2308 1951/2333/2301 2043/2329/2297
f 2036/2355/2322 2048/2429/2392 2019/2398/2362
f 1972/2428/2391 2035/2442/2387 2048/2429/2392
f 2034/2421/2385 2049/2432/2394 2012/2430/2358
f 2034/2421/2385 2031/2416/2380 2050/2431/2393
f 2031/2416/2380 2029/2412/2376 2051/2433/2367
f 2049/2432/2394 2035/2438/2387 2014/2434/2388
f 2048/2429/2392 2058/2439/2398 2053/2402/2366
f 2055/2435/2395 2054/2405/2369 2063/2406/2370
f 2055/2435/2395 2056/2410/2374 1997/2374/2340
f 2054/2405/2369 2055/2435/2395 2017/2401/2365
f 2053/2402/2366 2054/2405/2369 2018/2400/2364
f 2049/2432/2394 2050/2431/2393 2061/2437/2397
f 2058/2439/2398 2048/2429/2392 2061/2440/2397
f 2029/2412/2376 2068/2447/2403 2069/2443/2399
f 2063/2406/2370 2062/2404/2368 2066/2444/2400
f 2060/2436/2396 2063/2406/2370 2067/2445/2401
f 2052/2409/2373 2070/2449/2405 2068/2447/2403
f 2052/2409/2373 2059/2408/2372 2064/2448/2404
f 2062/2404/2368 2051/2403/2367 2069/2450/2399
f 2072/2451/2406 2071/2453/2407 2068/2447/2403
f 2064/2448/2404 2065/2446/2402 2072/2451/2406
f 2068/2452/2403 2071/2453/2407 2066/2444/2400
f 2067/2445/2401 2071/2453/2407 2072/2451/2406
f 1949/2330/2298 1945/2454/2408 2073/2315/2283
f 1945/2454/2408 1942/2456/2410 2045/2310/2278
f 1935/2307/2275 1959/2322/2290 1958/2345/2312
f 2060/2436/2396 2065/2446/2402 2064/2448/2404
f 1947/2325/2293 1946/2320/2288 1943/2313/2281
f 2009/2379/2345 1998/2390/2355 2024/2392/2357
f 2056/2410/2374 2055/2435/2395 2060/2436/2396
f 1999/2375/2341 2022/2389/2354 2020/2419/2383
f 2005/2386/2351 2013/2457/2386 2012/2393/2358
f 2001/2361/2327 2007/2394/2359 2014/2424/2388
usemtl Choker_mat.001
f 2080/2458/2411 2094/2459/2412 2079/2460/2413
f 2093/2461/2414 2094/2459/2415 2096/2462/2416
f 2081/2463/2417 2093/2464/2418 2090/2465/2419
f 2107/2466/2420 2087/2467/2421 2085/2468/2422
f 2079/2460/2413 2084/2469/2423 2080/2458/2411
f 2092/2470/2424 2075/2471/2425 2078/2472/2426
f 2083/2473/2427 2082/2474/2428 2081/2463/2417
f 2105/2475/2429 2085/2476/2430 2083/2473/2427
f 2115/2477/2431 2104/2478/2432 2114/2479/2433
f 2090/2465/2419 2092/2480/2424 2088/2481/2434
f 2076/2482/2435 2095/2483/2436 2089/2484/2437
f 2091/2485/2438 2095/2483/2436 2094/2459/2412
f 2088/2481/2434 2078/2486/2426 2077/2487/2439
f 2094/2459/2412 2082/2488/2428 2079/2460/2413
f 2087/2467/2421 2108/2489/2440 2086/2490/2441
f 2113/2491/2442 2097/2492/2443 2116/2493/2444
f 2112/2494/2445 2116/2493/2444 2110/2495/2446
f 2100/2496/2447 2109/2497/2448 2099/2498/2449
f 2133/2499/2450 2135/2500/2451 2134/2501/2452
f 2135/2500/2451 2133/2499/2450 2132/2502/2453
f 2101/2503/2454 2107/2504/2455 2104/2478/2432
f 2092/2470/2456 2093/2505/2414 2096/2462/2416
f 2102/2506/2457 2115/2477/2431 2112/2494/2445
f 2116/2493/2458 2117/2507/2459 2113/2491/2460
f 2103/2508/2461 2114/2509/2433 2104/2510/2432
f 2117/2507/2459 2114/2479/2462 2113/2511/2460
f 2106/2512/2463 2101/2503/2454 2102/2506/2457
f 2107/2504/2420 2108/2489/2440 2087/2467/2421
f 2104/2510/2432 2105/2475/2429 2103/2508/2461
f 2133/2499/2464 2121/2513/2465 2132/2502/2466
f 2113/2514/2442 2111/2515/2467 2109/2497/2448
f 2110/2495/2446 2097/2492/2443 2098/2516/2468
f 2087/2467/2421 2086/2490/2441 2085/2468/2422
f 2078/2486/2426 2127/2517/2469 2077/2487/2439
f 2141/2518/2470 2125/2519/2471 2123/2520/2472
f 2125/2519/2471 2121/2513/2465 2118/2521/2473
f 2108/2489/2474 2084/2469/2423 2086/2490/2475
f 2148/2522/2476 2149/2523/2477 2152/2524/2478
f 2150/2525/2479 2139/2526/2480 2136/2527/2481
f 2134/2501/2452 2135/2500/2451 2131/2528/2482
f 2120/2529/2483 2132/2502/2466 2121/2513/2465
f 2128/2530/2484 2075/2471/2425 2076/2482/2435
f 2135/2500/2451 2132/2502/2453 2131/2531/2482
f 2123/2520/2472 2118/2521/2473 2119/2532/2485
f 2078/2472/2426 2134/2501/2486 2131/2528/2487
f 2121/2513/2465 2122/2533/2488 2120/2529/2483
f 2142/2534/2489 2122/2533/2488 2124/2535/2490
f 2131/2531/2487 2129/2536/2491 2127/2517/2469
f 2119/2532/2485 2133/2499/2464 2130/2537/2492
f 2130/2537/2492 2134/2501/2486 2128/2530/2484
f 2149/2538/2477 2150/2525/2493 2152/2524/2478
f 2142/2534/2494 2124/2535/2495 2126/2539/2496
f 2144/2540/2497 2100/2496/2447 2099/2498/2449
f 2096/2462/2416 2094/2459/2415 2095/2483/2498
f 2095/2483/2498 2092/2470/2456 2096/2462/2416
f 2142/2541/2489 2136/2527/2481 2139/2526/2480
f 2147/2542/2499 2151/2543/2500 2150/2525/2479
f 2151/2543/2501 2148/2522/2476 2152/2524/2478
f 2138/2544/2502 2149/2545/2503 2146/2546/2504
f 2097/2492/2443 2145/2547/2505 2098/2516/2468
f 2152/2524/2478 2150/2525/2493 2151/2543/2501
f 2136/2527/2481 2141/2518/2470 2137/2548/2506
f 2126/2539/2496 2143/2549/2507 2142/2541/2494
f 2140/2550/2508 2139/2551/2480 2138/2544/2502
f 2146/2546/2504 2148/2552/2509 2144/2540/2497
f 2137/2548/2506 2150/2525/2479 2136/2527/2481
f 2100/2553/2447 2151/2543/2500 2097/2492/2443
f 2125/2519/2510 2143/2549/2507 2126/2539/2496
f 2124/2535/2495 2125/2519/2510 2126/2539/2496
f 2117/2507/2459 2115/2477/2511 2114/2479/2462
f 2115/2477/2511 2117/2507/2459 2116/2493/2458
f 2085/2468/2430 2079/2460/2413 2082/2488/2428
f 2080/2458/2411 2091/2485/2438 2094/2459/2412
f 2081/2463/2417 2082/2474/2428 2093/2464/2418
f 2079/2460/2413 2086/2490/2475 2084/2469/2423
f 2092/2470/2424 2095/2483/2436 2075/2471/2425
f 2083/2473/2427 2085/2476/2430 2082/2474/2428
f 2105/2475/2429 2107/3429/2455 2085/2476/2430
f 2115/2477/2431 2101/2503/2454 2104/2478/2432
f 2090/2465/2419 2093/2464/2418 2092/2480/2424
f 2076/2482/2435 2075/2471/2425 2095/2483/2436
f 2091/2485/2438 2089/2484/2437 2095/2483/2436
f 2088/2481/2434 2092/2480/2424 2078/2486/2426
f 2094/2459/2412 2093/2461/2418 2082/2488/2428
f 2113/2491/2442 2100/2553/2447 2097/2492/2443
f 2112/2494/2445 2115/2477/2431 2116/2493/2444
f 2100/2496/2447 2113/2514/2442 2109/2497/2448
f 2101/2503/2454 2108/2489/2474 2107/2504/2455
f 2102/2506/2457 2101/2503/2454 2115/2477/2431
f 2103/2508/2461 2111/2515/2467 2114/2509/2433
f 2106/2512/2463 2108/2489/2474 2101/2503/2454
f 2104/2510/2432 2107/3429/2455 2105/2475/2429
f 2133/2499/2464 2118/2521/2473 2121/2513/2465
f 2113/2514/2442 2114/2509/2433 2111/2515/2467
f 2110/2495/2446 2116/2493/2444 2097/2492/2443
f 2078/2486/2426 2131/2531/2487 2127/2517/2469
f 2141/2518/2470 2143/2549/3533 2125/2519/2471
f 2125/2519/2471 2124/2535/2490 2121/2513/2465
f 2108/2489/2474 2106/2512/2463 2084/2469/2423
f 2150/2525/2479 2149/2538/2503 2139/2526/2480
f 2120/2529/2483 2129/2536/2491 2132/2502/2466
f 2128/2530/2484 2134/2501/2486 2075/2471/2425
f 2123/2520/2472 2125/2519/2471 2118/2521/2473
f 2078/2472/2426 2075/2471/2425 2134/2501/2486
f 2121/2513/2465 2124/2535/2490 2122/2533/2488
f 2142/2534/2489 2140/2550/2508 2122/2533/2488
f 2131/2531/2487 2132/2502/2466 2129/2536/2491
f 2119/2532/2485 2118/2521/2473 2133/2499/2464
f 2130/2537/2492 2133/2499/2464 2134/2501/2486
f 2144/2540/2497 2148/2552/2509 2100/2496/2447
f 2142/2541/2489 2143/2549/3533 2136/2527/2481
f 2147/2542/2499 2145/2547/2505 2151/2543/2500
f 2138/2544/2502 2139/2551/2480 2149/2545/2503
f 2097/2492/2443 2151/2543/2500 2145/2547/2505
f 2136/2527/2481 2143/2549/3533 2141/2518/2470
f 2140/2550/2508 2142/2534/2489 2139/2551/2480
f 2146/2546/2504 2149/2545/2503 2148/2552/2509
f 2137/2548/2506 2147/2542/2499 2150/2525/2479
f 2100/2553/2447 2148/2522/2509 2151/2543/2500
f 2085/2468/2430 2086/2490/2475 2079/2460/2413
usemtl Hair_Mat.001
f 2153/2554/2512 2156/2555/2513 2155/2556/2514
f 2154/2557/2515 2158/2558/2516 2156/2555/2513
f 2158/2558/2516 2159/2559/2517 2160/2560/2518
f 2160/2560/2518 2161/2561/2519 2162/2562/2520
f 2162/2562/2520 2163/2563/2521 2164/2564/2522
f 2164/2564/2522 2165/2565/2523 2166/2566/2524
f 2166/2566/2524 2167/2567/2525 2168/2568/2526
f 2160/2560/2518 2173/2569/2527 2172/2570/2528
f 2168/2568/2526 2175/2571/2529 2166/2566/2524
f 2158/2558/2516 2170/2572/2530 2156/2555/2513
f 2162/2562/2520 2174/2573/2531 2173/2569/2527
f 2156/2555/2513 2169/2574/2532 2155/2556/2514
f 2160/2560/2518 2171/2575/2533 2158/2558/2516
f 2166/2566/2524 2174/2573/2531 2164/2564/2522
f 2170/2572/2530 2177/2576/2534 2169/2574/2532
f 2175/2571/2529 2182/2577/2535 2174/2573/2531
f 2173/2569/2527 2180/2578/2536 2172/2570/2528
f 2171/2575/2533 2178/2579/2537 2170/2572/2530
f 2176/2580/2538 2183/2581/2539 2175/2571/2529
f 2174/2573/2531 2181/2582/2540 2173/2569/2527
f 2172/2570/2528 2179/2583/2541 2171/2575/2533
f 2157/2584/2542 2188/2585/2543 2159/2559/2517
f 2163/2563/2521 2191/2586/2544 2165/2565/2523
f 2154/2557/2515 2185/2587/2545 2186/2588/2546
f 2159/2559/2517 2189/2589/2547 2161/2561/2519
f 2165/2565/2523 2192/2590/2548 2167/2567/2525
f 2157/2584/2542 2186/2588/2546 2187/2591/2549
f 2161/2561/2519 2190/2592/2550 2163/2563/2521
f 2188/2585/2543 2197/2593/2551 2189/2589/2547
f 2186/2588/2546 2195/2594/2552 2187/2591/2549
f 2192/2590/2548 2199/2595/2553 2200/2596/2554
f 2189/2589/2547 2198/2597/2555 2190/2592/2550
f 2187/2591/2549 2196/2598/2556 2188/2585/2543
f 2185/2587/2545 2194/2599/2557 2186/2588/2546
f 2190/2592/2550 2199/2595/2553 2191/2586/2544
f 2194/2599/2557 2193/2600/2558 2201/2601/2559
f 2195/2594/2552 2201/2601/2559 2202/2602/2560
f 2197/2593/2551 2205/2603/2561 2198/2597/2555
f 2196/2598/2556 2204/2604/2562 2197/2593/2551
f 2196/2598/2556 2202/2602/2560 2203/2605/2563
f 2200/2596/2554 2207/2606/2564 2208/2607/2565
f 2199/2595/2553 2205/2603/2561 2207/2606/2564
f 2208/2607/2565 2210/2608/2566 2200/2596/2554
f 2192/2590/2548 2210/2608/2566 2209/2609/2567
f 2167/2567/2525 2209/2609/2567 2206/2610/2568
f 2211/2611/2569 2213/2612/2570 2210/2608/2566
f 2209/2609/2567 2213/2612/2570 2212/2613/2571
f 2205/2603/2561 2216/2614/2572 2207/2606/2564
f 2214/2615/2573 2218/2616/2574 2219/2617/2575
f 2208/2607/2565 2216/2614/2572 2217/2618/2576
f 2211/2611/2569 2217/2618/2576 2218/2616/2574
f 2218/2616/2574 2222/2619/2577 2223/2620/2578
f 2216/2614/2572 2222/2619/2577 2217/2618/2576
f 2219/2617/2575 2223/2620/2578 2224/2621/2579
f 2215/2622/2580 2221/2623/2581 2216/2614/2572
f 2223/2620/2578 2227/2624/2582 2228/2625/2583
f 2221/2623/2581 2227/2624/2582 2222/2619/2577
f 2223/2620/2578 2229/2626/2584 2224/2621/2579
f 2220/2627/2585 2226/2628/2586 2221/2623/2581
f 2229/2626/2584 2231/2629/2587 2232/2630/2588
f 2228/2625/2583 2230/2631/2589 2231/2629/2587
f 2227/2624/2582 2226/2628/2586 2230/2631/2589
f 2215/2622/2580 2204/2604/2562 2233/2632/2590
f 2233/2632/2590 2203/2605/2563 2234/2633/2591
f 2203/2605/2563 2235/2634/2592 2234/2633/2591
f 2220/2627/2585 2233/2632/2590 2236/2635/2593
f 2235/2634/2592 2202/2602/2560 2201/2601/2559
f 2220/2627/2585 2236/2635/2593 2225/2636/2594
f 2233/2632/2590 2234/2633/2591 2236/2635/2593
f 2167/2567/2525 2206/2610/2568 2168/2568/2526
f 2212/2613/2571 2206/2610/2568 2209/2609/2567
f 2168/2568/2526 2237/2637/2595 2176/2580/2538
f 2237/2637/2595 2238/2638/2596 2176/2580/2538
f 2184/2639/2597 2238/2638/2596 2239/2640/2598
f 2264/2641/2599 2243/2642/2600 2241/2643/2601
f 2267/2644/2602 2241/2643/2601 2242/2645/2603
f 2241/2643/2601 2248/2646/2604 2244/2647/2605
f 2242/2645/2603 2244/2647/2605 2245/2648/2606
f 2237/2637/2595 2249/2649/2607 2240/2650/2608
f 2214/2615/2573 2250/2651/2609 2213/2612/2570
f 2212/2613/2571 2250/2651/2609 2249/2649/2607
f 2265/2652/2610 2253/2653/2611 2243/2642/2600
f 2269/2654/2612 2255/2655/2613 2254/2656/2614
f 2269/2654/2612 2253/2653/2611 2268/2657/2615
f 2243/2642/2600 2252/2658/2616 2248/2646/2604
f 2252/2658/2616 2254/2656/2614 2256/2659/2617
f 2256/2659/2617 2255/2655/2613 2258/2660/2618
f 2224/2621/2579 2257/2661/2619 2219/2617/2575
f 2219/2617/2575 2251/2662/2620 2214/2615/2573
f 2271/2663/2621 2255/2664/2613 2270/2665/2622
f 2266/2666/2623 2260/2667/2624 2271/2663/2621
f 2224/2621/2579 2328/2668/2625 2247/2669/2626
f 2260/2667/2624 2258/2670/2618 2255/2664/2613
f 2259/2671/2627 2262/2672/2628 2260/2667/2624
f 2261/2673/2629 2242/2645/2603 2245/2648/2606
f 2267/2644/2602 2259/2671/2627 2272/2674/2630
f 2239/2675/2598 2272/2674/2630 2263/2676/2631
f 2247/2677/2626 2271/2663/2621 2257/2678/2619
f 2257/2678/2619 2270/2665/2622 2251/2679/2620
f 2249/2680/2607 2269/2654/2612 2268/2657/2615
f 2250/2681/2609 2270/2682/2622 2269/2654/2612
f 2240/2683/2608 2268/2657/2615 2265/2652/2610
f 2239/2675/2598 2264/2641/2599 2267/2644/2602
f 2238/2684/2596 2265/2652/2610 2264/2641/2599
f 2259/2671/2627 2266/2666/2623 2272/2674/2630
f 2263/2676/2631 2266/2666/2623 2273/2685/2632
f 2273/2686/2632 2274/2687/2633 2263/2688/2631
f 2239/2640/2598 2276/2689/2634 2184/2639/2597
f 2184/2639/2597 2277/2690/2635 2183/2581/2539
f 2183/2581/2539 2278/2691/2636 2182/2577/2535
f 2182/2577/2535 2280/2692/2637 2181/2582/2540
f 2275/2693/2638 2279/2694/2639 2274/2687/2633
f 2263/2688/2631 2282/2695/2640 2276/2696/2634
f 2276/2689/2634 2285/2697/2641 2277/2690/2635
f 2281/2698/2642 2283/2699/2643 2279/2694/2639
f 2277/2690/2635 2286/2700/2644 2278/2691/2636
f 2286/2700/2644 2280/2692/2637 2278/2691/2636
f 2179/2701/2541 2289/2702/2645 2178/2703/2537
f 2178/2703/2537 2288/2704/2646 2177/2705/2534
f 2290/2706/2647 2292/2707/2648 2289/2702/2645
f 2289/2702/2645 2291/2708/2649 2288/2704/2646
f 2293/2709/2650 2295/2710/2651 2292/2707/2648
f 2292/2707/2648 2294/2711/2652 2291/2708/2649
f 2179/2701/2541 2298/2712/2653 2290/2706/2647
f 2290/2706/2647 2300/2713/2654 2293/2709/2650
f 2293/2709/2650 2302/2714/2655 2296/2715/2656
f 2298/2712/2653 2297/2716/2657 2299/2717/2658
f 2299/2717/2658 2301/2718/2659 2303/2719/2660
f 2303/2719/2660 2305/2720/2661 2299/2717/2658
f 2299/2717/2658 2300/2713/2654 2298/2712/2653
f 2305/2720/2661 2307/2721/2662 2304/2722/2663
f 2305/2720/2661 2302/2714/2655 2300/2713/2654
f 2296/2715/2656 2302/2714/2655 2308/2723/2664
f 2295/2710/2651 2296/2715/2656 2308/2723/2664
f 2304/2722/2663 2307/2721/2662 2308/2723/2664
f 2302/2714/2655 2304/2722/2663 2308/2723/2664
f 2294/2711/2652 2295/2710/2651 2308/2723/2664
f 2232/2630/2588 2246/2724/2665 2229/2626/2584
f 2310/2725/2666 2309/2726/2667 2246/2724/2665
f 2311/2727/2668 2312/2728/2669 2309/2726/2667
f 2313/2729/2670 2314/2730/2671 2312/2728/2669
f 2314/2730/2671 2318/2731/2672 2312/2728/2669
f 2312/2728/2669 2317/2732/2673 2309/2726/2667
f 2246/2724/2665 2317/2732/2673 2316/2733/2674
f 2319/2734/2675 2322/2735/2676 2318/2731/2672
f 2318/2731/2672 2321/2736/2677 2317/2732/2673
f 2317/2732/2673 2320/2737/2678 2316/2733/2674
f 2322/2735/2676 2325/2738/2679 2321/2736/2677
f 2321/2736/2677 2324/2739/2680 2320/2737/2678
f 2323/2740/2681 2319/2734/2675 2327/2741/2682
f 2314/2730/2671 2315/2742/2683 2327/2741/2682
f 2319/2734/2675 2314/2730/2671 2327/2741/2682
f 2246/2724/2665 2316/2733/2674 2328/2668/2625
f 2328/2668/2625 2229/2626/2584 2246/2724/2665
f 2328/2668/2625 2320/2737/2678 2247/2669/2626
f 2320/2737/2678 2329/2743/2684 2247/2669/2626
f 2284/2744/2685 2331/2745/2686 2332/2746/2687
f 2281/2698/2642 2330/2747/2688 2331/2745/2686
f 2273/2686/2632 2330/2747/2688 2275/2693/2638
f 2247/2669/2626 2329/2743/2684 2273/2748/2632
f 2266/2666/2623 2247/2677/2626 2273/2685/2632
f 2330/2749/2688 2333/2750/2689 2334/2751/2690
f 2332/2752/2687 2335/2753/2691 2336/2754/2692
f 2331/2755/2686 2334/2751/2690 2335/2753/2691
f 2333/2750/2689 2338/2756/2693 2334/2751/2690
f 2336/2754/2692 2339/2757/2694 2340/2758/2695
f 2335/2753/2691 2338/2756/2693 2339/2757/2694
f 2337/2759/2696 2342/2760/2697 2338/2756/2693
f 2340/2758/2695 2343/2761/2698 2344/2762/2699
f 2339/2757/2694 2342/2760/2697 2343/2761/2698
f 2279/2694/2639 2346/2763/2700 2345/2764/2701
f 2274/2687/2633 2345/2764/2701 2282/2695/2640
f 2348/2765/2702 2346/2763/2700 2347/2766/2703
f 2348/2765/2702 2344/2762/2699 2343/2761/2698
f 2282/2695/2640 2348/2765/2702 2349/2767/2704
f 2342/2760/2697 2348/2765/2702 2343/2761/2698
f 2342/2760/2697 2350/2768/2705 2349/2767/2704
f 2337/2769/2696 2352/2770/2706 2341/2771/2707
f 2351/2772/2708 2353/2773/2709 2354/2774/2710
f 2324/2739/2680 2333/2775/2711 2329/2743/2684
f 2355/2776/2712 2337/2777/2696 2333/2775/2711
f 2324/2739/2680 2353/2773/2709 2355/2776/2712
f 2353/2773/2709 2357/2778/2713 2354/2774/2710
f 2357/2778/2713 2325/2738/2679 2326/2779/2714
f 2248/2646/2604 2252/2658/2616 2356/2780/2715
f 2261/2673/2629 2245/2648/2606 2356/2780/2715
f 2244/2647/2605 2248/2646/2604 2356/2780/2715
f 2245/2648/2606 2244/2647/2605 2356/2780/2715
f 2262/2672/2628 2261/2673/2629 2356/2780/2715
f 2258/2670/2618 2262/2672/2628 2356/2780/2715
f 2256/2659/2617 2258/2660/2618 2356/2780/2715
f 2252/2658/2616 2256/2659/2617 2356/2780/2715
f 2346/2763/2700 2358/2781/2716 2364/2782/2717
f 2344/2762/2699 2365/2783/2718 2363/2784/2719
f 2332/2746/2687 2359/2785/2720 2284/2744/2685
f 2336/2754/2692 2360/2786/2721 2332/2752/2687
f 2340/2758/2695 2361/2787/2722 2336/2754/2692
f 2347/2766/2703 2364/2782/2717 2365/2783/2718
f 2340/2758/2695 2363/2784/2719 2362/2788/2723
f 2284/2744/2685 2358/2781/2716 2283/2699/2643
f 2361/2787/2722 2362/2788/2723 2366/2789/2724
f 2359/2785/2720 2360/2790/2721 2366/2789/2724
f 2364/2782/2717 2358/2781/2716 2366/2789/2724
f 2362/2788/2723 2363/2784/2719 2366/2789/2724
f 2360/2786/2721 2361/2787/2722 2366/2789/2724
f 2358/2781/2716 2359/2785/2720 2366/2789/2724
f 2363/2784/2719 2365/2783/2718 2366/2789/2724
f 2365/2783/2718 2364/2782/2717 2366/2789/2724
f 2282/2791/2640 2349/2792/2704 2285/2697/2641
f 2349/2792/2704 2286/2700/2644 2285/2697/2641
f 2180/2578/2536 2280/2692/2637 2297/2793/2657
f 2280/2692/2637 2367/2794/2725 2297/2793/2657
f 2301/2795/2659 2367/2794/2725 2368/2796/2726
f 2368/2796/2726 2370/2797/2727 2371/2798/2728
f 2287/2799/2729 2370/2797/2727 2367/2794/2725
f 2286/2700/2644 2369/2800/2730 2287/2799/2729
f 2352/2770/2706 2370/2797/2727 2341/2771/2707
f 2341/2771/2707 2369/2800/2730 2350/2801/2705
f 2326/2779/2714 2322/2735/2676 2323/2740/2681
f 2153/2554/2512 2373/2555/2731 2372/2557/2732
f 2375/2558/2733 2372/2557/2732 2373/2555/2731
f 2375/2558/2733 2376/2559/2734 2374/2584/2735
f 2377/2560/2736 2378/2561/2737 2376/2559/2734
f 2379/2562/2738 2380/2563/2739 2378/2561/2737
f 2381/2564/2740 2382/2565/2741 2380/2563/2739
f 2383/2566/2742 2384/2567/2743 2382/2565/2741
f 2377/2560/2736 2389/2569/2744 2379/2562/2738
f 2391/2571/2745 2385/2568/2746 2383/2566/2742
f 2386/2572/2747 2375/2558/2733 2373/2555/2731
f 2379/2562/2738 2390/2573/2748 2381/2564/2740
f 2169/2574/2532 2373/2555/2731 2155/2556/2514
f 2387/2575/2749 2377/2560/2736 2375/2558/2733
f 2390/2573/2748 2383/2566/2742 2381/2564/2740
f 2177/2576/2534 2386/2572/2747 2169/2574/2532
f 2397/2577/2750 2391/2571/2745 2390/2573/2748
f 2395/2578/2751 2389/2569/2744 2388/2570/2752
f 2393/2579/2753 2387/2575/2749 2386/2572/2747
f 2398/2581/2754 2392/2580/2755 2391/2571/2745
f 2396/2582/2756 2390/2573/2748 2389/2569/2744
f 2394/2583/2757 2388/2570/2752 2387/2575/2749
f 2402/2585/2758 2374/2584/2735 2376/2559/2734
f 2405/2586/2759 2380/2563/2739 2382/2565/2741
f 2372/2557/2732 2185/2587/2545 2153/2554/2512
f 2403/2589/2760 2376/2559/2734 2378/2561/2737
f 2406/2590/2761 2382/2565/2741 2384/2567/2743
f 2374/2584/2735 2400/2588/2762 2372/2557/2732
f 2404/2592/2763 2378/2561/2737 2380/2563/2739
f 2410/2593/2764 2402/2585/2758 2403/2589/2760
f 2408/2594/2765 2400/2588/2762 2401/2591/2766
f 2406/2590/2761 2412/2595/2767 2405/2586/2759
f 2411/2597/2768 2403/2589/2760 2404/2592/2763
f 2409/2598/2769 2401/2591/2766 2402/2585/2758
f 2407/2599/2770 2185/2587/2545 2400/2588/2762
f 2412/2595/2767 2404/2592/2763 2405/2586/2759
f 2407/2599/2770 2201/2601/2559 2193/2600/2558
f 2408/2594/2765 2201/2601/2559 2407/2599/2770
f 2417/2603/2771 2410/2593/2764 2411/2597/2768
f 2416/2604/2772 2409/2598/2769 2410/2593/2764
f 2409/2598/2769 2414/2602/2773 2408/2594/2765
f 2413/2596/2774 2419/2606/2775 2412/2595/2767
f 2412/2595/2767 2417/2603/2771 2411/2597/2768
f 2422/2608/2776 2420/2607/2777 2413/2596/2774
f 2406/2590/2761 2422/2608/2776 2413/2596/2774
f 2384/2567/2743 2421/2609/2778 2406/2590/2761
f 2425/2612/2779 2423/2611/2780 2422/2608/2776
f 2421/2609/2778 2425/2612/2779 2422/2608/2776
f 2428/2614/2781 2417/2603/2771 2419/2606/2775
f 2426/2615/2782 2430/2616/2783 2423/2611/2780
f 2420/2607/2777 2428/2614/2781 2419/2606/2775
f 2423/2611/2780 2429/2618/2784 2420/2607/2777
f 2430/2616/2783 2434/2619/2785 2429/2618/2784
f 2434/2619/2785 2428/2614/2781 2429/2618/2784
f 2431/2617/2786 2435/2620/2787 2430/2616/2783
f 2433/2623/2788 2427/2622/2789 2428/2614/2781
f 2435/2620/2787 2437/2624/2790 2434/2619/2785
f 2437/2624/2790 2433/2623/2788 2434/2619/2785
f 2439/2626/2791 2435/2620/2787 2436/2621/2792
f 2226/2628/2586 2432/2627/2793 2433/2623/2788
f 2439/2626/2791 2231/2629/2587 2438/2625/2794
f 2438/2625/2794 2230/2631/2589 2437/2624/2790
f 2437/2624/2790 2230/2631/2589 2226/2628/2586
f 2427/2622/2789 2416/2604/2772 2417/2603/2771
f 2440/2632/2795 2415/2605/2796 2416/2604/2772
f 2415/2605/2796 2235/2634/2592 2414/2602/2773
f 2432/2627/2793 2440/2632/2795 2427/2622/2789
f 2235/2634/2592 2201/2601/2559 2414/2602/2773
f 2432/2627/2793 2225/2636/2594 2236/2635/2593
f 2440/2632/2795 2236/2635/2593 2234/2633/2591
f 2384/2567/2743 2385/2568/2746 2418/2610/2797
f 2418/2610/2797 2424/2613/2798 2421/2609/2778
f 2385/2568/2746 2441/2637/2799 2418/2610/2797
f 2442/2638/2800 2441/2637/2799 2392/2580/2755
f 2399/2639/2801 2442/2638/2800 2392/2580/2755
f 2468/2641/2802 2447/2642/2803 2469/2652/2804
f 2471/2644/2805 2445/2643/2806 2468/2641/2802
f 2445/2643/2806 2452/2646/2807 2447/2642/2803
f 2446/2645/2808 2448/2647/2809 2445/2643/2806
f 2441/2637/2799 2453/2649/2810 2424/2613/2798
f 2454/2651/2811 2426/2615/2782 2425/2612/2779
f 2424/2613/2798 2454/2651/2811 2425/2612/2779
f 2469/2652/2804 2457/2653/2812 2472/2657/2813
f 2473/2654/2814 2459/2655/2815 2474/2682/2816
f 2457/2653/2812 2473/2654/2814 2472/2657/2813
f 2456/2658/2817 2447/2642/2803 2452/2646/2807
f 2456/2658/2817 2458/2656/2818 2457/2653/2812
f 2460/2659/2819 2459/2655/2815 2458/2656/2818
f 2461/2661/2820 2436/2621/2792 2431/2617/2786
f 2455/2662/2821 2431/2617/2786 2426/2615/2782
f 2459/2664/2815 2475/2663/2822 2474/2665/2816
f 2464/2667/2823 2470/2666/2824 2475/2663/2822
f 2436/2621/2792 2517/2668/2825 2439/2626/2791
f 2462/2670/2826 2464/2667/2823 2459/2664/2815
f 2466/2672/2827 2463/2671/2828 2464/2667/2823
f 2446/2645/2808 2465/2673/2829 2449/2648/2830
f 2471/2644/2805 2463/2671/2828 2446/2645/2808
f 2443/2675/2831 2476/2674/2832 2471/2644/2805
f 2475/2663/2822 2451/2677/2833 2461/2678/2820
f 2474/2665/2816 2461/2678/2820 2455/2679/2821
f 2453/2680/2810 2473/2654/2814 2454/2681/2811
f 2454/2681/2811 2474/2682/2816 2455/2802/2821
f 2444/2683/2834 2472/2657/2813 2453/2680/2810
f 2443/2675/2831 2468/2641/2802 2442/2684/2800
f 2442/2684/2800 2469/2652/2804 2444/2683/2834
f 2463/2671/2828 2476/2674/2832 2470/2666/2824
f 2467/2676/2835 2470/2666/2824 2476/2674/2832
f 2478/2687/2836 2477/2686/2837 2467/2688/2835
f 2443/2640/2831 2480/2689/2838 2467/2803/2835
f 2399/2639/2801 2481/2690/2839 2480/2689/2838
f 2398/2581/2754 2482/2691/2840 2481/2690/2839
f 2397/2577/2750 2484/2692/2841 2482/2691/2840
f 2483/2694/2842 2479/2693/2843 2478/2687/2836
f 2467/2688/2835 2486/2695/2844 2478/2687/2836
f 2480/2689/2838 2489/2697/2845 2486/2791/2844
f 2485/2698/2846 2487/2699/2847 2488/2744/2848
f 2481/2690/2839 2490/2700/2849 2489/2697/2845
f 2484/2692/2841 2490/2700/2849 2482/2691/2840
f 2492/2702/2850 2394/2701/2757 2393/2703/2753
f 2288/2704/2646 2393/2703/2753 2177/2705/2534
f 2494/2707/2851 2493/2706/2852 2492/2702/2850
f 2291/2708/2649 2492/2702/2850 2288/2704/2646
f 2496/2710/2853 2495/2709/2854 2494/2707/2851
f 2294/2711/2652 2494/2707/2851 2291/2708/2649
f 2394/2701/2757 2499/2712/2855 2395/2804/2751
f 2493/2706/2852 2501/2713/2856 2499/2712/2855
f 2495/2709/2854 2502/2714/2857 2501/2713/2856
f 2499/2712/2855 2498/2716/2858 2395/2804/2751
f 2500/2717/2859 2301/2718/2659 2498/2716/2858
f 2504/2720/2860 2303/2719/2660 2500/2717/2859
f 2501/2713/2856 2500/2717/2859 2499/2712/2855
f 2504/2720/2860 2307/2721/2662 2306/2805/2861
f 2502/2714/2857 2504/2720/2860 2501/2713/2856
f 2497/2715/2862 2308/2723/2664 2502/2714/2857
f 2496/2710/2853 2308/2723/2664 2497/2715/2862
f 2503/2722/2863 2308/2723/2664 2307/2721/2662
f 2502/2714/2857 2308/2723/2664 2503/2722/2863
f 2294/2711/2652 2308/2723/2664 2496/2710/2853
f 2450/2724/2864 2232/2630/2588 2439/2626/2791
f 2505/2726/2865 2310/2725/2666 2450/2724/2864
f 2506/2728/2866 2311/2727/2668 2505/2726/2865
f 2507/2730/2867 2313/2729/2670 2506/2728/2866
f 2510/2731/2868 2507/2730/2867 2506/2728/2866
f 2509/2732/2869 2506/2728/2866 2505/2726/2865
f 2450/2724/2864 2509/2732/2869 2505/2726/2865
f 2514/2735/2870 2511/2734/2871 2510/2731/2868
f 2513/2736/2872 2510/2731/2868 2509/2732/2869
f 2512/2737/2873 2509/2732/2869 2508/2733/2874
f 2516/2738/2875 2514/2735/2870 2513/2736/2872
f 2515/2739/2876 2513/2736/2872 2512/2737/2873
f 2323/2740/2681 2327/2741/2682 2511/2734/2871
f 2507/2730/2867 2327/2741/2682 2315/2742/2683
f 2511/2734/2871 2327/2741/2682 2507/2730/2867
f 2450/2724/2864 2517/2668/2825 2508/2733/2874
f 2517/2668/2825 2450/2724/2864 2439/2626/2791
f 2517/2668/2825 2512/2737/2873 2508/2733/2874
f 2518/2743/2877 2512/2737/2873 2451/2669/2833
f 2488/2744/2848 2520/2745/2878 2485/2698/2846
f 2485/2698/2846 2519/2747/2879 2479/2693/2843
f 2519/2747/2879 2477/2686/2837 2479/2693/2843
f 2451/2669/2833 2477/2748/2837 2518/2743/2877
f 2470/2666/2824 2477/2685/2837 2451/2677/2833
f 2519/2749/2879 2522/2750/2880 2518/2806/2877
f 2521/2752/2881 2524/2753/2882 2520/2755/2878
f 2520/2755/2878 2523/2751/2883 2519/2749/2879
f 2527/2756/2884 2522/2750/2880 2523/2751/2883
f 2525/2754/2885 2528/2757/2886 2524/2753/2882
f 2524/2753/2882 2527/2756/2884 2523/2751/2883
f 2531/2760/2887 2526/2759/2888 2527/2756/2884
f 2529/2758/2889 2532/2761/2890 2528/2757/2886
f 2528/2757/2886 2531/2760/2887 2527/2756/2884
f 2483/2694/2842 2535/2763/2891 2487/2699/2847
f 2478/2687/2836 2534/2764/2892 2483/2694/2842
f 2537/2765/2893 2535/2763/2891 2534/2764/2892
f 2533/2762/2894 2537/2765/2893 2532/2761/2890
f 2486/2695/2844 2537/2765/2893 2534/2764/2892
f 2531/2760/2887 2537/2765/2893 2538/2767/2895
f 2539/2768/2896 2531/2760/2887 2538/2767/2895
f 2352/2770/2706 2526/2769/2888 2530/2771/2897
f 2351/2772/2708 2540/2773/2898 2526/2777/2888
f 2515/2739/2876 2522/2775/2899 2541/2776/2900
f 2526/2777/2888 2541/2776/2900 2522/2775/2899
f 2515/2739/2876 2540/2773/2898 2516/2738/2875
f 2357/2778/2713 2540/2773/2898 2354/2774/2710
f 2357/2778/2713 2326/2779/2714 2516/2738/2875
f 2452/2646/2807 2542/2780/2901 2456/2658/2817
f 2465/2673/2829 2542/2780/2901 2449/2648/2830
f 2448/2647/2809 2542/2780/2901 2452/2646/2807
f 2449/2648/2830 2542/2780/2901 2448/2647/2809
f 2466/2672/2827 2542/2780/2901 2465/2673/2829
f 2462/2670/2826 2542/2780/2901 2466/2672/2827
f 2460/2659/2819 2542/2780/2901 2462/2660/2826
f 2456/2658/2817 2542/2780/2901 2460/2659/2819
f 2535/2763/2891 2543/2781/2902 2487/2699/2847
f 2533/2762/2894 2550/2783/2903 2536/2766/2904
f 2544/2785/2905 2521/2746/2881 2488/2744/2848
f 2545/2786/2906 2525/2754/2885 2521/2752/2881
f 2546/2787/2907 2529/2758/2889 2525/2754/2885
f 2536/2766/2904 2549/2782/2908 2535/2763/2891
f 2529/2758/2889 2548/2784/2909 2533/2762/2894
f 2543/2781/2902 2488/2744/2848 2487/2699/2847
f 2546/2787/2907 2551/2789/2910 2547/2788/2911
f 2544/2785/2905 2551/2789/2910 2545/2790/2906
f 2549/2782/2908 2551/2789/2910 2543/2781/2902
f 2547/2788/2911 2551/2789/2910 2548/2784/2909
f 2545/2786/2906 2551/2789/2910 2546/2787/2907
f 2543/2781/2902 2551/2789/2910 2544/2785/2905
f 2548/2784/2909 2551/2789/2910 2550/2783/2903
f 2550/2783/2903 2551/2789/2910 2549/2782/2908
f 2486/2791/2844 2489/2697/2845 2538/2792/2895
f 2490/2700/2849 2538/2792/2895 2489/2697/2845
f 2395/2578/2751 2484/2692/2841 2396/2582/2756
f 2552/2794/2912 2484/2692/2841 2498/2793/2858
f 2301/2795/2659 2552/2794/2912 2498/2793/2858
f 2368/2796/2726 2554/2797/2913 2552/2794/2912
f 2554/2797/2913 2491/2799/2914 2552/2794/2912
f 2553/2800/2915 2490/2700/2849 2491/2799/2914
f 2352/2770/2706 2554/2797/2913 2371/2798/2728
f 2530/2771/2897 2553/2800/2915 2554/2797/2913
f 2326/2779/2714 2323/2740/2681 2514/2735/2870
f 2153/2554/2512 2154/2557/2515 2156/2555/2513
f 2154/2557/2515 2157/2584/2542 2158/2558/2516
f 2158/2558/2516 2157/2584/2542 2159/2559/2517
f 2160/2560/2518 2159/2559/2517 2161/2561/2519
f 2162/2562/2520 2161/2561/2519 2163/2563/2521
f 2164/2564/2522 2163/2563/2521 2165/2565/2523
f 2166/2566/2524 2165/2565/2523 2167/2567/2525
f 2160/2560/2518 2162/2562/2520 2173/2569/2527
f 2168/2568/2526 2176/2580/2538 2175/2571/2529
f 2158/2558/2516 2171/2575/2533 2170/2572/2530
f 2162/2562/2520 2164/2564/2522 2174/2573/2531
f 2156/2555/2513 2170/2572/2530 2169/2574/2532
f 2160/2560/2518 2172/2570/2528 2171/2575/2533
f 2166/2566/2524 2175/2571/2529 2174/2573/2531
f 2170/2572/2530 2178/2579/2537 2177/2576/2534
f 2175/2571/2529 2183/2581/2539 2182/2577/2535
f 2173/2569/2527 2181/2582/2540 2180/2578/2536
f 2171/2575/2533 2179/2583/2541 2178/2579/2537
f 2176/2580/2538 2184/2639/2597 2183/2581/2539
f 2174/2573/2531 2182/2577/2535 2181/2582/2540
f 2172/2570/2528 2180/2578/2536 2179/2583/2541
f 2157/2584/2542 2187/2591/2549 2188/2585/2543
f 2163/2563/2521 2190/2592/2550 2191/2586/2544
f 2154/2557/2515 2153/2554/2512 2185/2587/2545
f 2159/2559/2517 2188/2585/2543 2189/2589/2547
f 2165/2565/2523 2191/2586/2544 2192/2590/2548
f 2157/2584/2542 2154/2557/2515 2186/2588/2546
f 2161/2561/2519 2189/2589/2547 2190/2592/2550
f 2188/2585/2543 2196/2598/2556 2197/2593/2551
f 2186/2588/2546 2194/2599/2557 2195/2594/2552
f 2192/2590/2548 2191/2586/2544 2199/2595/2553
f 2189/2589/2547 2197/2593/2551 2198/2597/2555
f 2187/2591/2549 2195/2594/2552 2196/2598/2556
f 2185/2587/2545 2193/2600/2558 2194/2599/2557
f 2190/2592/2550 2198/2597/2555 2199/2595/2553
f 2195/2594/2552 2194/2599/2557 2201/2601/2559
f 2197/2593/2551 2204/2604/2562 2205/2603/2561
f 2196/2598/2556 2203/2605/2563 2204/2604/2562
f 2196/2598/2556 2195/2594/2552 2202/2602/2560
f 2200/2596/2554 2199/2595/2553 2207/2606/2564
f 2199/2595/2553 2198/2597/2555 2205/2603/2561
f 2208/2607/2565 2211/2611/2569 2210/2608/2566
f 2192/2590/2548 2200/2596/2554 2210/2608/2566
f 2167/2567/2525 2192/2590/2548 2209/2609/2567
f 2211/2611/2569 2214/2615/2573 2213/2612/2570
f 2209/2609/2567 2210/2608/2566 2213/2612/2570
f 2205/2603/2561 2215/2622/2580 2216/2614/2572
f 2214/2615/2573 2211/2611/2569 2218/2616/2574
f 2208/2607/2565 2207/2606/2564 2216/2614/2572
f 2211/2611/2569 2208/2607/2565 2217/2618/2576
f 2218/2616/2574 2217/2618/2576 2222/2619/2577
f 2216/2614/2572 2221/2623/2581 2222/2619/2577
f 2219/2617/2575 2218/2616/2574 2223/2620/2578
f 2215/2622/2580 2220/2627/2585 2221/2623/2581
f 2223/2620/2578 2222/2619/2577 2227/2624/2582
f 2221/2623/2581 2226/2628/2586 2227/2624/2582
f 2223/2620/2578 2228/2625/2583 2229/2626/2584
f 2220/2627/2585 2225/2636/2594 2226/2628/2586
f 2229/2626/2584 2228/2625/2583 2231/2629/2587
f 2228/2625/2583 2227/2624/2582 2230/2631/2589
f 2215/2622/2580 2205/2603/2561 2204/2604/2562
f 2233/2632/2590 2204/2604/2562 2203/2605/2563
f 2203/2605/2563 2202/2602/2560 2235/2634/2592
f 2220/2627/2585 2215/2622/2580 2233/2632/2590
f 2212/2613/2571 2237/2637/2595 2206/2610/2568
f 2168/2568/2526 2206/2610/2568 2237/2637/2595
f 2237/2637/2595 2240/2650/2608 2238/2638/2596
f 2184/2639/2597 2176/2580/2538 2238/2638/2596
f 2264/2641/2599 2265/2652/2610 2243/2642/2600
f 2267/2644/2602 2264/2641/2599 2241/2643/2601
f 2241/2643/2601 2243/2642/2600 2248/2646/2604
f 2242/2645/2603 2241/2643/2601 2244/2647/2605
f 2237/2637/2595 2212/2613/2571 2249/2649/2607
f 2214/2615/2573 2251/2662/2620 2250/2651/2609
f 2212/2613/2571 2213/2612/2570 2250/2651/2609
f 2265/2652/2610 2268/2657/2615 2253/2653/2611
f 2269/2654/2612 2270/2682/2622 2255/2655/2613
f 2269/2654/2612 2254/2656/2614 2253/2653/2611
f 2243/2642/2600 2253/2653/2611 2252/2658/2616
f 2252/2658/2616 2253/2653/2611 2254/2656/2614
f 2256/2659/2617 2254/2656/2614 2255/2655/2613
f 2224/2621/2579 2247/2669/2626 2257/2661/2619
f 2219/2617/2575 2257/2661/2619 2251/2662/2620
f 2271/2663/2621 2260/2667/2624 2255/2664/2613
f 2266/2666/2623 2259/2671/2627 2260/2667/2624
f 2224/2621/2579 2229/2626/2584 2328/2668/2625
f 2260/2667/2624 2262/2672/2628 2258/2670/2618
f 2259/2671/2627 2261/2673/2629 2262/2672/2628
f 2261/2673/2629 2259/2671/2627 2242/2645/2603
f 2267/2644/2602 2242/2645/2603 2259/2671/2627
f 2239/2675/2598 2267/2644/2602 2272/2674/2630
f 2247/2677/2626 2266/2666/2623 2271/2663/2621
f 2257/2678/2619 2271/2663/2621 2270/2665/2622
f 2249/2680/2607 2250/2681/2609 2269/2654/2612
f 2250/2681/2609 2251/2802/2620 2270/2682/2622
f 2240/2683/2608 2249/2680/2607 2268/2657/2615
f 2239/2675/2598 2238/2684/2596 2264/2641/2599
f 2238/2684/2596 2240/2683/2608 2265/2652/2610
f 2263/2676/2631 2272/2674/2630 2266/2666/2623
f 2273/2686/2632 2275/2693/2638 2274/2687/2633
f 2239/2640/2598 2263/2803/2631 2276/2689/2634
f 2184/2639/2597 2276/2689/2634 2277/2690/2635
f 2183/2581/2539 2277/2690/2635 2278/2691/2636
f 2182/2577/2535 2278/2691/2636 2280/2692/2637
f 2275/2693/2638 2281/2698/2642 2279/2694/2639
f 2263/2688/2631 2274/2687/2633 2282/2695/2640
f 2276/2689/2634 2282/2791/2640 2285/2697/2641
f 2281/2698/2642 2284/2744/2685 2283/2699/2643
f 2277/2690/2635 2285/2697/2641 2286/2700/2644
f 2286/2700/2644 2287/2799/2729 2280/2692/2637
f 2179/2701/2541 2290/2706/2647 2289/2702/2645
f 2178/2703/2537 2289/2702/2645 2288/2704/2646
f 2290/2706/2647 2293/2709/2650 2292/2707/2648
f 2289/2702/2645 2292/2707/2648 2291/2708/2649
f 2293/2709/2650 2296/2715/2656 2295/2710/2651
f 2292/2707/2648 2295/2710/2651 2294/2711/2652
f 2179/2701/2541 2180/2804/2536 2298/2712/2653
f 2290/2706/2647 2298/2712/2653 2300/2713/2654
f 2293/2709/2650 2300/2713/2654 2302/2714/2655
f 2298/2712/2653 2180/2804/2536 2297/2716/2657
f 2299/2717/2658 2297/2716/2657 2301/2718/2659
f 2303/2719/2660 2306/2805/2861 2305/2720/2661
f 2299/2717/2658 2305/2720/2661 2300/2713/2654
f 2305/2720/2661 2306/2805/2861 2307/2721/2662
f 2305/2720/2661 2304/2722/2663 2302/2714/2655
f 2232/2630/2588 2310/2725/2666 2246/2724/2665
f 2310/2725/2666 2311/2727/2668 2309/2726/2667
f 2311/2727/2668 2313/2729/2670 2312/2728/2669
f 2313/2729/2670 2315/2742/2683 2314/2730/2671
f 2314/2730/2671 2319/2734/2675 2318/2731/2672
f 2312/2728/2669 2318/2731/2672 2317/2732/2673
f 2246/2724/2665 2309/2726/2667 2317/2732/2673
f 2319/2734/2675 2323/2740/2681 2322/2735/2676
f 2318/2731/2672 2322/2735/2676 2321/2736/2677
f 2317/2732/2673 2321/2736/2677 2320/2737/2678
f 2322/2735/2676 2326/2779/2714 2325/2738/2679
f 2321/2736/2677 2325/2738/2679 2324/2739/2680
f 2328/2668/2625 2316/2733/2674 2320/2737/2678
f 2320/2737/2678 2324/2739/2680 2329/2743/2684
f 2284/2744/2685 2281/2698/2642 2331/2745/2686
f 2281/2698/2642 2275/2693/2638 2330/2747/2688
f 2273/2686/2632 2329/3430/2684 2330/2747/2688
f 2330/2749/2688 2329/2806/2684 2333/2750/2689
f 2332/2752/2687 2331/2755/2686 2335/2753/2691
f 2331/2755/2686 2330/2749/2688 2334/2751/2690
f 2333/2750/2689 2337/2759/2696 2338/2756/2693
f 2336/2754/2692 2335/2753/2691 2339/2757/2694
f 2335/2753/2691 2334/2751/2690 2338/2756/2693
f 2337/2759/2696 2341/3431/2707 2342/2760/2697
f 2340/2758/2695 2339/2757/2694 2343/2761/2698
f 2339/2757/2694 2338/2756/2693 2342/2760/2697
f 2279/2694/2639 2283/2699/2643 2346/2763/2700
f 2274/2687/2633 2279/2694/2639 2345/2764/2701
f 2348/2765/2702 2345/2764/2701 2346/2763/2700
f 2348/2765/2702 2347/2766/2703 2344/2762/2699
f 2282/2695/2640 2345/2764/2701 2348/2765/2702
f 2342/2760/2697 2349/2767/2704 2348/2765/2702
f 2342/2760/2697 2341/3431/2707 2350/2768/2705
f 2337/2769/2696 2351/3432/2708 2352/2770/2706
f 2351/2772/2708 2337/2777/2696 2353/2773/2709
f 2324/2739/2680 2355/2776/2712 2333/2775/2711
f 2355/2776/2712 2353/2773/2709 2337/2777/2696
f 2324/2739/2680 2325/2738/2679 2353/2773/2709
f 2353/2773/2709 2325/2738/2679 2357/2778/2713
f 2346/2763/2700 2283/2699/2643 2358/2781/2716
f 2344/2762/2699 2347/2766/2703 2365/2783/2718
f 2332/2746/2687 2360/2790/2721 2359/2785/2720
f 2336/2754/2692 2361/2787/2722 2360/2786/2721
f 2340/2758/2695 2362/2788/2723 2361/2787/2722
f 2347/2766/2703 2346/2763/2700 2364/2782/2717
f 2340/2758/2695 2344/2762/2699 2363/2784/2719
f 2284/2744/2685 2359/2785/2720 2358/2781/2716
f 2349/2792/2704 2350/2801/2705 2286/2700/2644
f 2180/2578/2536 2181/2582/2540 2280/2692/2637
f 2280/2692/2637 2287/2799/2729 2367/2794/2725
f 2301/2795/2659 2297/2793/2657 2367/2794/2725
f 2368/2796/2726 2367/2794/2725 2370/2797/2727
f 2287/2799/2729 2369/2800/2730 2370/2797/2727
f 2286/2700/2644 2350/2801/2705 2369/2800/2730
f 2352/2770/2706 2371/2798/2728 2370/2797/2727
f 2341/2771/2707 2370/2797/2727 2369/2800/2730
f 2153/2554/2512 2155/2556/2514 2373/2555/2731
f 2375/2558/2733 2374/2584/2735 2372/2557/2732
f 2375/2558/2733 2377/2560/2736 2376/2559/2734
f 2377/2560/2736 2379/2562/2738 2378/2561/2737
f 2379/2562/2738 2381/2564/2740 2380/2563/2739
f 2381/2564/2740 2383/2566/2742 2382/2565/2741
f 2383/2566/2742 2385/2568/2746 2384/2567/2743
f 2377/2560/2736 2388/2570/2752 2389/2569/2744
f 2391/2571/2745 2392/2580/2755 2385/2568/2746
f 2386/2572/2747 2387/2575/2749 2375/2558/2733
f 2379/2562/2738 2389/2569/2744 2390/2573/2748
f 2169/2574/2532 2386/2572/2747 2373/2555/2731
f 2387/2575/2749 2388/2570/2752 2377/2560/2736
f 2390/2573/2748 2391/2571/2745 2383/2566/2742
f 2177/2576/2534 2393/2579/2753 2386/2572/2747
f 2397/2577/2750 2398/2581/2754 2391/2571/2745
f 2395/2578/2751 2396/2582/2756 2389/2569/2744
f 2393/2579/2753 2394/2583/2757 2387/2575/2749
f 2398/2581/2754 2399/2639/2801 2392/2580/2755
f 2396/2582/2756 2397/2577/2750 2390/2573/2748
f 2394/2583/2757 2395/2578/2751 2388/2570/2752
f 2402/2585/2758 2401/2591/2766 2374/2584/2735
f 2405/2586/2759 2404/2592/2763 2380/2563/2739
f 2372/2557/2732 2400/2588/2762 2185/2587/2545
f 2403/2589/2760 2402/2585/2758 2376/2559/2734
f 2406/2590/2761 2405/2586/2759 2382/2565/2741
f 2374/2584/2735 2401/2591/2766 2400/2588/2762
f 2404/2592/2763 2403/2589/2760 2378/2561/2737
f 2410/2593/2764 2409/2598/2769 2402/2585/2758
f 2408/2594/2765 2407/2599/2770 2400/2588/2762
f 2406/2590/2761 2413/2596/2774 2412/2595/2767
f 2411/2597/2768 2410/2593/2764 2403/2589/2760
f 2409/2598/2769 2408/2594/2765 2401/2591/2766
f 2407/2599/2770 2193/2600/2558 2185/2587/2545
f 2412/2595/2767 2411/2597/2768 2404/2592/2763
f 2408/2594/2765 2414/2602/2773 2201/2601/2559
f 2417/2603/2771 2416/2604/2772 2410/2593/2764
f 2416/2604/2772 2415/2605/2796 2409/2598/2769
f 2409/2598/2769 2415/2605/2796 2414/2602/2773
f 2413/2596/2774 2420/2607/2777 2419/2606/2775
f 2412/2595/2767 2419/2606/2775 2417/2603/2771
f 2422/2608/2776 2423/2611/2780 2420/2607/2777
f 2406/2590/2761 2421/2609/2778 2422/2608/2776
f 2384/2567/2743 2418/2610/2797 2421/2609/2778
f 2425/2612/2779 2426/2615/2782 2423/2611/2780
f 2421/2609/2778 2424/2613/2798 2425/2612/2779
f 2428/2614/2781 2427/2622/2789 2417/2603/2771
f 2426/2615/2782 2431/2617/2786 2430/2616/2783
f 2420/2607/2777 2429/2618/2784 2428/2614/2781
f 2423/2611/2780 2430/2616/2783 2429/2618/2784
f 2430/2616/2783 2435/2620/2787 2434/2619/2785
f 2434/2619/2785 2433/2623/2788 2428/2614/2781
f 2431/2617/2786 2436/2621/2792 2435/2620/2787
f 2433/2623/2788 2432/2627/2793 2427/2622/2789
f 2435/2620/2787 2438/2625/2794 2437/2624/2790
f 2437/2624/2790 2226/2628/2586 2433/2623/2788
f 2439/2626/2791 2438/2625/2794 2435/2620/2787
f 2226/2628/2586 2225/2636/2594 2432/2627/2793
f 2439/2626/2791 2232/2630/2588 2231/2629/2587
f 2438/2625/2794 2231/2629/2587 2230/2631/2589
f 2427/2622/2789 2440/2632/2795 2416/2604/2772
f 2440/2632/2795 2234/2633/2591 2415/2605/2796
f 2415/2605/2796 2234/2633/2591 2235/2634/2592
f 2432/2627/2793 2236/2635/2593 2440/2632/2795
f 2418/2610/2797 2441/2637/2799 2424/2613/2798
f 2385/2568/2746 2392/2580/2755 2441/2637/2799
f 2442/2638/2800 2444/2650/2834 2441/2637/2799
f 2399/2639/2801 2443/2640/2831 2442/2638/2800
f 2468/2641/2802 2445/2643/2806 2447/2642/2803
f 2471/2644/2805 2446/2645/2808 2445/2643/2806
f 2445/2643/2806 2448/2647/2809 2452/2646/2807
f 2446/2645/2808 2449/2648/2830 2448/2647/2809
f 2441/2637/2799 2444/2650/2834 2453/2649/2810
f 2454/2651/2811 2455/2662/2821 2426/2615/2782
f 2424/2613/2798 2453/2649/2810 2454/2651/2811
f 2469/2652/2804 2447/2642/2803 2457/2653/2812
f 2473/2654/2814 2458/2656/2818 2459/2655/2815
f 2457/2653/2812 2458/2656/2818 2473/2654/2814
f 2456/2658/2817 2457/2653/2812 2447/2642/2803
f 2456/2658/2817 2460/2659/2819 2458/2656/2818
f 2460/2659/2819 2462/2660/2826 2459/2655/2815
f 2461/2661/2820 2451/2669/2833 2436/2621/2792
f 2455/2662/2821 2461/2661/2820 2431/2617/2786
f 2459/2664/2815 2464/2667/2823 2475/2663/2822
f 2464/2667/2823 2463/2671/2828 2470/2666/2824
f 2436/2621/2792 2451/2669/2833 2517/2668/2825
f 2462/2670/2826 2466/2672/2827 2464/2667/2823
f 2466/2672/2827 2465/2673/2829 2463/2671/2828
f 2446/2645/2808 2463/2671/2828 2465/2673/2829
f 2471/2644/2805 2476/2674/2832 2463/2671/2828
f 2443/2675/2831 2467/2676/2835 2476/2674/2832
f 2475/2663/2822 2470/2666/2824 2451/2677/2833
f 2474/2665/2816 2475/2663/2822 2461/2678/2820
f 2453/2680/2810 2472/2657/2813 2473/2654/2814
f 2454/2681/2811 2473/2654/2814 2474/2682/2816
f 2444/2683/2834 2469/2652/2804 2472/2657/2813
f 2443/2675/2831 2471/2644/2805 2468/2641/2802
f 2442/2684/2800 2468/2641/2802 2469/2652/2804
f 2467/2676/2835 2477/2685/2837 2470/2666/2824
f 2478/2687/2836 2479/2693/2843 2477/2686/2837
f 2443/2640/2831 2399/2639/2801 2480/2689/2838
f 2399/2639/2801 2398/2581/2754 2481/2690/2839
f 2398/2581/2754 2397/2577/2750 2482/2691/2840
f 2397/2577/2750 2396/2582/2756 2484/2692/2841
f 2483/2694/2842 2485/2698/2846 2479/2693/2843
f 2467/2688/2835 2480/2696/2838 2486/2695/2844
f 2480/2689/2838 2481/2690/2839 2489/2697/2845
f 2485/2698/2846 2483/2694/2842 2487/2699/2847
f 2481/2690/2839 2482/2691/2840 2490/2700/2849
f 2484/2692/2841 2491/2799/2914 2490/2700/2849
f 2492/2702/2850 2493/2706/2852 2394/2701/2757
f 2288/2704/2646 2492/2702/2850 2393/2703/2753
f 2494/2707/2851 2495/2709/2854 2493/2706/2852
f 2291/2708/2649 2494/2707/2851 2492/2702/2850
f 2496/2710/2853 2497/2715/2862 2495/2709/2854
f 2294/2711/2652 2496/2710/2853 2494/2707/2851
f 2394/2701/2757 2493/2706/2852 2499/2712/2855
f 2493/2706/2852 2495/2709/2854 2501/2713/2856
f 2495/2709/2854 2497/2715/2862 2502/2714/2857
f 2499/2712/2855 2500/2717/2859 2498/2716/2858
f 2500/2717/2859 2303/2719/2660 2301/2718/2659
f 2504/2720/2860 2306/2805/2861 2303/2719/2660
f 2501/2713/2856 2504/2720/2860 2500/2717/2859
f 2504/2720/2860 2503/2722/2863 2307/2721/2662
f 2502/2714/2857 2503/2722/2863 2504/2720/2860
f 2450/2724/2864 2310/2725/2666 2232/2630/2588
f 2505/2726/2865 2311/2727/2668 2310/2725/2666
f 2506/2728/2866 2313/2729/2670 2311/2727/2668
f 2507/2730/2867 2315/2742/2683 2313/2729/2670
f 2510/2731/2868 2511/2734/2871 2507/2730/2867
f 2509/2732/2869 2510/2731/2868 2506/2728/2866
f 2450/2724/2864 2508/2733/2874 2509/2732/2869
f 2514/2735/2870 2323/2740/2681 2511/2734/2871
f 2513/2736/2872 2514/2735/2870 2510/2731/2868
f 2512/2737/2873 2513/2736/2872 2509/2732/2869
f 2516/2738/2875 2326/2779/2714 2514/2735/2870
f 2515/2739/2876 2516/2738/2875 2513/2736/2872
f 2517/2668/2825 2451/2669/2833 2512/2737/2873
f 2518/2743/2877 2515/2739/2876 2512/2737/2873
f 2488/2744/2848 2521/2746/2881 2520/2745/2878
f 2485/2698/2846 2520/2745/2878 2519/2747/2879
f 2519/2747/2879 2518/3430/2877 2477/2686/2837
f 2519/2749/2879 2523/2751/2883 2522/2750/2880
f 2521/2752/2881 2525/2754/2885 2524/2753/2882
f 2520/2755/2878 2524/2753/2882 2523/2751/2883
f 2527/2756/2884 2526/2759/2888 2522/2750/2880
f 2525/2754/2885 2529/2758/2889 2528/2757/2886
f 2524/2753/2882 2528/2757/2886 2527/2756/2884
f 2531/2760/2887 2530/3431/2897 2526/2759/2888
f 2529/2758/2889 2533/2762/2894 2532/2761/2890
f 2528/2757/2886 2532/2761/2890 2531/2760/2887
f 2483/2694/2842 2534/2764/2892 2535/2763/2891
f 2478/2687/2836 2486/2695/2844 2534/2764/2892
f 2537/2765/2893 2536/2766/2904 2535/2763/2891
f 2533/2762/2894 2536/2766/2904 2537/2765/2893
f 2486/2695/2844 2538/2767/2895 2537/2765/2893
f 2531/2760/2887 2532/2761/2890 2537/2765/2893
f 2539/2768/2896 2530/3431/2897 2531/2760/2887
f 2352/2770/2706 2351/3432/2708 2526/2769/2888
f 2351/2772/2708 2354/2774/2710 2540/2773/2898
f 2515/2739/2876 2518/2743/2877 2522/2775/2899
f 2526/2777/2888 2540/2773/2898 2541/2776/2900
f 2515/2739/2876 2541/2776/2900 2540/2773/2898
f 2357/2778/2713 2516/2738/2875 2540/2773/2898
f 2535/2763/2891 2549/2782/2908 2543/2781/2902
f 2533/2762/2894 2548/2784/2909 2550/2783/2903
f 2544/2785/2905 2545/2790/2906 2521/2746/2881
f 2545/2786/2906 2546/2787/2907 2525/2754/2885
f 2546/2787/2907 2547/2788/2911 2529/2758/2889
f 2536/2766/2904 2550/2783/2903 2549/2782/2908
f 2529/2758/2889 2547/2788/2911 2548/2784/2909
f 2543/2781/2902 2544/2785/2905 2488/2744/2848
f 2490/2700/2849 2539/2801/2896 2538/2792/2895
f 2395/2578/2751 2498/2793/2858 2484/2692/2841
f 2552/2794/2912 2491/2799/2914 2484/2692/2841
f 2301/2795/2659 2368/2796/2726 2552/2794/2912
f 2368/2796/2726 2371/2798/2728 2554/2797/2913
f 2554/2797/2913 2553/2800/2915 2491/2799/2914
f 2553/2800/2915 2539/2801/2896 2490/2700/2849
f 2352/2770/2706 2530/2771/2897 2554/2797/2913
f 2530/2771/2897 2539/2801/2896 2553/2800/2915
usemtl Shell_Mat.001
f 2555/2807/2916 2567/2808/2917 2566/2809/2918
f 2567/2808/2917 2557/2810/2919 2571/2811/2920
f 2571/2811/2920 2558/2812/2921 2575/2813/2922
f 2575/2813/2922 2559/2814/2923 2579/2815/2924
f 2579/2815/2924 2560/2816/2925 2583/2817/2926
f 2587/2818/2927 2562/2819/2928 2591/2820/2929
f 2562/2819/2928 2566/2809/2918 2591/2820/2929
f 2594/2821/2930 2564/2822/2931 2563/2823/2932
f 2593/2824/2933 2565/2825/2934 2564/2822/2931
f 2591/2820/2929 2565/2825/2934 2592/2826/2935
f 2590/2827/2936 2593/2824/2933 2594/2821/2930
f 2588/2828/2937 2593/2824/2933 2589/2829/2938
f 2587/2818/2927 2592/2826/2935 2588/2828/2937
f 2582/2830/2939 2585/2831/2940 2586/2832/2941
f 2580/2833/2942 2585/2831/2940 2581/2834/2943
f 2580/2833/2942 2583/2817/2926 2584/2835/2944
f 2578/2836/2945 2581/2834/2943 2582/2830/2939
f 2576/2837/2946 2581/2834/2943 2577/2838/2947
f 2576/2837/2946 2579/2815/2924 2580/2833/2942
f 2574/2839/2948 2577/2838/2947 2578/2836/2945
f 2572/2840/2949 2577/2838/2947 2573/2841/2950
f 2572/2840/2949 2575/2813/2922 2576/2837/2946
f 2570/2842/2951 2573/2841/2950 2574/2839/2948
f 2568/2843/2952 2573/2841/2950 2569/2844/2953
f 2568/2843/2952 2571/2811/2920 2572/2840/2949
f 2563/2823/2932 2569/2844/2953 2570/2842/2951
f 2564/2822/2931 2568/2843/2952 2569/2844/2953
f 2565/2825/2934 2567/2808/2917 2568/2843/2952
f 2562/2819/2928 2595/2845/2954 2555/2807/2916
f 2561/2846/2955 2602/2847/2956 2562/2819/2928
f 2559/2814/2923 2600/2848/2957 2560/2816/2925
f 2558/2812/2921 2597/2849/2958 2598/2850/2959
f 2556/2851/2960 2595/2845/2954 2596/2852/2961
f 2558/2812/2921 2599/2853/2962 2559/2814/2923
f 2557/2810/2919 2596/2852/2961 2597/2849/2958
f 2599/2853/2962 2606/2854/2963 2607/2855/2964
f 2596/2852/2961 2605/2856/2965 2597/2849/2958
f 2601/2857/2966 2610/2858/2967 2602/2847/2956
f 2600/2848/2957 2607/2855/2964 2608/2859/2968
f 2598/2850/2959 2605/2856/2965 2606/2854/2963
f 2595/2845/2954 2604/2860/2969 2596/2852/2961
f 2602/2847/2956 2603/2861/2970 2595/2845/2954
f 2603/2861/2970 2612/2862/2971 2604/2860/2969
f 2610/2858/2967 2611/2863/2972 2603/2861/2970
f 2607/2855/2964 2614/2864/2973 2615/2865/2974
f 2604/2860/2969 2613/2866/2975 2605/2856/2965
f 2609/2867/2976 2618/2868/2977 2610/2858/2967
f 2608/2859/2968 2615/2865/2974 2616/2869/2978
f 2606/2854/2963 2613/2866/2975 2614/2864/2973
f 2613/2866/2975 2620/2870/2979 2621/2871/2980
f 2618/2868/2977 2625/2872/2981 2626/2873/2982
f 2615/2865/2974 2624/2874/2983 2616/2869/2978
f 2613/2866/2975 2622/2875/2984 2614/2864/2973
f 2612/2862/2971 2619/2876/2985 2620/2870/2979
f 2611/2863/2972 2626/2873/2982 2619/2876/2985
f 2614/2864/2973 2623/2877/2986 2615/2865/2974
f 2620/2870/2979 2629/2878/2987 2621/2871/2980
f 2626/2873/2982 2633/2879/2988 2634/2880/2989
f 2624/2874/2983 2631/2881/2990 2632/2882/2991
f 2621/2871/2980 2630/2883/2992 2622/2875/2984
f 2619/2876/2985 2628/2884/2993 2620/2870/2979
f 2619/2876/2985 2634/2880/2989 2627/2885/2994
f 2622/2875/2984 2631/2881/2990 2623/2877/2986
f 2627/2885/2994 2642/2886/2995 2635/2887/2996
f 2630/2883/2992 2639/2888/2997 2631/2881/2990
f 2628/2884/2993 2637/2889/2998 2629/2878/2987
f 2634/2880/2989 2641/2890/2999 2642/2886/2995
f 2631/2881/2990 2640/2891/3000 2632/2882/2991
f 2629/2878/2987 2638/2892/3001 2630/2883/2992
f 2627/2885/2994 2636/2893/3002 2628/2884/2993
f 2637/2889/2998 2646/2894/3003 2638/2892/3001
f 2636/2893/3002 2643/2895/3004 2644/2896/3005
f 2635/2887/2996 2650/2897/3006 2643/2895/3004
f 2638/2892/3001 2647/2898/3007 2639/2888/2997
f 2636/2893/3002 2645/2899/3008 2637/2889/2998
f 2642/2886/2995 2649/2900/3009 2650/2897/3006
f 2639/2888/2997 2648/2901/3010 2640/2891/3000
f 2662/2902/3011 2651/2903/3012 2661/2904/3013
f 2662/2902/3011 2653/2905/3014 2652/2906/3015
f 2665/2907/3016 2654/2908/3017 2653/2905/3014
f 2668/2909/3018 2655/2910/3019 2654/2908/3017
f 2671/2911/3020 2656/2912/3021 2655/2910/3019
f 2677/2913/3022 2658/2914/3023 2657/2915/3024
f 2661/2904/3013 2658/2914/3023 2680/2916/3025
f 2594/2917/2930 2659/2918/3026 2682/2919/3027
f 2682/2919/3027 2660/2920/3028 2681/2921/3029
f 2660/2920/3028 2680/2916/3025 2681/2921/3029
f 2590/2922/2936 2682/2919/3027 2679/2923/3030
f 2682/2919/3027 2678/2924/3031 2679/2923/3030
f 2681/2921/3029 2677/2913/3022 2678/2924/3031
f 2582/2925/2939 2676/2926/3032 2673/2927/3033
f 2676/2926/3032 2672/2928/3034 2673/2927/3033
f 2672/2928/3034 2674/2929/3035 2671/2911/3020
f 2578/2930/2945 2673/2927/3033 2670/2931/3036
f 2673/2927/3033 2669/2932/3037 2670/2931/3036
f 2669/2932/3037 2671/2911/3020 2668/2909/3018
f 2574/2933/2948 2670/2931/3036 2667/2934/3038
f 2670/2931/3036 2666/2935/3039 2667/2934/3038
f 2666/2935/3039 2668/2909/3018 2665/2907/3016
f 2570/2936/2951 2667/2934/3038 2664/2937/3040
f 2664/2937/3040 2666/2935/3039 2663/2938/3041
f 2663/2938/3041 2665/2907/3016 2662/2902/3011
f 2563/2939/2932 2664/2937/3040 2659/2918/3026
f 2659/2918/3026 2663/2938/3041 2660/2920/3028
f 2660/2920/3028 2662/2902/3011 2661/2904/3013
f 2683/2940/3042 2658/2914/3023 2651/2903/3012
f 2690/2941/3043 2657/2915/3024 2658/2914/3023
f 2688/2942/3044 2655/2910/3019 2656/2912/3021
f 2654/2908/3017 2685/2943/3045 2653/2905/3014
f 2652/2906/3015 2683/2940/3042 2651/2903/3012
f 2687/2944/3046 2654/2908/3017 2655/2910/3019
f 2653/2905/3014 2684/2945/3047 2652/2906/3015
f 2687/2944/3046 2694/2946/3048 2686/2947/3049
f 2693/2948/3050 2684/2945/3047 2685/2943/3045
f 2698/2949/3051 2689/2950/3052 2690/2941/3043
f 2688/2942/3044 2695/2951/3053 2687/2944/3046
f 2686/2947/3049 2693/2948/3050 2685/2943/3045
f 2692/2952/3054 2683/2940/3042 2684/2945/3047
f 2691/2953/3055 2690/2941/3043 2683/2940/3042
f 2700/2954/3056 2691/2953/3055 2692/2952/3054
f 2699/2955/3057 2698/2949/3051 2691/2953/3055
f 2695/2951/3053 2702/2956/3058 2694/2946/3048
f 2701/2957/3059 2692/2952/3054 2693/2948/3050
f 2706/2958/3060 2697/2959/3061 2698/2949/3051
f 2696/2960/3062 2703/2961/3063 2695/2951/3053
f 2694/2946/3048 2701/2957/3059 2693/2948/3050
f 2701/2957/3059 2708/2962/3064 2700/2954/3056
f 2706/2958/3060 2713/2963/3065 2705/2964/3066
f 2712/2965/3067 2703/2961/3063 2704/2966/3068
f 2710/2967/3069 2701/2957/3059 2702/2956/3058
f 2700/2954/3056 2707/2968/3070 2699/2955/3057
f 2699/2955/3057 2714/2969/3071 2706/2958/3060
f 2711/2970/3072 2702/2956/3058 2703/2961/3063
f 2717/2971/3073 2708/2962/3064 2709/2972/3074
f 2714/2969/3071 2721/2973/3075 2713/2963/3065
f 2712/2965/3067 2719/2974/3076 2711/2970/3072
f 2718/2975/3077 2709/2972/3074 2710/2967/3069
f 2716/2976/3078 2707/2968/3070 2708/2962/3064
f 2707/2968/3070 2722/2977/3079 2714/2969/3071
f 2719/2974/3076 2710/2967/3069 2711/2970/3072
f 2715/2978/3080 2730/2979/3081 2722/2977/3079
f 2727/2980/3082 2718/2975/3077 2719/2974/3076
f 2725/2981/3083 2716/2976/3078 2717/2971/3073
f 2722/2977/3079 2729/2982/3084 2721/2973/3075
f 2728/2983/3085 2719/2974/3076 2720/2984/3086
f 2726/2985/3087 2717/2971/3073 2718/2975/3077
f 2724/2986/3088 2715/2978/3080 2716/2976/3078
f 2646/2894/3003 2725/2981/3083 2726/2985/3087
f 2724/2986/3088 2643/2895/3004 2723/2987/3089
f 2723/2987/3089 2650/2897/3006 2730/2979/3081
f 2647/2898/3007 2726/2985/3087 2727/2980/3082
f 2645/2899/3008 2724/2986/3088 2725/2981/3083
f 2730/2979/3081 2649/2900/3009 2729/2982/3084
f 2648/2901/3010 2727/2980/3082 2728/2983/3085
f 2737/2988/3090 2750/2989/3091 2754/2990/3092
f 2751/2991/3093 2734/2992/3094 2731/2993/3095
f 2736/2994/3096 2755/2995/3097 2732/2996/3098
f 2753/2997/3099 2736/2994/3096 2735/2998/3100
f 2733/2999/3101 2753/2997/3099 2735/2998/3100
f 2732/2996/3098 2751/3000/3093 2731/3001/3095
f 2735/2998/3102 2738/3002/3103 2733/2999/3104
f 2735/2998/3102 2740/3003/3105 2739/3004/3106
f 2732/2996/3107 2740/3003/3105 2736/2994/3108
f 2732/2996/3107 2742/3005/3109 2741/3006/3110
f 2734/2992/3111 2742/3007/3109 2731/2993/3112
f 2734/2992/3111 2738/3002/3103 2743/3008/3113
f 2740/3003/3105 2744/3009/3114 2739/3004/3106
f 2738/3002/3103 2744/3009/3114 2745/3010/3115
f 2738/3002/3103 2746/3011/3116 2743/3008/3113
f 2743/3008/3113 2747/3012/3117 2742/3007/3109
f 2741/3006/3110 2747/3013/3117 2748/3014/3118
f 2740/3003/3105 2748/3014/3118 2749/3015/3119
f 2752/3016/3120 2753/2997/3099 2737/2988/3090
f 2754/2990/3092 2733/2999/3101 2734/2992/3094
f 2753/2997/3099 2750/2989/3091 2737/2988/3090
f 2754/2990/3092 2751/2991/3093 2737/2988/3090
f 2751/3000/3093 2755/2995/3097 2737/2988/3090
f 2755/2995/3097 2752/3016/3120 2737/2988/3090
f 2762/3017/3121 2775/3018/3122 2779/3019/3123
f 2776/3020/3124 2759/3021/3125 2756/3022/3126
f 2777/3023/3127 2757/3024/3128 2761/3025/3129
f 2778/3026/3130 2761/3025/3129 2760/3027/3131
f 2758/3028/3132 2778/3026/3130 2760/3027/3131
f 2757/3024/3128 2776/3029/3124 2756/3030/3126
f 2758/3028/3133 2764/3031/3134 2763/3032/3135
f 2761/3025/3136 2764/3031/3134 2760/3027/3137
f 2761/3025/3136 2766/3033/3138 2765/3034/3139
f 2756/3030/3140 2766/3033/3138 2757/3024/3141
f 2756/3022/3140 2768/3035/3142 2767/3036/3143
f 2758/3028/3133 2768/3035/3142 2759/3021/3144
f 2764/3031/3134 2774/3037/3145 2769/3038/3146
f 2764/3031/3134 2770/3039/3147 2763/3032/3135
f 2768/3035/3142 2770/3039/3147 2771/3040/3148
f 2768/3035/3142 2772/3041/3149 2767/3036/3143
f 2766/3033/3138 2772/3042/3149 2773/3043/3150
f 2766/3033/3138 2774/3037/3145 2765/3034/3139
f 2777/3023/3127 2778/3026/3130 2762/3017/3121
f 2775/3018/3122 2759/3021/3125 2779/3019/3123
f 2778/3026/3130 2775/3018/3122 2762/3017/3121
f 2779/3019/3123 2776/3020/3124 2762/3017/3121
f 2776/3029/3124 2780/3044/3151 2762/3017/3121
f 2780/3044/3151 2777/3023/3127 2762/3017/3121
f 2787/3045/3152 2800/3046/3153 2804/3047/3154
f 2801/3048/3155 2784/3049/3156 2781/3050/3157
f 2786/3051/3158 2805/3052/3159 2782/3053/3160
f 2803/3054/3161 2786/3051/3158 2785/3055/3162
f 2783/3056/3163 2803/3054/3161 2785/3055/3162
f 2782/3053/3160 2801/3057/3155 2781/3058/3157
f 2785/3055/3164 2788/3059/3165 2783/3056/3166
f 2785/3055/3164 2790/3060/3167 2789/3061/3168
f 2782/3053/3169 2790/3060/3167 2786/3051/3170
f 2782/3053/3169 2792/3062/3171 2791/3063/3172
f 2784/3049/3173 2792/3064/3171 2781/3050/3174
f 2784/3049/3173 2788/3059/3165 2793/3065/3175
f 2789/3061/3168 2799/3066/3176 2794/3067/3177
f 2789/3061/3168 2795/3068/3178 2788/3059/3165
f 2793/3065/3175 2795/3068/3178 2796/3069/3179
f 2792/3064/3171 2796/3069/3179 2797/3070/3180
f 2792/3062/3171 2798/3071/3181 2791/3063/3172
f 2791/3063/3172 2799/3066/3176 2790/3060/3167
f 2802/3072/3182 2803/3054/3161 2787/3045/3152
f 2804/3047/3154 2783/3056/3163 2784/3049/3156
f 2803/3054/3161 2800/3046/3153 2787/3045/3152
f 2804/3047/3154 2801/3048/3155 2787/3045/3152
f 2801/3057/3155 2805/3052/3159 2787/3045/3152
f 2805/3052/3159 2802/3072/3182 2787/3045/3152
f 2812/3073/3183 2825/3074/3184 2829/3075/3185
f 2826/3076/3186 2809/3077/3187 2806/3078/3188
f 2811/3079/3189 2830/3080/3190 2807/3081/3191
f 2828/3082/3192 2811/3079/3189 2810/3083/3193
f 2808/3084/3194 2828/3082/3192 2810/3083/3193
f 2807/3081/3191 2826/3085/3186 2806/3086/3188
f 2810/3083/3195 2813/3087/3196 2808/3084/3197
f 2810/3083/3195 2815/3088/3198 2814/3089/3199
f 2807/3081/3200 2815/3088/3198 2811/3079/3201
f 2807/3081/3200 2817/3090/3202 2816/3091/3203
f 2809/3077/3204 2817/3092/3202 2806/3078/3205
f 2809/3077/3204 2813/3087/3196 2818/3093/3206
f 2814/3089/3199 2824/3094/3207 2819/3095/3208
f 2814/3089/3199 2820/3096/3209 2813/3087/3196
f 2818/3093/3206 2820/3096/3209 2821/3097/3210
f 2818/3093/3206 2822/3098/3211 2817/3092/3202
f 2816/3091/3203 2822/3099/3211 2823/3100/3212
f 2816/3091/3203 2824/3094/3207 2815/3088/3198
f 2827/3101/3213 2828/3082/3192 2812/3073/3183
f 2829/3075/3185 2808/3084/3194 2809/3077/3187
f 2828/3082/3192 2825/3074/3184 2812/3073/3183
f 2829/3075/3185 2826/3076/3186 2812/3073/3183
f 2826/3085/3186 2830/3080/3190 2812/3073/3183
f 2830/3080/3190 2827/3101/3213 2812/3073/3183
f 2799/3102/3214 2831/3103/3215 2794/3104/3216
f 2795/3105/3217 2833/3106/3218 2796/3107/3219
f 2798/3108/3220 2834/3109/3221 2835/3110/3222
f 2795/3105/3217 2831/3111/3215 2832/3112/3223
f 2799/3102/3214 2835/3110/3222 2836/3113/3224
f 2797/3114/3225 2833/3106/3218 2834/3115/3221
f 2820/3116/3226 2838/3117/3227 2821/3118/3228
f 2822/3119/3229 2840/3120/3230 2823/3121/3231
f 2819/3122/3232 2837/3123/3233 2820/3116/3226
f 2824/3124/3234 2840/3120/3230 2841/3125/3235
f 2822/3126/3229 2838/3117/3227 2839/3127/3236
f 2819/3128/3232 2841/3125/3235 2834/3109/3221
f 2773/3129/3237 2846/3130/3238 2774/3131/3239
f 2771/3132/3240 2831/3111/3215 2772/3133/3241
f 2774/3131/3239 2842/3134/3242 2769/3135/3243
f 2771/3132/3240 2843/3136/3244 2844/3137/3245
f 2773/3129/3237 2831/3103/3215 2845/3138/3246
f 2770/3139/3247 2842/3140/3242 2843/3136/3244
f 2748/3141/3248 2851/3142/3249 2749/3143/3250
f 2747/3144/3251 2849/3145/3252 2842/3140/3242
f 2749/3143/3250 2847/3146/3253 2744/3147/3254
f 2746/3148/3255 2848/3149/3256 2849/3145/3252
f 2747/3150/3251 2850/3151/3257 2748/3141/3248
f 2745/3152/3258 2847/3153/3253 2848/3149/3256
f 2858/3154/3259 2871/3155/3260 2875/3156/3261
f 2852/3157/3262 2875/3156/3261 2855/3158/3263
f 2857/3159/3264 2876/3160/3265 2853/3161/3266
f 2856/3162/3267 2873/3163/3268 2857/3159/3264
f 2871/3155/3260 2856/3162/3267 2854/3164/3269
f 2876/3160/3265 2852/3165/3262 2853/3161/3266
f 2854/3164/3270 2860/3166/3271 2859/3167/3272
f 2857/3159/3273 2860/3166/3271 2856/3162/3274
f 2857/3159/3273 2862/3168/3275 2861/3169/3276
f 2853/3161/3277 2863/3170/3278 2862/3168/3275
f 2855/3158/3279 2863/3171/3278 2852/3157/3280
f 2854/3164/3270 2864/3172/3281 2855/3158/3279
f 2861/3169/3276 2865/3173/3282 2860/3166/3271
f 2859/3167/3272 2865/3173/3282 2866/3174/3283
f 2859/3167/3272 2867/3175/3284 2864/3172/3281
f 2864/3172/3281 2868/3176/3285 2863/3171/3278
f 2862/3168/3275 2868/3177/3285 2869/3178/3286
f 2862/3168/3275 2870/3179/3287 2861/3169/3276
f 2873/3163/3268 2874/3180/3288 2858/3154/3259
f 2871/3155/3260 2855/3158/3263 2875/3156/3261
f 2874/3180/3288 2871/3155/3260 2858/3154/3259
f 2875/3156/3261 2872/3181/3289 2858/3154/3259
f 2872/3182/3289 2876/3160/3265 2858/3154/3259
f 2876/3160/3265 2873/3163/3268 2858/3154/3259
f 2883/3183/3290 2896/3184/3291 2900/3185/3292
f 2877/3186/3293 2900/3185/3292 2880/3187/3294
f 2898/3188/3295 2878/3189/3296 2882/3190/3297
f 2881/3191/3298 2898/3188/3295 2882/3190/3297
f 2896/3184/3291 2881/3191/3298 2879/3192/3299
f 2901/3193/3300 2877/3194/3293 2878/3189/3296
f 2879/3192/3301 2885/3195/3302 2884/3196/3303
f 2882/3190/3304 2885/3195/3302 2881/3191/3305
f 2882/3190/3304 2887/3197/3306 2886/3198/3307
f 2878/3189/3308 2888/3199/3309 2887/3197/3306
f 2880/3187/3310 2888/3200/3309 2877/3186/3311
f 2880/3187/3310 2884/3196/3303 2889/3201/3312
f 2886/3198/3307 2890/3202/3313 2885/3195/3302
f 2884/3196/3303 2890/3202/3313 2891/3203/3314
f 2884/3196/3303 2892/3204/3315 2889/3201/3312
f 2889/3201/3312 2893/3205/3316 2888/3200/3309
f 2887/3197/3306 2893/3206/3316 2894/3207/3317
f 2886/3198/3307 2894/3207/3317 2895/3208/3318
f 2898/3188/3295 2899/3209/3319 2883/3183/3290
f 2896/3184/3291 2880/3187/3294 2900/3185/3292
f 2899/3209/3319 2896/3184/3291 2883/3183/3290
f 2900/3185/3292 2897/3210/3320 2883/3183/3290
f 2897/3211/3320 2901/3193/3300 2883/3183/3290
f 2901/3193/3300 2898/3188/3295 2883/3183/3290
f 2908/3212/3321 2921/3213/3322 2925/3214/3323
f 2902/3215/3324 2925/3214/3323 2905/3216/3325
f 2923/3217/3326 2903/3218/3327 2907/3219/3328
f 2906/3220/3329 2923/3217/3326 2907/3219/3328
f 2921/3213/3322 2906/3220/3329 2904/3221/3330
f 2926/3222/3331 2902/3223/3324 2903/3218/3327
f 2904/3221/3332 2910/3224/3333 2909/3225/3334
f 2907/3219/3335 2910/3224/3333 2906/3220/3336
f 2907/3219/3335 2912/3226/3337 2911/3227/3338
f 2903/3218/3339 2913/3228/3340 2912/3226/3337
f 2905/3216/3341 2913/3229/3340 2902/3215/3342
f 2905/3216/3341 2909/3225/3334 2914/3230/3343
f 2911/3227/3338 2915/3231/3344 2910/3224/3333
f 2909/3225/3334 2915/3231/3344 2916/3232/3345
f 2909/3225/3334 2917/3233/3346 2914/3230/3343
f 2914/3230/3343 2918/3234/3347 2913/3229/3340
f 2912/3226/3337 2918/3235/3347 2919/3236/3348
f 2911/3227/3338 2919/3236/3348 2920/3237/3349
f 2923/3217/3326 2924/3238/3350 2908/3212/3321
f 2921/3213/3322 2905/3216/3325 2925/3214/3323
f 2924/3238/3350 2921/3213/3322 2908/3212/3321
f 2925/3214/3323 2922/3239/3351 2908/3212/3321
f 2922/3240/3351 2926/3222/3331 2908/3212/3321
f 2926/3222/3331 2923/3217/3326 2908/3212/3321
f 2890/3241/3352 2609/2867/3353 2891/3242/3354
f 2895/3243/3355 2849/3145/3252 2848/3149/3256
f 2892/3244/3356 2929/3245/3357 2893/3246/3358
f 2890/3241/3352 2848/3149/3256 2927/3247/3359
f 2891/3242/3354 2928/3248/3360 2892/3244/3356
f 2894/3249/3361 2929/3245/3357 2849/3145/3252
f 2920/3250/3362 2933/3251/3363 2929/3245/3357
f 2917/3252/3364 2932/3253/3365 2918/3254/3366
f 2920/3250/3362 2928/3248/3360 2915/3255/3367
f 2917/3252/3364 2930/3256/3368 2931/3257/3369
f 2919/3258/3370 2932/3253/3365 2933/3251/3363
f 2916/3259/3371 2928/3248/3360 2930/3256/3368
f 2866/3260/3372 2935/3261/3373 2867/3262/3374
f 2868/3263/3375 2937/3264/3376 2869/3265/3377
f 2865/3266/3378 2934/3267/3379 2866/3260/3372
f 2869/3265/3377 2932/3253/3365 2870/3268/3380
f 2867/3262/3374 2936/3269/3381 2868/3263/3375
f 2870/3268/3380 2931/3257/3369 2865/3266/3378
f 2944/3270/3382 2961/3271/3383 2957/3272/3384
f 2941/3273/3385 2958/3274/3386 2938/3275/3387
f 2939/3276/3388 2959/3277/3389 2943/3278/3390
f 2943/3278/3390 2960/3279/3391 2942/3280/3392
f 2940/3281/3393 2960/3279/3391 2957/3272/3384
f 2939/3276/3388 2958/3282/3386 2962/3283/3394
f 2940/3281/3395 2946/3284/3396 2942/3280/3397
f 2946/3284/3396 2943/3278/3398 2942/3280/3397
f 2943/3278/3398 2948/3285/3399 2939/3276/3400
f 2939/3276/3400 2949/3286/3401 2938/3287/3402
f 2949/3288/3401 2941/3273/3403 2938/3275/3402
f 2941/3273/3403 2945/3289/3404 2940/3281/3395
f 2951/3290/3405 2947/3291/3406 2946/3284/3396
f 2945/3289/3404 2951/3290/3405 2946/3284/3396
f 2950/3292/3407 2952/3293/3408 2945/3289/3404
f 2954/3294/3409 2950/3292/3407 2949/3288/3401
f 2948/3285/3399 2954/3295/3409 2949/3286/3401
f 2947/3291/3406 2955/3296/3410 2948/3285/3399
f 2959/3277/3389 2944/3270/3382 2960/3279/3391
f 2961/3271/3383 2940/3281/3393 2957/3272/3384
f 2960/3279/3391 2944/3270/3382 2957/3272/3384
f 2961/3271/3383 2944/3270/3382 2958/3274/3386
f 2958/3282/3386 2944/3270/3382 2962/3283/3394
f 2962/3283/3394 2944/3270/3382 2959/3277/3389
f 2969/3297/3411 2986/3298/3412 2982/3299/3413
f 2966/3300/3414 2983/3301/3415 2963/3302/3416
f 2968/3303/3417 2987/3304/3418 2984/3305/3419
f 2968/3303/3417 2985/3306/3420 2967/3307/3421
f 2967/3307/3421 2982/3299/3413 2965/3308/3422
f 2964/3309/3423 2983/3310/3415 2987/3304/3418
f 2965/3308/3424 2971/3311/3425 2967/3307/3426
f 2971/3311/3425 2968/3303/3427 2967/3307/3426
f 2972/3312/3428 2964/3309/3429 2968/3303/3427
f 2964/3309/3429 2974/3313/3430 2963/3314/3431
f 2974/3315/3430 2966/3300/3432 2963/3302/3431
f 2975/3316/3433 2965/3308/3424 2966/3300/3432
f 2976/3317/3434 2972/3312/3428 2971/3311/3425
f 2970/3318/3435 2976/3317/3434 2971/3311/3425
f 2975/3316/3433 2977/3319/3436 2970/3318/3435
f 2979/3320/3437 2975/3316/3433 2974/3315/3430
f 2973/3321/3438 2979/3322/3437 2974/3313/3430
f 2981/3323/3439 2973/3321/3438 2972/3312/3428
f 2984/3305/3419 2969/3297/3411 2985/3306/3420
f 2986/3298/3412 2965/3308/3422 2982/3299/3413
f 2985/3306/3420 2969/3297/3411 2982/3299/3413
f 2986/3298/3412 2969/3297/3411 2983/3301/3415
f 2983/3310/3415 2969/3297/3411 2987/3304/3418
f 2987/3304/3418 2969/3297/3411 2984/3305/3419
f 2994/3324/3440 3011/3325/3441 3007/3326/3442
f 2991/3327/3443 3008/3328/3444 2988/3329/3445
f 2993/3330/3446 3012/3331/3447 3009/3332/3448
f 2993/3330/3446 3010/3333/3449 2992/3334/3450
f 2990/3335/3451 3010/3333/3449 3007/3326/3442
f 2989/3336/3452 3008/3337/3444 3012/3331/3447
f 2990/3335/3453 2996/3338/3454 2992/3334/3455
f 2996/3338/3454 2993/3330/3456 2992/3334/3455
f 2997/3339/3457 2989/3336/3458 2993/3330/3456
f 2989/3336/3458 2999/3340/3459 2988/3341/3460
f 2999/3342/3459 2991/3327/3461 2988/3329/3460
f 3000/3343/3462 2990/3335/3453 2991/3327/3461
f 3001/3344/3463 2997/3339/3457 2996/3338/3454
f 2995/3345/3464 3001/3344/3463 2996/3338/3454
f 3000/3343/3462 3002/3346/3465 2995/3345/3464
f 3004/3347/3466 3000/3343/3462 2999/3342/3459
f 2998/3348/3467 3004/3349/3466 2999/3340/3459
f 3006/3350/3468 2998/3348/3467 2997/3339/3457
f 3009/3332/3448 2994/3324/3440 3010/3333/3449
f 3011/3325/3441 2990/3335/3451 3007/3326/3442
f 3010/3333/3449 2994/3324/3440 3007/3326/3442
f 3011/3325/3441 2994/3324/3440 3008/3328/3444
f 3008/3337/3444 2994/3324/3440 3012/3331/3447
f 3012/3331/3447 2994/3324/3440 3009/3332/3448
f 2697/2959/3469 2976/3351/3470 2977/3352/3471
f 2981/3353/3472 2850/3151/3257 2980/3354/3473
f 3015/3355/3474 2978/3356/3475 2979/3357/3476
f 2976/3351/3470 2851/3142/3249 2981/3353/3472
f 3014/3358/3477 2977/3352/3471 2978/3356/3475
f 2980/3354/3473 3015/3355/3474 2979/3357/3476
f 3006/3359/3478 3019/3360/3479 3005/3361/3480
f 3018/3362/3481 3003/3363/3482 3004/3364/3483
f 3014/3358/3477 3006/3359/3478 3001/3365/3484
f 3003/3363/3482 3016/3366/3485 3002/3367/3486
f 3005/3361/3480 3018/3362/3481 3004/3364/3483
f 3002/3367/3486 3014/3358/3477 3001/3365/3484
f 3021/3368/3487 2952/3369/3488 2953/3370/3489
f 2955/3371/3490 3022/3372/3491 2954/3373/3492
f 3020/3374/3493 2951/3375/3494 2952/3369/3488
f 3018/3362/3481 2955/3371/3490 2956/3376/3495
f 3022/3372/3491 2953/3370/3489 2954/3373/3492
f 3017/3377/3496 2956/3376/3495 2951/3375/3494
f 2842/3134/3242 2846/3130/3238 2850/3151/3257
f 2850/3151/3257 2846/3130/3238 3015/3355/3474
f 2845/3138/3246 3015/3355/3474 2846/3130/3238
f 2842/3140/3242 2849/3145/3252 2843/3136/3244
f 2849/3145/3252 2929/3245/3357 2843/3136/3244
f 2929/3245/3357 2844/3137/3245 2843/3136/3244
f 2836/3113/3224 3018/3362/3481 3019/3360/3479
f 2832/3112/3223 2932/3253/3365 2833/3106/3218
f 2932/3253/3365 2937/3264/3376 2833/3106/3218
f 3018/3362/3481 2835/3110/3222 3023/3378/3497
f 2835/3110/3222 2834/3109/3221 3023/3378/3497
f 2833/3106/3218 2937/3264/3376 2834/3115/3221
f 2609/2867/3353 2927/3247/3359 2617/3379/3498
f 2927/3247/3359 2625/2872/3499 2617/3379/3498
f 2641/3380/3500 2927/3247/3359 2848/3149/3256
f 2641/3380/3500 2847/3153/3253 2649/3381/3501
f 2729/3382/3502 2847/3146/3253 2851/3142/3249
f 2729/3382/3502 3013/3383/3503 2721/3384/3504
f 2713/2963/3505 3013/3383/3503 2705/2964/3506
f 3013/3383/3503 2697/2959/3469 2705/2964/3506
f 2589/2829/3507 2839/3127/3236 2838/3117/3227
f 2839/3385/3236 2679/2923/3508 2840/3120/3230
f 2837/3123/3233 2834/3115/3221 2937/3264/3376
f 2834/3109/3221 2841/3125/3235 3023/3378/3497
f 2841/3125/3235 3022/3372/3491 3023/3378/3497
f 2837/3123/3233 2936/3269/3381 2838/3117/3227
f 2832/3112/3223 2831/3111/3215 2844/3137/3245
f 2836/3113/3224 3019/3360/3479 2845/3138/3246
f 2933/3251/3363 2832/3112/3223 2844/3137/3245
f 2831/3103/3215 2836/3113/3224 2845/3138/3246
f 2678/2924/3509 3025/3386/3510 2679/2923/3508
f 3021/3368/3487 3025/3386/3510 2678/2924/3509
f 2588/2828/3511 2589/2829/3507 3024/3387/3512
f 2935/3261/3373 2588/2828/3511 3024/3387/3512
f 3024/3387/3512 2936/3269/3381 2935/3261/3373
f 3024/3387/3512 2838/3117/3227 2936/3269/3381
f 3025/3386/3510 3021/3368/3487 3022/3372/3491
f 3025/3386/3510 2840/3120/3230 2679/2923/3508
f 2928/3248/3360 2601/2857/3513 2930/3256/3368
f 2561/2846/3514 3027/3388/3515 2930/3256/3368
f 2931/3257/3369 3027/3388/3515 2934/3267/3379
f 2561/2846/3514 2587/2818/3516 2934/3267/3379
f 2587/2818/3516 2935/3261/3373 2934/3267/3379
f 3014/3358/3477 2689/2950/3517 2697/2959/3469
f 2689/2950/3517 3016/3366/3485 2657/2915/3518
f 3017/3377/3496 3020/3374/3493 3026/3389/3519
f 2601/2857/3513 2561/2846/3514 2930/3256/3368
f 3016/3366/3485 3026/3389/3519 2657/2915/3518
f 3020/3374/3493 2677/2913/3520 2657/2915/3518
f 3021/3368/3487 2678/2924/3509 2677/2913/3520
f 3026/3389/3519 3016/3366/3485 3017/3377/3496
f 3026/3389/3519 3020/3374/3493 2657/2915/3518
f 2930/3256/3368 3027/3388/3515 2931/3257/3369
f 2934/3267/3379 3027/3388/3515 2561/2846/3514
f 2555/2807/2916 2556/2851/2960 2567/2808/2917
f 2567/2808/2917 2556/2851/2960 2557/2810/2919
f 2571/2811/2920 2557/2810/2919 2558/2812/2921
f 2575/2813/2922 2558/2812/2921 2559/2814/2923
f 2579/2815/2924 2559/2814/2923 2560/2816/2925
f 2587/2818/2927 2561/2846/2955 2562/2819/2928
f 2562/2819/2928 2555/2807/2916 2566/2809/2918
f 2594/2821/2930 2593/2824/2933 2564/2822/2931
f 2593/2824/2933 2592/2826/2935 2565/2825/2934
f 2591/2820/2929 2566/2809/2918 2565/2825/2934
f 2590/2827/2936 2589/2829/2938 2593/2824/2933
f 2588/2828/2937 2592/2826/2935 2593/2824/2933
f 2587/2818/2927 2591/2820/2929 2592/2826/2935
f 2582/2830/2939 2581/2834/2943 2585/2831/2940
f 2580/2833/2942 2584/2835/2944 2585/2831/2940
f 2580/2833/2942 2579/2815/2924 2583/2817/2926
f 2578/2836/2945 2577/2838/2947 2581/2834/2943
f 2576/2837/2946 2580/2833/2942 2581/2834/2943
f 2576/2837/2946 2575/2813/2922 2579/2815/2924
f 2574/2839/2948 2573/2841/2950 2577/2838/2947
f 2572/2840/2949 2576/2837/2946 2577/2838/2947
f 2572/2840/2949 2571/2811/2920 2575/2813/2922
f 2570/2842/2951 2569/2844/2953 2573/2841/2950
f 2568/2843/2952 2572/2840/2949 2573/2841/2950
f 2568/2843/2952 2567/2808/2917 2571/2811/2920
f 2563/2823/2932 2564/2822/2931 2569/2844/2953
f 2564/2822/2931 2565/2825/2934 2568/2843/2952
f 2565/2825/2934 2566/2809/2918 2567/2808/2917
f 2562/2819/2928 2602/2847/2956 2595/2845/2954
f 2561/2846/2955 2601/2857/2966 2602/2847/2956
f 2559/2814/2923 2599/2853/2962 2600/2848/2957
f 2558/2812/2921 2557/2810/2919 2597/2849/2958
f 2556/2851/2960 2555/2807/2916 2595/2845/2954
f 2558/2812/2921 2598/2850/2959 2599/2853/2962
f 2557/2810/2919 2556/2851/2960 2596/2852/2961
f 2599/2853/2962 2598/2850/2959 2606/2854/2963
f 2596/2852/2961 2604/2860/2969 2605/2856/2965
f 2601/2857/2966 2609/2867/2976 2610/2858/2967
f 2600/2848/2957 2599/2853/2962 2607/2855/2964
f 2598/2850/2959 2597/2849/2958 2605/2856/2965
f 2595/2845/2954 2603/2861/2970 2604/2860/2969
f 2602/2847/2956 2610/2858/2967 2603/2861/2970
f 2603/2861/2970 2611/2863/2972 2612/2862/2971
f 2610/2858/2967 2618/2868/2977 2611/2863/2972
f 2607/2855/2964 2606/2854/2963 2614/2864/2973
f 2604/2860/2969 2612/2862/2971 2613/2866/2975
f 2609/2867/2976 2617/3379/3534 2618/2868/2977
f 2608/2859/2968 2607/2855/2964 2615/2865/2974
f 2606/2854/2963 2605/2856/2965 2613/2866/2975
f 2613/2866/2975 2612/2862/2971 2620/2870/2979
f 2618/2868/2977 2617/3379/3534 2625/2872/2981
f 2615/2865/2974 2623/2877/2986 2624/2874/2983
f 2613/2866/2975 2621/2871/2980 2622/2875/2984
f 2612/2862/2971 2611/2863/2972 2619/2876/2985
f 2611/2863/2972 2618/2868/2977 2626/2873/2982
f 2614/2864/2973 2622/2875/2984 2623/2877/2986
f 2620/2870/2979 2628/2884/2993 2629/2878/2987
f 2626/2873/2982 2625/2872/2981 2633/2879/2988
f 2624/2874/2983 2623/2877/2986 2631/2881/2990
f 2621/2871/2980 2629/2878/2987 2630/2883/2992
f 2619/2876/2985 2627/2885/2994 2628/2884/2993
f 2619/2876/2985 2626/2873/2982 2634/2880/2989
f 2622/2875/2984 2630/2883/2992 2631/2881/2990
f 2627/2885/2994 2634/2880/2989 2642/2886/2995
f 2630/2883/2992 2638/2892/3001 2639/2888/2997
f 2628/2884/2993 2636/2893/3002 2637/2889/2998
f 2634/2880/2989 2633/2879/2988 2641/2890/2999
f 2631/2881/2990 2639/2888/2997 2640/2891/3000
f 2629/2878/2987 2637/2889/2998 2638/2892/3001
f 2627/2885/2994 2635/2887/2996 2636/2893/3002
f 2637/2889/2998 2645/2899/3008 2646/2894/3003
f 2636/2893/3002 2635/2887/2996 2643/2895/3004
f 2635/2887/2996 2642/2886/2995 2650/2897/3006
f 2638/2892/3001 2646/2894/3003 2647/2898/3007
f 2636/2893/3002 2644/2896/3005 2645/2899/3008
f 2642/2886/2995 2641/2890/2999 2649/2900/3009
f 2639/2888/2997 2647/2898/3007 2648/2901/3010
f 2662/2902/3011 2652/2906/3015 2651/2903/3012
f 2662/2902/3011 2665/2907/3016 2653/2905/3014
f 2665/2907/3016 2668/2909/3018 2654/2908/3017
f 2668/2909/3018 2671/2911/3020 2655/2910/3019
f 2671/2911/3020 2674/2929/3035 2656/2912/3021
f 2677/2913/3022 2680/2916/3025 2658/2914/3023
f 2661/2904/3013 2651/2903/3012 2658/2914/3023
f 2594/2917/2930 2563/2939/2932 2659/2918/3026
f 2682/2919/3027 2659/2918/3026 2660/2920/3028
f 2660/2920/3028 2661/2904/3013 2680/2916/3025
f 2590/2922/2936 2594/2917/2930 2682/2919/3027
f 2682/2919/3027 2681/2921/3029 2678/2924/3031
f 2681/2921/3029 2680/2916/3025 2677/2913/3022
f 2582/2925/2939 2586/3433/2941 2676/2926/3032
f 2676/2926/3032 2675/3434/3535 2672/2928/3034
f 2672/2928/3034 2675/3434/3535 2674/2929/3035
f 2578/2930/2945 2582/2925/2939 2673/2927/3033
f 2673/2927/3033 2672/2928/3034 2669/2932/3037
f 2669/2932/3037 2672/2928/3034 2671/2911/3020
f 2574/2933/2948 2578/2930/2945 2670/2931/3036
f 2670/2931/3036 2669/2932/3037 2666/2935/3039
f 2666/2935/3039 2669/2932/3037 2668/2909/3018
f 2570/2936/2951 2574/2933/2948 2667/2934/3038
f 2664/2937/3040 2667/2934/3038 2666/2935/3039
f 2663/2938/3041 2666/2935/3039 2665/2907/3016
f 2563/2939/2932 2570/2936/2951 2664/2937/3040
f 2659/2918/3026 2664/2937/3040 2663/2938/3041
f 2660/2920/3028 2663/2938/3041 2662/2902/3011
f 2683/2940/3042 2690/2941/3043 2658/2914/3023
f 2690/2941/3043 2689/2950/3052 2657/2915/3024
f 2688/2942/3044 2687/2944/3046 2655/2910/3019
f 2654/2908/3017 2686/2947/3049 2685/2943/3045
f 2652/2906/3015 2684/2945/3047 2683/2940/3042
f 2687/2944/3046 2686/2947/3049 2654/2908/3017
f 2653/2905/3014 2685/2943/3045 2684/2945/3047
f 2687/2944/3046 2695/2951/3053 2694/2946/3048
f 2693/2948/3050 2692/2952/3054 2684/2945/3047
f 2698/2949/3051 2697/2959/3061 2689/2950/3052
f 2688/2942/3044 2696/2960/3062 2695/2951/3053
f 2686/2947/3049 2694/2946/3048 2693/2948/3050
f 2692/2952/3054 2691/2953/3055 2683/2940/3042
f 2691/2953/3055 2698/2949/3051 2690/2941/3043
f 2700/2954/3056 2699/2955/3057 2691/2953/3055
f 2699/2955/3057 2706/2958/3060 2698/2949/3051
f 2695/2951/3053 2703/2961/3063 2702/2956/3058
f 2701/2957/3059 2700/2954/3056 2692/2952/3054
f 2706/2958/3060 2705/2964/3066 2697/2959/3061
f 2696/2960/3062 2704/2966/3068 2703/2961/3063
f 2694/2946/3048 2702/2956/3058 2701/2957/3059
f 2701/2957/3059 2709/2972/3074 2708/2962/3064
f 2706/2958/3060 2714/2969/3071 2713/2963/3065
f 2712/2965/3067 2711/2970/3072 2703/2961/3063
f 2710/2967/3069 2709/2972/3074 2701/2957/3059
f 2700/2954/3056 2708/2962/3064 2707/2968/3070
f 2699/2955/3057 2707/2968/3070 2714/2969/3071
f 2711/2970/3072 2710/2967/3069 2702/2956/3058
f 2717/2971/3073 2716/2976/3078 2708/2962/3064
f 2714/2969/3071 2722/2977/3079 2721/2973/3075
f 2712/2965/3067 2720/2984/3086 2719/2974/3076
f 2718/2975/3077 2717/2971/3073 2709/2972/3074
f 2716/2976/3078 2715/2978/3080 2707/2968/3070
f 2707/2968/3070 2715/2978/3080 2722/2977/3079
f 2719/2974/3076 2718/2975/3077 2710/2967/3069
f 2715/2978/3080 2723/2987/3089 2730/2979/3081
f 2727/2980/3082 2726/2985/3087 2718/2975/3077
f 2725/2981/3083 2724/2986/3088 2716/2976/3078
f 2722/2977/3079 2730/2979/3081 2729/2982/3084
f 2728/2983/3085 2727/2980/3082 2719/2974/3076
f 2726/2985/3087 2725/2981/3083 2717/2971/3073
f 2724/2986/3088 2723/2987/3089 2715/2978/3080
f 2646/2894/3003 2645/2899/3008 2725/2981/3083
f 2724/2986/3088 2644/2896/3005 2643/2895/3004
f 2723/2987/3089 2643/2895/3004 2650/2897/3006
f 2647/2898/3007 2646/2894/3003 2726/2985/3087
f 2645/2899/3008 2644/2896/3005 2724/2986/3088
f 2730/2979/3081 2650/2897/3006 2649/2900/3009
f 2648/2901/3010 2647/2898/3007 2727/2980/3082
f 2751/2991/3093 2754/2990/3092 2734/2992/3094
f 2736/2994/3096 2752/3016/3120 2755/2995/3097
f 2753/2997/3099 2752/3016/3120 2736/2994/3096
f 2733/2999/3101 2750/2989/3091 2753/2997/3099
f 2732/2996/3098 2755/2995/3097 2751/3000/3093
f 2735/2998/3102 2739/3004/3106 2738/3002/3103
f 2735/2998/3102 2736/2994/3108 2740/3003/3105
f 2732/2996/3107 2741/3006/3110 2740/3003/3105
f 2732/2996/3107 2731/3001/3112 2742/3005/3109
f 2734/2992/3111 2743/3008/3113 2742/3007/3109
f 2734/2992/3111 2733/2999/3104 2738/3002/3103
f 2740/3003/3105 2749/3015/3119 2744/3009/3114
f 2738/3002/3103 2739/3004/3106 2744/3009/3114
f 2738/3002/3103 2745/3010/3115 2746/3011/3116
f 2743/3008/3113 2746/3011/3116 2747/3012/3117
f 2741/3006/3110 2742/3005/3109 2747/3013/3117
f 2740/3003/3105 2741/3006/3110 2748/3014/3118
f 2754/2990/3092 2750/2989/3091 2733/2999/3101
f 2776/3020/3124 2779/3019/3123 2759/3021/3125
f 2777/3023/3127 2780/3044/3151 2757/3024/3128
f 2778/3026/3130 2777/3023/3127 2761/3025/3129
f 2758/3028/3132 2775/3018/3122 2778/3026/3130
f 2757/3024/3128 2780/3044/3151 2776/3029/3124
f 2758/3028/3133 2760/3027/3137 2764/3031/3134
f 2761/3025/3136 2765/3034/3139 2764/3031/3134
f 2761/3025/3136 2757/3024/3141 2766/3033/3138
f 2756/3030/3140 2767/3435/3143 2766/3033/3138
f 2756/3022/3140 2759/3021/3144 2768/3035/3142
f 2758/3028/3133 2763/3032/3135 2768/3035/3142
f 2764/3031/3134 2765/3034/3139 2774/3037/3145
f 2764/3031/3134 2769/3038/3146 2770/3039/3147
f 2768/3035/3142 2763/3032/3135 2770/3039/3147
f 2768/3035/3142 2771/3040/3148 2772/3041/3149
f 2766/3033/3138 2767/3435/3143 2772/3042/3149
f 2766/3033/3138 2773/3043/3150 2774/3037/3145
f 2775/3018/3122 2758/3028/3132 2759/3021/3125
f 2801/3048/3155 2804/3047/3154 2784/3049/3156
f 2786/3051/3158 2802/3072/3182 2805/3052/3159
f 2803/3054/3161 2802/3072/3182 2786/3051/3158
f 2783/3056/3163 2800/3046/3153 2803/3054/3161
f 2782/3053/3160 2805/3052/3159 2801/3057/3155
f 2785/3055/3164 2789/3061/3168 2788/3059/3165
f 2785/3055/3164 2786/3051/3170 2790/3060/3167
f 2782/3053/3169 2791/3063/3172 2790/3060/3167
f 2782/3053/3169 2781/3058/3174 2792/3062/3171
f 2784/3049/3173 2793/3065/3175 2792/3064/3171
f 2784/3049/3173 2783/3056/3166 2788/3059/3165
f 2789/3061/3168 2790/3060/3167 2799/3066/3176
f 2789/3061/3168 2794/3067/3177 2795/3068/3178
f 2793/3065/3175 2788/3059/3165 2795/3068/3178
f 2792/3064/3171 2793/3065/3175 2796/3069/3179
f 2792/3062/3171 2797/3436/3180 2798/3071/3181
f 2791/3063/3172 2798/3071/3181 2799/3066/3176
f 2804/3047/3154 2800/3046/3153 2783/3056/3163
f 2826/3076/3186 2829/3075/3185 2809/3077/3187
f 2811/3079/3189 2827/3101/3213 2830/3080/3190
f 2828/3082/3192 2827/3101/3213 2811/3079/3189
f 2808/3084/3194 2825/3074/3184 2828/3082/3192
f 2807/3081/3191 2830/3080/3190 2826/3085/3186
f 2810/3083/3195 2814/3089/3199 2813/3087/3196
f 2810/3083/3195 2811/3079/3201 2815/3088/3198
f 2807/3081/3200 2816/3091/3203 2815/3088/3198
f 2807/3081/3200 2806/3086/3205 2817/3090/3202
f 2809/3077/3204 2818/3093/3206 2817/3092/3202
f 2809/3077/3204 2808/3084/3197 2813/3087/3196
f 2814/3089/3199 2815/3088/3198 2824/3094/3207
f 2814/3089/3199 2819/3095/3208 2820/3096/3209
f 2818/3093/3206 2813/3087/3196 2820/3096/3209
f 2818/3093/3206 2821/3097/3210 2822/3098/3211
f 2816/3091/3203 2817/3090/3202 2822/3099/3211
f 2816/3091/3203 2823/3100/3212 2824/3094/3207
f 2829/3075/3185 2825/3074/3184 2808/3084/3194
f 2799/3102/3214 2836/3113/3224 2831/3103/3215
f 2795/3105/3217 2832/3112/3223 2833/3106/3218
f 2798/3108/3220 2797/3437/3225 2834/3109/3221
f 2795/3105/3217 2794/3438/3216 2831/3111/3215
f 2799/3102/3214 2798/3108/3220 2835/3110/3222
f 2797/3114/3225 2796/3107/3219 2833/3106/3218
f 2820/3116/3226 2837/3123/3233 2838/3117/3227
f 2822/3119/3229 2839/3385/3236 2840/3120/3230
f 2819/3122/3232 2834/3115/3221 2837/3123/3233
f 2824/3124/3234 2823/3121/3231 2840/3120/3230
f 2822/3126/3229 2821/3118/3228 2838/3117/3227
f 2819/3128/3232 2824/3124/3234 2841/3125/3235
f 2773/3129/3237 2845/3138/3246 2846/3130/3238
f 2771/3132/3240 2844/3137/3245 2831/3111/3215
f 2774/3131/3239 2846/3130/3238 2842/3134/3242
f 2771/3132/3240 2770/3139/3247 2843/3136/3244
f 2773/3129/3237 2772/3439/3241 2831/3103/3215
f 2770/3139/3247 2769/3440/3243 2842/3140/3242
f 2748/3141/3248 2850/3151/3257 2851/3142/3249
f 2747/3144/3251 2746/3148/3255 2849/3145/3252
f 2749/3143/3250 2851/3142/3249 2847/3146/3253
f 2746/3148/3255 2745/3152/3258 2848/3149/3256
f 2747/3150/3251 2842/3134/3242 2850/3151/3257
f 2745/3152/3258 2744/3441/3254 2847/3153/3253
f 2852/3157/3262 2872/3181/3289 2875/3156/3261
f 2857/3159/3264 2873/3163/3268 2876/3160/3265
f 2856/3162/3267 2874/3180/3288 2873/3163/3268
f 2871/3155/3260 2874/3180/3288 2856/3162/3267
f 2876/3160/3265 2872/3182/3289 2852/3165/3262
f 2854/3164/3270 2856/3162/3274 2860/3166/3271
f 2857/3159/3273 2861/3169/3276 2860/3166/3271
f 2857/3159/3273 2853/3161/3277 2862/3168/3275
f 2853/3161/3277 2852/3165/3280 2863/3170/3278
f 2855/3158/3279 2864/3172/3281 2863/3171/3278
f 2854/3164/3270 2859/3167/3272 2864/3172/3281
f 2861/3169/3276 2870/3179/3287 2865/3173/3282
f 2859/3167/3272 2860/3166/3271 2865/3173/3282
f 2859/3167/3272 2866/3174/3283 2867/3175/3284
f 2864/3172/3281 2867/3175/3284 2868/3176/3285
f 2862/3168/3275 2863/3170/3278 2868/3177/3285
f 2862/3168/3275 2869/3178/3286 2870/3179/3287
f 2871/3155/3260 2854/3164/3269 2855/3158/3263
f 2877/3186/3293 2897/3210/3320 2900/3185/3292
f 2898/3188/3295 2901/3193/3300 2878/3189/3296
f 2881/3191/3298 2899/3209/3319 2898/3188/3295
f 2896/3184/3291 2899/3209/3319 2881/3191/3298
f 2901/3193/3300 2897/3211/3320 2877/3194/3293
f 2879/3192/3301 2881/3191/3305 2885/3195/3302
f 2882/3190/3304 2886/3198/3307 2885/3195/3302
f 2882/3190/3304 2878/3189/3308 2887/3197/3306
f 2878/3189/3308 2877/3194/3311 2888/3199/3309
f 2880/3187/3310 2889/3201/3312 2888/3200/3309
f 2880/3187/3310 2879/3192/3301 2884/3196/3303
f 2886/3198/3307 2895/3208/3318 2890/3202/3313
f 2884/3196/3303 2885/3195/3302 2890/3202/3313
f 2884/3196/3303 2891/3203/3314 2892/3204/3315
f 2889/3201/3312 2892/3204/3315 2893/3205/3316
f 2887/3197/3306 2888/3199/3309 2893/3206/3316
f 2886/3198/3307 2887/3197/3306 2894/3207/3317
f 2896/3184/3291 2879/3192/3299 2880/3187/3294
f 2902/3215/3324 2922/3239/3351 2925/3214/3323
f 2923/3217/3326 2926/3222/3331 2903/3218/3327
f 2906/3220/3329 2924/3238/3350 2923/3217/3326
f 2921/3213/3322 2924/3238/3350 2906/3220/3329
f 2926/3222/3331 2922/3240/3351 2902/3223/3324
f 2904/3221/3332 2906/3220/3336 2910/3224/3333
f 2907/3219/3335 2911/3227/3338 2910/3224/3333
f 2907/3219/3335 2903/3218/3339 2912/3226/3337
f 2903/3218/3339 2902/3223/3342 2913/3228/3340
f 2905/3216/3341 2914/3230/3343 2913/3229/3340
f 2905/3216/3341 2904/3221/3332 2909/3225/3334
f 2911/3227/3338 2920/3237/3349 2915/3231/3344
f 2909/3225/3334 2910/3224/3333 2915/3231/3344
f 2909/3225/3334 2916/3232/3345 2917/3233/3346
f 2914/3230/3343 2917/3233/3346 2918/3234/3347
f 2912/3226/3337 2913/3228/3340 2918/3235/3347
f 2911/3227/3338 2912/3226/3337 2919/3236/3348
f 2921/3213/3322 2904/3221/3330 2905/3216/3325
f 2890/3241/3352 2927/3247/3359 2609/2867/3353
f 2895/3243/3355 2894/3249/3361 2849/3145/3252
f 2892/3244/3356 2928/3248/3360 2929/3245/3357
f 2890/3241/3352 2895/3243/3355 2848/3149/3256
f 2891/3242/3354 2609/2867/3353 2928/3248/3360
f 2894/3249/3361 2893/3246/3358 2929/3245/3357
f 2920/3250/3362 2919/3258/3370 2933/3251/3363
f 2917/3252/3364 2931/3257/3369 2932/3253/3365
f 2920/3250/3362 2929/3245/3357 2928/3248/3360
f 2917/3252/3364 2916/3259/3371 2930/3256/3368
f 2919/3258/3370 2918/3254/3366 2932/3253/3365
f 2916/3259/3371 2915/3255/3367 2928/3248/3360
f 2866/3260/3372 2934/3267/3379 2935/3261/3373
f 2868/3263/3375 2936/3269/3381 2937/3264/3376
f 2865/3266/3378 2931/3257/3369 2934/3267/3379
f 2869/3265/3377 2937/3264/3376 2932/3253/3365
f 2867/3262/3374 2935/3261/3373 2936/3269/3381
f 2870/3268/3380 2932/3253/3365 2931/3257/3369
f 2941/3273/3385 2961/3271/3383 2958/3274/3386
f 2939/3276/3388 2962/3283/3394 2959/3277/3389
f 2943/3278/3390 2959/3277/3389 2960/3279/3391
f 2940/3281/3393 2942/3280/3392 2960/3279/3391
f 2939/3276/3388 2938/3287/3387 2958/3282/3386
f 2940/3281/3395 2945/3289/3404 2946/3284/3396
f 2946/3284/3396 2947/3291/3406 2943/3278/3398
f 2943/3278/3398 2947/3291/3406 2948/3285/3399
f 2939/3276/3400 2948/3285/3399 2949/3286/3401
f 2949/3288/3401 2950/3292/3407 2941/3273/3403
f 2941/3273/3403 2950/3292/3407 2945/3289/3404
f 2951/3290/3405 2956/3442/3536 2947/3291/3406
f 2945/3289/3404 2952/3293/3408 2951/3290/3405
f 2950/3292/3407 2953/3443/3537 2952/3293/3408
f 2954/3294/3409 2953/3443/3537 2950/3292/3407
f 2948/3285/3399 2955/3296/3410 2954/3295/3409
f 2947/3291/3406 2956/3442/3536 2955/3296/3410
f 2961/3271/3383 2941/3273/3385 2940/3281/3393
f 2966/3300/3414 2986/3298/3412 2983/3301/3415
f 2968/3303/3417 2964/3309/3423 2987/3304/3418
f 2968/3303/3417 2984/3305/3419 2985/3306/3420
f 2967/3307/3421 2985/3306/3420 2982/3299/3413
f 2964/3309/3423 2963/3314/3416 2983/3310/3415
f 2965/3308/3424 2970/3318/3435 2971/3311/3425
f 2971/3311/3425 2972/3312/3428 2968/3303/3427
f 2972/3312/3428 2973/3321/3438 2964/3309/3429
f 2964/3309/3429 2973/3321/3438 2974/3313/3430
f 2974/3315/3430 2975/3316/3433 2966/3300/3432
f 2975/3316/3433 2970/3318/3435 2965/3308/3424
f 2976/3317/3434 2981/3323/3439 2972/3312/3428
f 2970/3318/3435 2977/3319/3436 2976/3317/3434
f 2975/3316/3433 2978/3444/3538 2977/3319/3436
f 2979/3320/3437 2978/3444/3538 2975/3316/3433
f 2973/3321/3438 2980/3445/3539 2979/3322/3437
f 2981/3323/3439 2980/3445/3539 2973/3321/3438
f 2986/3298/3412 2966/3300/3414 2965/3308/3422
f 2991/3327/3443 3011/3325/3441 3008/3328/3444
f 2993/3330/3446 2989/3336/3452 3012/3331/3447
f 2993/3330/3446 3009/3332/3448 3010/3333/3449
f 2990/3335/3451 2992/3334/3450 3010/3333/3449
f 2989/3336/3452 2988/3341/3445 3008/3337/3444
f 2990/3335/3453 2995/3345/3464 2996/3338/3454
f 2996/3338/3454 2997/3339/3457 2993/3330/3456
f 2997/3339/3457 2998/3348/3467 2989/3336/3458
f 2989/3336/3458 2998/3348/3467 2999/3340/3459
f 2999/3342/3459 3000/3343/3462 2991/3327/3461
f 3000/3343/3462 2995/3345/3464 2990/3335/3453
f 3001/3344/3463 3006/3350/3468 2997/3339/3457
f 2995/3345/3464 3002/3346/3465 3001/3344/3463
f 3000/3343/3462 3003/3446/3540 3002/3346/3465
f 3004/3347/3466 3003/3446/3540 3000/3343/3462
f 2998/3348/3467 3005/3447/3541 3004/3349/3466
f 3006/3350/3468 3005/3447/3541 2998/3348/3467
f 3011/3325/3441 2991/3327/3443 2990/3335/3451
f 2697/2959/3469 3013/3383/3503 2976/3351/3470
f 2981/3353/3472 2851/3142/3249 2850/3151/3257
f 3015/3355/3474 3014/3358/3477 2978/3356/3475
f 2976/3351/3470 3013/3383/3503 2851/3142/3249
f 3014/3358/3477 2697/2959/3469 2977/3352/3471
f 2980/3354/3473 2850/3151/3257 3015/3355/3474
f 3006/3359/3478 3015/3355/3474 3019/3360/3479
f 3018/3362/3481 3017/3377/3496 3003/3363/3482
f 3014/3358/3477 3015/3355/3474 3006/3359/3478
f 3003/3363/3482 3017/3377/3496 3016/3366/3485
f 3005/3361/3480 3019/3360/3479 3018/3362/3481
f 3002/3367/3486 3016/3366/3485 3014/3358/3477
f 3021/3368/3487 3020/3374/3493 2952/3369/3488
f 2955/3371/3490 3023/3378/3497 3022/3372/3491
f 3020/3374/3493 3017/3377/3496 2951/3375/3494
f 3018/3362/3481 3023/3378/3497 2955/3371/3490
f 3022/3372/3491 3021/3368/3487 2953/3370/3489
f 3017/3377/3496 3018/3362/3481 2956/3376/3495
f 2845/3138/3246 3019/3360/3479 3015/3355/3474
f 2929/3245/3357 2933/3251/3363 2844/3137/3245
f 2836/3113/3224 2835/3110/3222 3018/3362/3481
f 2832/3112/3223 2933/3251/3363 2932/3253/3365
f 2927/3247/3359 2633/3448/3542 2625/2872/3499
f 2641/3380/3500 2633/3448/3542 2927/3247/3359
f 2641/3380/3500 2848/3149/3256 2847/3153/3253
f 2729/3382/3502 2649/3449/3501 2847/3146/3253
f 2729/3382/3502 2851/3142/3249 3013/3383/3503
f 2713/2963/3505 2721/3384/3504 3013/3383/3503
f 2589/2829/3507 2590/2827/3543 2839/3127/3236
f 2839/3385/3236 2590/2922/3543 2679/2923/3508
f 2841/3125/3235 2840/3120/3230 3022/3372/3491
f 2837/3123/3233 2937/3264/3376 2936/3269/3381
f 3024/3387/3512 2589/2829/3507 2838/3117/3227
f 3025/3386/3510 3022/3372/3491 2840/3120/3230
f 2928/3248/3360 2609/2867/3353 2601/2857/3513
f 2587/2818/3516 2588/2828/3511 2935/3261/3373
f 3014/3358/3477 3016/3366/3485 2689/2950/3517
f 3020/3374/3493 3021/3368/3487 2677/2913/3520
